ISO-10303-21;
HEADER;
FILE_DESCRIPTION((''),'1');
FILE_NAME('outfile.stp','2026-06-02T20:58:36',(''),(''),'','','');
FILE_SCHEMA(('CONFIG_CONTROL_DESIGN'));
ENDSEC;
DATA;
#1=CALENDAR_DATE(2000,1,1);
#2=COORDINATED_UNIVERSAL_TIME_OFFSET(0,0,.BEHIND.);
#3=LOCAL_TIME(12,0,0.,#2);
#4=DATE_AND_TIME(#1,#3);
#5=DIMENSIONAL_EXPONENTS(0.,0.,0.,0.,0.,0.,0.);
#6=(
LENGTH_UNIT()
NAMED_UNIT(*)
SI_UNIT(.MILLI.,.METRE.)
);
#7=UNCERTAINTY_MEASURE_WITH_UNIT(LENGTH_MEASURE(1.E-06),#6,'closure','Threshold below which geometry imperfections (such as overlaps) are not considered errors.');
#8=(
NAMED_UNIT(*)
PLANE_ANGLE_UNIT()
SI_UNIT($,.RADIAN.)
);
#9=PLANE_ANGLE_MEASURE_WITH_UNIT(PLANE_ANGLE_MEASURE(0.0174532925199433),#8);
#10=(
CONVERSION_BASED_UNIT('DEGREES',#9)
NAMED_UNIT(#5)
PLANE_ANGLE_UNIT()
);
#11=(
NAMED_UNIT(*)
SI_UNIT($,.STERADIAN.)
SOLID_ANGLE_UNIT()
);
#12=(
GEOMETRIC_REPRESENTATION_CONTEXT(3)
GLOBAL_UNCERTAINTY_ASSIGNED_CONTEXT((#7))
GLOBAL_UNIT_ASSIGNED_CONTEXT((#6,#10,#11))
REPRESENTATION_CONTEXT('STANDARD','3D')
);
#13=CARTESIAN_POINT('',(0.,0.,0.));
#14=DIRECTION('',(0.,0.,1.));
#15=DIRECTION('',(1.,0.,0.));
#16=AXIS2_PLACEMENT_3D('',#13,#14,#15);
#17=APPLICATION_CONTEXT('configuration controlled 3d designs of mechanical parts and assemblies');
#18=MECHANICAL_CONTEXT('',#17,'mechanical');
#19=APPLICATION_PROTOCOL_DEFINITION('international standard','config_control_design',1994,#17);
#20=DESIGN_CONTEXT('',#17,'design');
#21=PRODUCT('','prodname','',(#18));
#22=PRODUCT_RELATED_PRODUCT_CATEGORY('assembly','',(#21));
#23=PRODUCT_DEFINITION_FORMATION_WITH_SPECIFIED_SOURCE('','',#21,.MADE.);
#24=PRODUCT_DEFINITION('','',#23,#20);
#25=PRODUCT_DEFINITION_SHAPE('','ProductShapeDescription',#24);
#26=SHAPE_REPRESENTATION('',(#16),#12);
#27=SHAPE_DEFINITION_REPRESENTATION(#25,#26);
#28=PERSON('','Doe','John',$,$,$);
#29=ORGANIZATION('','','');
#30=PERSON_AND_ORGANIZATION(#28,#29);
#31=PERSON_AND_ORGANIZATION_ROLE('creator');
#32=PERSON_AND_ORGANIZATION_ROLE('design_owner');
#33=PERSON_AND_ORGANIZATION_ROLE('design_supplier');
#34=APPROVAL_STATUS('approved');
#35=APPROVAL(#34,'');
#36=APPROVAL_DATE_TIME(#4,#35);
#37=APPROVAL_ROLE('approver');
#38=APPROVAL_PERSON_ORGANIZATION(#30,#35,#37);
#39=SECURITY_CLASSIFICATION_LEVEL('unclassified');
#40=SECURITY_CLASSIFICATION('','',#39);
#41=CC_DESIGN_SECURITY_CLASSIFICATION(#40,(#23));
#42=PERSON_AND_ORGANIZATION_ROLE('classification_officer');
#43=CC_DESIGN_PERSON_AND_ORGANIZATION_ASSIGNMENT(#30,#42,(#40));
#44=DATE_TIME_ROLE('classification_date');
#45=CC_DESIGN_DATE_AND_TIME_ASSIGNMENT(#4,#44,(#40));
#46=CC_DESIGN_APPROVAL(#35,(#24,#23,#40));
#47=CC_DESIGN_PERSON_AND_ORGANIZATION_ASSIGNMENT(#30,#31,(#24,#23));
#48=CC_DESIGN_PERSON_AND_ORGANIZATION_ASSIGNMENT(#30,#33,(#23));
#49=DATE_TIME_ROLE('creation_date');
#50=CC_DESIGN_DATE_AND_TIME_ASSIGNMENT(#4,#49,(#24));
#51=CC_DESIGN_PERSON_AND_ORGANIZATION_ASSIGNMENT(#30,#32,(#21));
#52=CARTESIAN_POINT('',(24.7567719738703,16.8452380953302,1.9672131147541));
#53=VERTEX_POINT('',#52);
#54=CARTESIAN_POINT('',(23.4567719738703,16.8452380953302,1.9672131147541));
#55=VERTEX_POINT('',#54);
#56=B_SPLINE_CURVE_WITH_KNOTS('Curve_76',1,(#57, #58, #59, #60, #61, #62, #63, #64, #65, #66, #67, #68, #69, #70, #71, #72, #73),.POLYLINE_FORM.,.F.,.F.,(2,1,1,1,1,1,1,1,1,1,1,1,1,1,1,1,2),(0.,1.,2.,3.,4.,5.,6.,7.,8.,9.,10.,11.,12.,13.,14.,15.,16.),.UNIFORM_KNOTS.);
#57=CARTESIAN_POINT('',(24.7567719738703,16.8452380953302,1.9672131147541));
#58=CARTESIAN_POINT('',(24.6748566283081,16.8452380953302,1.9672131147541));
#59=CARTESIAN_POINT('',(24.5928777640157,16.8452380953302,1.9672131147541));
#60=CARTESIAN_POINT('',(24.5108424285435,16.8452380953302,1.9672131147541));
#61=CARTESIAN_POINT('',(24.4287539876977,16.8452380953302,1.9672131147541));
#62=CARTESIAN_POINT('',(24.3466142830806,16.8452380953302,1.9672131147541));
#63=CARTESIAN_POINT('',(24.2644229864622,16.8452380953302,1.9672131147541));
#64=CARTESIAN_POINT('',(24.1821791097406,16.8452380953302,1.9672131147541));
#65=CARTESIAN_POINT('',(24.0998818557912,16.8452380953302,1.9672131147541));
#66=CARTESIAN_POINT('',(24.0175318308095,16.8452380953302,1.9672131147541));
#67=CARTESIAN_POINT('',(23.9351342614771,16.8452380953302,1.9672131147541));
#68=CARTESIAN_POINT('',(23.8527034581904,16.8452380953302,1.9672131147541));
#69=CARTESIAN_POINT('',(23.7702720248444,16.8452380953302,1.9672131147541));
#70=CARTESIAN_POINT('',(23.6879139575754,16.8452380953302,1.9672131147541));
#71=CARTESIAN_POINT('',(23.6058128552368,16.8452380953302,1.9672131147541));
#72=CARTESIAN_POINT('',(23.5246119992397,16.8452380953302,1.9672131147541));
#73=CARTESIAN_POINT('',(23.4567719738703,16.8452380953302,1.9672131147541));
#74=EDGE_CURVE('Edge_76',#53,#55,#56,.T.);
#75=CARTESIAN_POINT('',(23.4567719738703,16.8452380953302,1.9672131147541));
#76=VERTEX_POINT('',#75);
#77=CARTESIAN_POINT('',(24.7567719738703,16.8452380953302,1.9672131147541));
#78=VERTEX_POINT('',#77);
#79=B_SPLINE_CURVE_WITH_KNOTS('Curve_77',1,(#80, #81, #82, #83, #84, #85, #86, #87, #88, #89, #90, #91, #92, #93, #94, #95, #96, #97, #98, #99, #100, #101, #102, #103, #104, #105, #106, #107, #108, #109, #110, #111, #112, #113, #114, #115, #116, #117, #118, #119, #120, #121, #122, #123, #124, #125, #126, #127, #128, #129, #130, #131, #132, #133, #134, #135, #136, #137, #138, #139, #140, #141, #142, #143, #144, #145, #146, #147, #148, #149, #150, #151, #152, #153, #154, #155, #156, #157, #158, #159, #160, #161, #162, #163, #164, #165, #166, #167, #168, #169, #170, #171, #172, #173, #174, #175, #176, #177, #178, #179, #180, #181, #182, #183, #184, #185, #186, #187, #188, #189, #190, #191, #192, #193, #194, #195, #196, #197, #198, #199, #200, #201, #202, #203, #204, #205, #206, #207, #208, #209, #210),.POLYLINE_FORM.,.F.,.F.,(2,1,1,1,1,1,1,1,1,1,1,1,1,1,1,1,1,1,1,1,1,1,1,1,1,1,1,1,1,1,1,1,1,1,1,1,1,1,1,1,1,1,1,1,1,1,1,1,1,1,1,1,1,1,1,1,1,1,1,1,1,1,1,1,1,1,1,1,1,1,1,1,1,1,1,1,1,1,1,1,1,1,1,1,1,1,1,1,1,1,1,1,1,1,1,1,1,1,1,1,1,1,1,1,1,1,1,1,1,1,1,1,1,1,1,1,1,1,1,1,1,1,1,1,1,1,1,1,1,1,2),(0.,1.,2.,3.,4.,5.,6.,7.,8.,9.,10.,11.,12.,13.,14.,15.,16.,17.,18.,19.,20.,21.,22.,23.,24.,25.,26.,27.,28.,29.,30.,31.,32.,33.,34.,35.,36.,37.,38.,39.,40.,41.,42.,43.,44.,45.,46.,47.,48.,49.,50.,51.,52.,53.,54.,55.,56.,57.,58.,59.,60.,61.,62.,63.,64.,65.,66.,67.,68.,69.,70.,71.,72.,73.,74.,75.,76.,77.,78.,79.,80.,81.,82.,83.,84.,85.,86.,87.,88.,89.,90.,91.,92.,93.,94.,95.,96.,97.,98.,99.,100.,101.,102.,103.,104.,105.,106.,107.,108.,109.,110.,111.,112.,113.,114.,115.,116.,117.,118.,119.,120.,121.,122.,123.,124.,125.,126.,127.,128.,129.,130.),.UNIFORM_KNOTS.);
#80=CARTESIAN_POINT('',(23.4567719738703,16.8452380953302,1.9672131147541));
#81=CARTESIAN_POINT('',(23.4567728798745,16.8452380953302,1.96737379730614));
#82=CARTESIAN_POINT('',(23.4567755958983,16.8452380953302,1.9675345702428));
#83=CARTESIAN_POINT('',(23.4567801189585,16.8452380953302,1.96769540210225));
#84=CARTESIAN_POINT('',(23.4567864460721,16.8452380953302,1.9678562614227));
#85=CARTESIAN_POINT('',(23.4567945742559,16.8452380953302,1.96801711674232));
#86=CARTESIAN_POINT('',(23.4568045005268,16.8452380953302,1.96817793659933));
#87=CARTESIAN_POINT('',(23.4568162219016,16.8452380953302,1.9683386895319));
#88=CARTESIAN_POINT('',(23.4568297353972,16.8452380953302,1.96849934407822));
#89=CARTESIAN_POINT('',(23.4568450380305,16.8452380953302,1.9686598687765));
#90=CARTESIAN_POINT('',(23.4568621268183,16.8452380953302,1.96882023216491));
#91=CARTESIAN_POINT('',(23.4568809987775,16.8452380953302,1.96898040278166));
#92=CARTESIAN_POINT('',(23.456901650925,16.8452380953302,1.96914034916493));
#93=CARTESIAN_POINT('',(23.4569240802777,16.8452380953302,1.96930003985292));
#94=CARTESIAN_POINT('',(23.4569482838523,16.8452380953302,1.96945944338381));
#95=CARTESIAN_POINT('',(23.4569742586658,16.8452380953302,1.9696185282958));
#96=CARTESIAN_POINT('',(23.457002001735,16.8452380953302,1.96977726312707));
#97=CARTESIAN_POINT('',(23.4570315016726,16.8452380953302,1.96993563981149));
#98=CARTESIAN_POINT('',(23.4570627390029,16.8452380953302,1.9700936624464));
#99=CARTESIAN_POINT('',(23.4570956986106,16.8452380953302,1.97025131781525));
#100=CARTESIAN_POINT('',(23.4571303653802,16.8452380953302,1.97040859270149));
#101=CARTESIAN_POINT('',(23.4571667241964,16.8452380953302,1.97056547388858));
#102=CARTESIAN_POINT('',(23.4572047599438,16.8452380953302,1.97072194815995));
#103=CARTESIAN_POINT('',(23.457244457507,16.8452380953302,1.97087800229908));
#104=CARTESIAN_POINT('',(23.4572858017705,16.8452380953302,1.97103362308939));
#105=CARTESIAN_POINT('',(23.4573287776191,16.8452380953302,1.97118879731435));
#106=CARTESIAN_POINT('',(23.4573733699373,16.8452380953302,1.97134351175741));
#107=CARTESIAN_POINT('',(23.4574195636096,16.8452380953302,1.97149775320201));
#108=CARTESIAN_POINT('',(23.4574673435208,16.8452380953302,1.9716515084316));
#109=CARTESIAN_POINT('',(23.4575166945554,16.8452380953302,1.97180476422964));
#110=CARTESIAN_POINT('',(23.457567601598,16.8452380953302,1.97195750737958));
#111=CARTESIAN_POINT('',(23.4576200495333,16.8452380953302,1.97210972466486));
#112=CARTESIAN_POINT('',(23.4576740232457,16.8452380953302,1.97226140286893));
#113=CARTESIAN_POINT('',(23.4577864750151,16.8452380953302,1.97256305077916));
#114=CARTESIAN_POINT('',(23.4579048026822,16.8452380953302,1.97286236079484));
#115=CARTESIAN_POINT('',(23.4580288541612,16.8452380953302,1.97315930789121));
#116=CARTESIAN_POINT('',(23.4581584773664,16.8452380953302,1.97345386704349));
#117=CARTESIAN_POINT('',(23.4582935202123,16.8452380953302,1.97374601322691));
#118=CARTESIAN_POINT('',(23.4584338306129,16.8452380953302,1.97403572141671));
#119=CARTESIAN_POINT('',(23.4585792564826,16.8452380953302,1.97432296658812));
#120=CARTESIAN_POINT('',(23.4587296457357,16.8452380953302,1.97460772371636));
#121=CARTESIAN_POINT('',(23.4588848462865,16.8452380953302,1.97488996777667));
#122=CARTESIAN_POINT('',(23.4590447060493,16.8452380953302,1.97516967374428));
#123=CARTESIAN_POINT('',(23.4592090729382,16.8452380953302,1.97544681659442));
#124=CARTESIAN_POINT('',(23.4593777948677,16.8452380953302,1.97572137130233));
#125=CARTESIAN_POINT('',(23.459550719752,16.8452380953302,1.97599331284322));
#126=CARTESIAN_POINT('',(23.4597276955054,16.8452380953302,1.97626261619234));
#127=CARTESIAN_POINT('',(23.4599085700422,16.8452380953302,1.97652925632491));
#128=CARTESIAN_POINT('',(23.4600931912765,16.8452380953302,1.97679320821616));
#129=CARTESIAN_POINT('',(23.4602813961581,16.8452380953302,1.97705450440763));
#130=CARTESIAN_POINT('',(23.4604730593556,16.8452380953302,1.97731321295167));
#131=CARTESIAN_POINT('',(23.4606680853623,16.8452380953302,1.9775693620897));
#132=CARTESIAN_POINT('',(23.4608663786715,16.8452380953302,1.97782298006317));
#133=CARTESIAN_POINT('',(23.4610678437765,16.8452380953302,1.97807409511352));
#134=CARTESIAN_POINT('',(23.4612723851706,16.8452380953302,1.9783227354822));
#135=CARTESIAN_POINT('',(23.461479907347,16.8452380953302,1.97856892941063));
#136=CARTESIAN_POINT('',(23.461690314799,16.8452380953302,1.97881270514025));
#137=CARTESIAN_POINT('',(23.4619035120199,16.8452380953302,1.97905409091252));
#138=CARTESIAN_POINT('',(23.4621194035029,16.8452380953302,1.97929311496886));
#139=CARTESIAN_POINT('',(23.4623378937413,16.8452380953302,1.97952980555073));
#140=CARTESIAN_POINT('',(23.4625588872285,16.8452380953302,1.97976419089954));
#141=CARTESIAN_POINT('',(23.4630080019219,16.8452380953302,1.98022615886381));
#142=CARTESIAN_POINT('',(23.4634659835294,16.8452380953302,1.98067924479318));
#143=CARTESIAN_POINT('',(23.4639321195436,16.8452380953302,1.98112374395162));
#144=CARTESIAN_POINT('',(23.4644059251552,16.8452380953302,1.98155997391915));
#145=CARTESIAN_POINT('',(23.4648869778584,16.8452380953302,1.98198819410139));
#146=CARTESIAN_POINT('',(23.4653748551471,16.8452380953302,1.98240866390395));
#147=CARTESIAN_POINT('',(23.4658691345151,16.8452380953302,1.98282164273245));
#148=CARTESIAN_POINT('',(23.4663693934566,16.8452380953302,1.98322738999249));
#149=CARTESIAN_POINT('',(23.4668752094653,16.8452380953302,1.9836261650897));
#150=CARTESIAN_POINT('',(23.4673861600354,16.8452380953302,1.98401822742967));
#151=CARTESIAN_POINT('',(23.4679019936087,16.8452380953302,1.98440374831625));
#152=CARTESIAN_POINT('',(23.4684225802423,16.8452380953302,1.98478285914768));
#153=CARTESIAN_POINT('',(23.4689476798527,16.8452380953302,1.98515575947116));
#154=CARTESIAN_POINT('',(23.4694770523563,16.8452380953302,1.98552264883391));
#155=CARTESIAN_POINT('',(23.4700104576697,16.8452380953302,1.98588372678316));
#156=CARTESIAN_POINT('',(23.4705476557094,16.8452380953302,1.98623919286611));
#157=CARTESIAN_POINT('',(23.4710884063919,16.8452380953302,1.98658924663));
#158=CARTESIAN_POINT('',(23.4716324696336,16.8452380953302,1.98693408762203));
#159=CARTESIAN_POINT('',(23.4727297394983,16.8452380953302,1.98760888822439));
#160=CARTESIAN_POINT('',(23.4738383786873,16.8452380953302,1.98826474631956));
#161=CARTESIAN_POINT('',(23.4749574685535,16.8452380953302,1.98890265307068));
#162=CARTESIAN_POINT('',(23.4760860904502,16.8452380953302,1.98952359964094));
#163=CARTESIAN_POINT('',(23.4772232760875,16.8452380953302,1.99012860886332));
#164=CARTESIAN_POINT('',(23.4783683150406,16.8452380953302,1.99071851647657));
#165=CARTESIAN_POINT('',(23.47952067546,16.8452380953302,1.99129403300241));
#166=CARTESIAN_POINT('',(23.4806798254961,16.8452380953302,1.99185586896262));
#167=CARTESIAN_POINT('',(23.4830163670206,16.8452380953302,1.99294134127314));
#168=CARTESIAN_POINT('',(23.4853736848181,16.8452380953302,1.99398061758214));
#169=CARTESIAN_POINT('',(23.4877492641146,16.8452380953302,1.99497717290998));
#170=CARTESIAN_POINT('',(23.4901414304289,16.8452380953302,1.99593373063224));
#171=CARTESIAN_POINT('',(23.4925474748923,16.8452380953302,1.99685459668043));
#172=CARTESIAN_POINT('',(23.4949661124739,16.8452380953302,1.99774196632692));
#173=CARTESIAN_POINT('',(23.4973958667094,16.8452380953302,1.99859841924981));
#174=CARTESIAN_POINT('',(23.4998353500872,16.8452380953302,1.99942653361615));
#175=CARTESIAN_POINT('',(23.5022838374374,16.8452380953302,2.00022769787745));
#176=CARTESIAN_POINT('',(23.5047406035902,16.8452380953302,2.0010033004852));
#177=CARTESIAN_POINT('',(23.5096756582508,16.8452380953302,2.00248454079163));
#178=CARTESIAN_POINT('',(23.5146346421663,16.8452380953302,2.00388296163327));
#179=CARTESIAN_POINT('',(23.5196141537938,16.8452380953302,2.00520615454128));
#180=CARTESIAN_POINT('',(23.5246119992397,16.8452380953302,2.00645936825325));
#181=CARTESIAN_POINT('',(23.5296248327604,16.8452380953302,2.00765078581959));
#182=CARTESIAN_POINT('',(23.5346507354152,16.8452380953302,2.00878556305094));
#183=CARTESIAN_POINT('',(23.539688371767,16.8452380953302,2.0098674023698));
#184=CARTESIAN_POINT('',(23.5447364063785,16.8452380953302,2.01090000619868));
#185=CARTESIAN_POINT('',(23.554858163771,16.8452380953302,2.01283362342971));
#186=CARTESIAN_POINT('',(23.5650092162487,16.8452380953302,2.01460750278073));
#187=CARTESIAN_POINT('',(23.575184031724,16.8452380953302,2.01623990985307));
#188=CARTESIAN_POINT('',(23.5853780179462,16.8452380953302,2.01774693075804));
#189=CARTESIAN_POINT('',(23.5955887337491,16.8452380953302,2.01913757798772));
#190=CARTESIAN_POINT('',(23.6058128552368,16.8452380953302,2.02042474921125));
#191=CARTESIAN_POINT('',(23.6262947351071,16.8452380953302,2.02271598385392));
#192=CARTESIAN_POINT('',(23.6468109017758,16.8452380953302,2.02467665078714));
#193=CARTESIAN_POINT('',(23.6673526555211,16.8452380953302,2.02634751075689));
#194=CARTESIAN_POINT('',(23.6879139575754,16.8452380953302,2.02776008387992));
#195=CARTESIAN_POINT('',(23.7290762133458,16.8452380953302,2.02991591656276));
#196=CARTESIAN_POINT('',(23.7702720248444,16.8452380953302,2.03130493925166));
#197=CARTESIAN_POINT('',(23.8114845434669,16.8452380953302,2.03204533034814));
#198=CARTESIAN_POINT('',(23.8527034581904,16.8452380953302,2.03222589051925));
#199=CARTESIAN_POINT('',(23.8939215849609,16.8452380953302,2.03191888906093));
#200=CARTESIAN_POINT('',(23.9351342614771,16.8452380953302,2.0311825874573));
#201=CARTESIAN_POINT('',(24.0175318308095,16.8452380953302,2.02860206653602));
#202=CARTESIAN_POINT('',(24.0998818557912,16.8452380953302,2.02478917182677));
#203=CARTESIAN_POINT('',(24.1821791097406,16.8452380953302,2.01996939047123));
#204=CARTESIAN_POINT('',(24.2644229864622,16.8452380953302,2.01430641222317));
#205=CARTESIAN_POINT('',(24.3466142830806,16.8452380953302,2.00792750634147));
#206=CARTESIAN_POINT('',(24.4287539876977,16.8452380953302,2.00091353935022));
#207=CARTESIAN_POINT('',(24.5108424285435,16.8452380953302,1.99332374534793));
#208=CARTESIAN_POINT('',(24.5928777640157,16.8452380953302,1.98517988044816));
#209=CARTESIAN_POINT('',(24.6748566283081,16.8452380953302,1.97648576447373));
#210=CARTESIAN_POINT('',(24.7567719738703,16.8452380953302,1.9672131147541));
#211=EDGE_CURVE('Edge_77',#76,#78,#79,.T.);
#212=CARTESIAN_POINT('',(23.4567719738703,16.8452380953302,1.9672131147541));
#213=VERTEX_POINT('',#212);
#214=CARTESIAN_POINT('',(23.1719276354764,16.3095238096087,1.9672131147541));
#215=VERTEX_POINT('',#214);
#216=B_SPLINE_CURVE_WITH_KNOTS('Curve_78',1,(#217, #218, #219, #220, #221, #222, #223, #224, #225, #226, #227, #228, #229, #230, #231, #232, #233),.POLYLINE_FORM.,.F.,.F.,(2,1,1,1,1,1,1,1,1,1,1,1,1,1,1,1,2),(0.,1.,2.,3.,4.,5.,6.,7.,8.,9.,10.,11.,12.,13.,14.,15.,16.),.UNIFORM_KNOTS.);
#217=CARTESIAN_POINT('',(23.4567719738703,16.8452380953302,1.9672131147541));
#218=CARTESIAN_POINT('',(23.4389692027207,16.8117559524726,1.9672131147541));
#219=CARTESIAN_POINT('',(23.4211664315711,16.778273809615,1.9672131147541));
#220=CARTESIAN_POINT('',(23.4033636604214,16.7447916667574,1.9672131147541));
#221=CARTESIAN_POINT('',(23.3855608892718,16.7113095238998,1.9672131147541));
#222=CARTESIAN_POINT('',(23.3677581181222,16.6778273810422,1.9672131147541));
#223=CARTESIAN_POINT('',(23.3499553469726,16.6443452381846,1.9672131147541));
#224=CARTESIAN_POINT('',(23.332152575823,16.610863095327,1.9672131147541));
#225=CARTESIAN_POINT('',(23.3143498046734,16.5773809524694,1.9672131147541));
#226=CARTESIAN_POINT('',(23.2965470335237,16.5438988096119,1.9672131147541));
#227=CARTESIAN_POINT('',(23.2787442623741,16.5104166667543,1.9672131147541));
#228=CARTESIAN_POINT('',(23.2609414912245,16.4769345238967,1.9672131147541));
#229=CARTESIAN_POINT('',(23.2431387200749,16.4434523810391,1.9672131147541));
#230=CARTESIAN_POINT('',(23.2253359489253,16.4099702381815,1.9672131147541));
#231=CARTESIAN_POINT('',(23.2075331777756,16.3764880953239,1.9672131147541));
#232=CARTESIAN_POINT('',(23.189730406626,16.3430059524663,1.9672131147541));
#233=CARTESIAN_POINT('',(23.1719276354764,16.3095238096087,1.9672131147541));
#234=EDGE_CURVE('Edge_78',#213,#215,#216,.T.);
#235=CARTESIAN_POINT('',(24.7567719738703,16.8452380953302,1.9672131147541));
#236=VERTEX_POINT('',#235);
#237=CARTESIAN_POINT('',(23.4567719738703,16.8452380953302,1.9672131147541));
#238=VERTEX_POINT('',#237);
#239=B_SPLINE_CURVE_WITH_KNOTS('Curve_79',1,(#240, #241, #242, #243, #244, #245, #246, #247, #248, #249, #250, #251, #252, #253, #254, #255, #256, #257, #258, #259, #260, #261, #262, #263, #264, #265, #266, #267, #268, #269, #270, #271, #272, #273, #274, #275, #276, #277, #278, #279, #280, #281, #282, #283, #284, #285, #286, #287, #288, #289, #290, #291, #292, #293, #294, #295, #296, #297, #298, #299, #300, #301, #302, #303, #304, #305, #306, #307, #308, #309, #310, #311, #312, #313, #314, #315, #316, #317, #318, #319, #320, #321, #322, #323, #324, #325, #326, #327, #328, #329, #330, #331, #332, #333, #334, #335, #336, #337, #338, #339, #340, #341, #342, #343, #344, #345, #346, #347, #348, #349, #350, #351, #352, #353, #354, #355, #356, #357, #358, #359, #360, #361, #362, #363, #364, #365, #366, #367, #368, #369, #370),.POLYLINE_FORM.,.F.,.F.,(2,1,1,1,1,1,1,1,1,1,1,1,1,1,1,1,1,1,1,1,1,1,1,1,1,1,1,1,1,1,1,1,1,1,1,1,1,1,1,1,1,1,1,1,1,1,1,1,1,1,1,1,1,1,1,1,1,1,1,1,1,1,1,1,1,1,1,1,1,1,1,1,1,1,1,1,1,1,1,1,1,1,1,1,1,1,1,1,1,1,1,1,1,1,1,1,1,1,1,1,1,1,1,1,1,1,1,1,1,1,1,1,1,1,1,1,1,1,1,1,1,1,1,1,1,1,1,1,1,1,2),(0.,1.,2.,3.,4.,5.,6.,7.,8.,9.,10.,11.,12.,13.,14.,15.,16.,17.,18.,19.,20.,21.,22.,23.,24.,25.,26.,27.,28.,29.,30.,31.,32.,33.,34.,35.,36.,37.,38.,39.,40.,41.,42.,43.,44.,45.,46.,47.,48.,49.,50.,51.,52.,53.,54.,55.,56.,57.,58.,59.,60.,61.,62.,63.,64.,65.,66.,67.,68.,69.,70.,71.,72.,73.,74.,75.,76.,77.,78.,79.,80.,81.,82.,83.,84.,85.,86.,87.,88.,89.,90.,91.,92.,93.,94.,95.,96.,97.,98.,99.,100.,101.,102.,103.,104.,105.,106.,107.,108.,109.,110.,111.,112.,113.,114.,115.,116.,117.,118.,119.,120.,121.,122.,123.,124.,125.,126.,127.,128.,129.,130.),.UNIFORM_KNOTS.);
#240=CARTESIAN_POINT('',(24.7567719738703,16.8452380953302,1.9672131147541));
#241=CARTESIAN_POINT('',(24.6748566283081,16.8452380953302,1.95794046503447));
#242=CARTESIAN_POINT('',(24.5928777640157,16.8452380953302,1.94924634906004));
#243=CARTESIAN_POINT('',(24.5108424285435,16.8452380953302,1.94110248416027));
#244=CARTESIAN_POINT('',(24.4287539876977,16.8452380953302,1.93351269015798));
#245=CARTESIAN_POINT('',(24.3466142830806,16.8452380953302,1.92649872316673));
#246=CARTESIAN_POINT('',(24.2644229864622,16.8452380953302,1.92011981728503));
#247=CARTESIAN_POINT('',(24.1821791097406,16.8452380953302,1.91445683903697));
#248=CARTESIAN_POINT('',(24.0998818557912,16.8452380953302,1.90963705768143));
#249=CARTESIAN_POINT('',(24.0175318308095,16.8452380953302,1.90582416297218));
#250=CARTESIAN_POINT('',(23.9351342614771,16.8452380953302,1.9032436420509));
#251=CARTESIAN_POINT('',(23.8939215849609,16.8452380953302,1.90250734044727));
#252=CARTESIAN_POINT('',(23.8527034581904,16.8452380953302,1.90220033898895));
#253=CARTESIAN_POINT('',(23.8114845434669,16.8452380953302,1.90238089916006));
#254=CARTESIAN_POINT('',(23.7702720248444,16.8452380953302,1.90312129025654));
#255=CARTESIAN_POINT('',(23.7290762133458,16.8452380953302,1.90451031294543));
#256=CARTESIAN_POINT('',(23.6879139575754,16.8452380953302,1.90666614562828));
#257=CARTESIAN_POINT('',(23.6673526555211,16.8452380953302,1.90807871875131));
#258=CARTESIAN_POINT('',(23.6468109017758,16.8452380953302,1.90974957872105));
#259=CARTESIAN_POINT('',(23.6262947351071,16.8452380953302,1.91171024565428));
#260=CARTESIAN_POINT('',(23.6058128552368,16.8452380953302,1.91400148029695));
#261=CARTESIAN_POINT('',(23.5955887337491,16.8452380953302,1.91528865152047));
#262=CARTESIAN_POINT('',(23.5853780179462,16.8452380953302,1.91667929875016));
#263=CARTESIAN_POINT('',(23.575184031724,16.8452380953302,1.91818631965513));
#264=CARTESIAN_POINT('',(23.5650092162487,16.8452380953302,1.91981872672747));
#265=CARTESIAN_POINT('',(23.554858163771,16.8452380953302,1.92159260607849));
#266=CARTESIAN_POINT('',(23.5447364063785,16.8452380953302,1.92352622330952));
#267=CARTESIAN_POINT('',(23.539688371767,16.8452380953302,1.92455882713839));
#268=CARTESIAN_POINT('',(23.5346507354152,16.8452380953302,1.92564066645726));
#269=CARTESIAN_POINT('',(23.5296248327604,16.8452380953302,1.92677544368861));
#270=CARTESIAN_POINT('',(23.5246119992397,16.8452380953302,1.92796686125495));
#271=CARTESIAN_POINT('',(23.5196141537938,16.8452380953302,1.92922007496692));
#272=CARTESIAN_POINT('',(23.5146346421663,16.8452380953302,1.93054326787493));
#273=CARTESIAN_POINT('',(23.5096756582508,16.8452380953302,1.93194168871657));
#274=CARTESIAN_POINT('',(23.5047406035902,16.8452380953302,1.93342292902299));
#275=CARTESIAN_POINT('',(23.5022838374374,16.8452380953302,1.93419853163075));
#276=CARTESIAN_POINT('',(23.4998353500872,16.8452380953302,1.93499969589204));
#277=CARTESIAN_POINT('',(23.4973958667094,16.8452380953302,1.93582781025838));
#278=CARTESIAN_POINT('',(23.4949661124739,16.8452380953302,1.93668426318128));
#279=CARTESIAN_POINT('',(23.4925474748923,16.8452380953302,1.93757163282777));
#280=CARTESIAN_POINT('',(23.4901414304289,16.8452380953302,1.93849249887596));
#281=CARTESIAN_POINT('',(23.4877492641146,16.8452380953302,1.93944905659822));
#282=CARTESIAN_POINT('',(23.4853736848181,16.8452380953302,1.94044561192606));
#283=CARTESIAN_POINT('',(23.4830163670206,16.8452380953302,1.94148488823506));
#284=CARTESIAN_POINT('',(23.4806798254961,16.8452380953302,1.94257036054557));
#285=CARTESIAN_POINT('',(23.47952067546,16.8452380953302,1.94313219650578));
#286=CARTESIAN_POINT('',(23.4783683150406,16.8452380953302,1.94370771303163));
#287=CARTESIAN_POINT('',(23.4772232760875,16.8452380953302,1.94429762064487));
#288=CARTESIAN_POINT('',(23.4760860904502,16.8452380953302,1.94490262986726));
#289=CARTESIAN_POINT('',(23.4749574685535,16.8452380953302,1.94552357643751));
#290=CARTESIAN_POINT('',(23.4738383786873,16.8452380953302,1.94616148318864));
#291=CARTESIAN_POINT('',(23.4727297394983,16.8452380953302,1.94681734128381));
#292=CARTESIAN_POINT('',(23.4716324696336,16.8452380953302,1.94749214188617));
#293=CARTESIAN_POINT('',(23.4710884063919,16.8452380953302,1.9478369828782));
#294=CARTESIAN_POINT('',(23.4705476557094,16.8452380953302,1.94818703664208));
#295=CARTESIAN_POINT('',(23.4700104576697,16.8452380953302,1.94854250272504));
#296=CARTESIAN_POINT('',(23.4694770523563,16.8452380953302,1.94890358067429));
#297=CARTESIAN_POINT('',(23.4689476798527,16.8452380953302,1.94927047003704));
#298=CARTESIAN_POINT('',(23.4684225802423,16.8452380953302,1.94964337036052));
#299=CARTESIAN_POINT('',(23.4679019936087,16.8452380953302,1.95002248119194));
#300=CARTESIAN_POINT('',(23.4673861600354,16.8452380953302,1.95040800207853));
#301=CARTESIAN_POINT('',(23.4668752094653,16.8452380953302,1.9508000644185));
#302=CARTESIAN_POINT('',(23.4663693934566,16.8452380953302,1.95119883951571));
#303=CARTESIAN_POINT('',(23.4658691345151,16.8452380953302,1.95160458677575));
#304=CARTESIAN_POINT('',(23.4653748551471,16.8452380953302,1.95201756560424));
#305=CARTESIAN_POINT('',(23.4648869778584,16.8452380953302,1.95243803540681));
#306=CARTESIAN_POINT('',(23.4644059251552,16.8452380953302,1.95286625558905));
#307=CARTESIAN_POINT('',(23.4639321195435,16.8452380953302,1.95330248555658));
#308=CARTESIAN_POINT('',(23.4634659835294,16.8452380953302,1.95374698471502));
#309=CARTESIAN_POINT('',(23.4630080019219,16.8452380953302,1.95420007064439));
#310=CARTESIAN_POINT('',(23.4625588872285,16.8452380953302,1.95466203860865));
#311=CARTESIAN_POINT('',(23.4623378937413,16.8452380953302,1.95489642395747));
#312=CARTESIAN_POINT('',(23.4621194035029,16.8452380953302,1.95513311453933));
#313=CARTESIAN_POINT('',(23.4619035120199,16.8452380953302,1.95537213859568));
#314=CARTESIAN_POINT('',(23.461690314799,16.8452380953302,1.95561352436794));
#315=CARTESIAN_POINT('',(23.461479907347,16.8452380953302,1.95585730009757));
#316=CARTESIAN_POINT('',(23.4612723851706,16.8452380953302,1.956103494026));
#317=CARTESIAN_POINT('',(23.4610678437765,16.8452380953302,1.95635213439467));
#318=CARTESIAN_POINT('',(23.4608663786715,16.8452380953302,1.95660324944502));
#319=CARTESIAN_POINT('',(23.4606680853623,16.8452380953302,1.9568568674185));
#320=CARTESIAN_POINT('',(23.4604730593556,16.8452380953302,1.95711301655653));
#321=CARTESIAN_POINT('',(23.4602813961581,16.8452380953302,1.95737172510056));
#322=CARTESIAN_POINT('',(23.4600931912765,16.8452380953302,1.95763302129204));
#323=CARTESIAN_POINT('',(23.4599085700422,16.8452380953302,1.95789697318329));
#324=CARTESIAN_POINT('',(23.4597276955054,16.8452380953302,1.95816361331586));
#325=CARTESIAN_POINT('',(23.459550719752,16.8452380953302,1.95843291666498));
#326=CARTESIAN_POINT('',(23.4593777948677,16.8452380953302,1.95870485820587));
#327=CARTESIAN_POINT('',(23.4592090729382,16.8452380953302,1.95897941291377));
#328=CARTESIAN_POINT('',(23.4590447060493,16.8452380953302,1.95925655576391));
#329=CARTESIAN_POINT('',(23.4588848462865,16.8452380953302,1.95953626173153));
#330=CARTESIAN_POINT('',(23.4587296457357,16.8452380953302,1.95981850579184));
#331=CARTESIAN_POINT('',(23.4585792564826,16.8452380953302,1.96010326292008));
#332=CARTESIAN_POINT('',(23.4584338306129,16.8452380953302,1.96039050809149));
#333=CARTESIAN_POINT('',(23.4582935202123,16.8452380953302,1.96068021628129));
#334=CARTESIAN_POINT('',(23.4581584773664,16.8452380953302,1.96097236246471));
#335=CARTESIAN_POINT('',(23.4580288541612,16.8452380953302,1.96126692161699));
#336=CARTESIAN_POINT('',(23.4579048026821,16.8452380953302,1.96156386871335));
#337=CARTESIAN_POINT('',(23.4577864750151,16.8452380953302,1.96186317872904));
#338=CARTESIAN_POINT('',(23.4576740232457,16.8452380953302,1.96216482663927));
#339=CARTESIAN_POINT('',(23.4576200495333,16.8452380953302,1.96231650484334));
#340=CARTESIAN_POINT('',(23.457567601598,16.8452380953302,1.96246872212862));
#341=CARTESIAN_POINT('',(23.4575166945554,16.8452380953302,1.96262146527856));
#342=CARTESIAN_POINT('',(23.4574673435208,16.8452380953302,1.96277472107659));
#343=CARTESIAN_POINT('',(23.4574195636096,16.8452380953302,1.96292847630619));
#344=CARTESIAN_POINT('',(23.4573733699373,16.8452380953302,1.96308271775079));
#345=CARTESIAN_POINT('',(23.4573287776191,16.8452380953302,1.96323743219384));
#346=CARTESIAN_POINT('',(23.4572858017705,16.8452380953302,1.9633926064188));
#347=CARTESIAN_POINT('',(23.457244457507,16.8452380953302,1.96354822720912));
#348=CARTESIAN_POINT('',(23.4572047599438,16.8452380953302,1.96370428134824));
#349=CARTESIAN_POINT('',(23.4571667241964,16.8452380953302,1.96386075561962));
#350=CARTESIAN_POINT('',(23.4571303653802,16.8452380953302,1.96401763680671));
#351=CARTESIAN_POINT('',(23.4570956986106,16.8452380953302,1.96417491169295));
#352=CARTESIAN_POINT('',(23.4570627390029,16.8452380953302,1.9643325670618));
#353=CARTESIAN_POINT('',(23.4570315016726,16.8452380953302,1.96449058969671));
#354=CARTESIAN_POINT('',(23.457002001735,16.8452380953302,1.96464896638112));
#355=CARTESIAN_POINT('',(23.4569742586658,16.8452380953302,1.9648077012124));
#356=CARTESIAN_POINT('',(23.4569482838523,16.8452380953302,1.96496678612439));
#357=CARTESIAN_POINT('',(23.4569240802777,16.8452380953302,1.96512618965528));
#358=CARTESIAN_POINT('',(23.456901650925,16.8452380953302,1.96528588034326));
#359=CARTESIAN_POINT('',(23.4568809987775,16.8452380953302,1.96544582672654));
#360=CARTESIAN_POINT('',(23.4568621268183,16.8452380953302,1.96560599734328));
#361=CARTESIAN_POINT('',(23.4568450380305,16.8452380953302,1.9657663607317));
#362=CARTESIAN_POINT('',(23.4568297353972,16.8452380953302,1.96592688542997));
#363=CARTESIAN_POINT('',(23.4568162219016,16.8452380953302,1.9660875399763));
#364=CARTESIAN_POINT('',(23.4568045005268,16.8452380953302,1.96624829290887));
#365=CARTESIAN_POINT('',(23.4567945742559,16.8452380953302,1.96640911276587));
#366=CARTESIAN_POINT('',(23.4567864460721,16.8452380953302,1.9665699680855));
#367=CARTESIAN_POINT('',(23.4567801189585,16.8452380953302,1.96673082740595));
#368=CARTESIAN_POINT('',(23.4567755958983,16.8452380953302,1.9668916592654));
#369=CARTESIAN_POINT('',(23.4567728798745,16.8452380953302,1.96705243220205));
#370=CARTESIAN_POINT('',(23.4567719738703,16.8452380953302,1.9672131147541));
#371=EDGE_CURVE('Edge_79',#236,#238,#239,.T.);
#372=CARTESIAN_POINT('',(21.7023809523809,0.,1.9672131147541));
#373=VERTEX_POINT('',#372);
#374=CARTESIAN_POINT('',(21.892975716136,1.14880952381159,1.9672131147541));
#375=VERTEX_POINT('',#374);
#376=B_SPLINE_CURVE_WITH_KNOTS('Curve_80',1,(#377, #378, #379, #380, #381, #382, #383, #384, #385, #386, #387, #388, #389, #390, #391, #392, #393),.POLYLINE_FORM.,.F.,.F.,(2,1,1,1,1,1,1,1,1,1,1,1,1,1,1,1,2),(0.,1.,2.,3.,4.,5.,6.,7.,8.,9.,10.,11.,12.,13.,14.,15.,16.),.UNIFORM_KNOTS.);
#377=CARTESIAN_POINT('',(21.7023809523809,0.,1.9672131147541));
#378=CARTESIAN_POINT('',(21.7142931251156,0.0718005952382252,1.9672131147541));
#379=CARTESIAN_POINT('',(21.7262052978503,0.143601190476448,1.9672131147541));
#380=CARTESIAN_POINT('',(21.738117470585,0.215401785714673,1.9672131147541));
#381=CARTESIAN_POINT('',(21.7500296433197,0.287202380952896,1.9672131147541));
#382=CARTESIAN_POINT('',(21.7619418160544,0.359002976191121,1.9672131147541));
#383=CARTESIAN_POINT('',(21.7738539887891,0.430803571429346,1.9672131147541));
#384=CARTESIAN_POINT('',(21.7857661615238,0.502604166667571,1.9672131147541));
#385=CARTESIAN_POINT('',(21.7976783342585,0.574404761905794,1.9672131147541));
#386=CARTESIAN_POINT('',(21.8095905069932,0.646205357144017,1.9672131147541));
#387=CARTESIAN_POINT('',(21.8215026797279,0.718005952382242,1.9672131147541));
#388=CARTESIAN_POINT('',(21.8334148524625,0.789806547620467,1.9672131147541));
#389=CARTESIAN_POINT('',(21.8453270251972,0.861607142858693,1.9672131147541));
#390=CARTESIAN_POINT('',(21.8572391979319,0.933407738096915,1.9672131147541));
#391=CARTESIAN_POINT('',(21.8691513706666,1.00520833333514,1.9672131147541));
#392=CARTESIAN_POINT('',(21.8810635434013,1.07700892857336,1.9672131147541));
#393=CARTESIAN_POINT('',(21.892975716136,1.14880952381159,1.9672131147541));
#394=EDGE_CURVE('Edge_80',#373,#375,#376,.T.);
#395=CARTESIAN_POINT('',(14.5,0.,1.9672131147541));
#396=VERTEX_POINT('',#395);
#397=CARTESIAN_POINT('',(21.7023809523809,0.,1.9672131147541));
#398=VERTEX_POINT('',#397);
#399=B_SPLINE_CURVE_WITH_KNOTS('Curve_81',1,(#400, #401, #402, #403, #404, #405, #406, #407, #408, #409, #410, #411, #412, #413, #414, #415, #416, #417, #418, #419, #420, #421, #422, #423, #424, #425, #426, #427, #428, #429, #430, #431, #432, #433, #434, #435, #436, #437, #438, #439, #440, #441, #442, #443, #444, #445, #446, #447, #448, #449, #450, #451, #452, #453, #454, #455, #456, #457, #458, #459, #460, #461, #462, #463, #464, #465, #466, #467, #468, #469, #470, #471, #472, #473, #474, #475, #476, #477, #478, #479, #480, #481, #482, #483, #484, #485, #486, #487, #488, #489, #490, #491, #492, #493, #494, #495, #496, #497, #498, #499, #500, #501, #502, #503, #504, #505, #506, #507, #508, #509, #510, #511, #512, #513, #514, #515, #516, #517, #518, #519, #520, #521, #522, #523, #524, #525, #526, #527, #528, #529, #530, #531, #532, #533, #534, #535, #536, #537, #538),.POLYLINE_FORM.,.F.,.F.,(2,1,1,1,1,1,1,1,1,1,1,1,1,1,1,1,1,1,1,1,1,1,1,1,1,1,1,1,1,1,1,1,1,1,1,1,1,1,1,1,1,1,1,1,1,1,1,1,1,1,1,1,1,1,1,1,1,1,1,1,1,1,1,1,1,1,1,1,1,1,1,1,1,1,1,1,1,1,1,1,1,1,1,1,1,1,1,1,1,1,1,1,1,1,1,1,1,1,1,1,1,1,1,1,1,1,1,1,1,1,1,1,1,1,1,1,1,1,1,1,1,1,1,1,1,1,1,1,1,1,1,1,1,1,1,1,1,1,2),(0.,1.,2.,3.,4.,5.,6.,7.,8.,9.,10.,11.,12.,13.,14.,15.,16.,17.,18.,19.,20.,21.,22.,23.,24.,25.,26.,27.,28.,29.,30.,31.,32.,33.,34.,35.,36.,37.,38.,39.,40.,41.,42.,43.,44.,45.,46.,47.,48.,49.,50.,51.,52.,53.,54.,55.,56.,57.,58.,59.,60.,61.,62.,63.,64.,65.,66.,67.,68.,69.,70.,71.,72.,73.,74.,75.,76.,77.,78.,79.,80.,81.,82.,83.,84.,85.,86.,87.,88.,89.,90.,91.,92.,93.,94.,95.,96.,97.,98.,99.,100.,101.,102.,103.,104.,105.,106.,107.,108.,109.,110.,111.,112.,113.,114.,115.,116.,117.,118.,119.,120.,121.,122.,123.,124.,125.,126.,127.,128.,129.,130.,131.,132.,133.,134.,135.,136.,137.,138.),.UNIFORM_KNOTS.);
#400=CARTESIAN_POINT('',(14.5,0.,1.9672131147541));
#401=CARTESIAN_POINT('',(14.4996109026095,0.,1.96896577854599));
#402=CARTESIAN_POINT('',(14.4992488936459,0.,1.97073230925257));
#403=CARTESIAN_POINT('',(14.4989147407079,0.,1.97251043287414));
#404=CARTESIAN_POINT('',(14.4986092113941,0.,1.97429787541102));
#405=CARTESIAN_POINT('',(14.4983330733033,0.,1.97609236286351));
#406=CARTESIAN_POINT('',(14.4980870940341,0.,1.97789162123193));
#407=CARTESIAN_POINT('',(14.4978720411852,0.,1.97969337651659));
#408=CARTESIAN_POINT('',(14.4976886823554,0.,1.9814953547178));
#409=CARTESIAN_POINT('',(14.4975367602635,0.,1.98329808637239));
#410=CARTESIAN_POINT('',(14.4974154147544,0.,1.98510324246274));
#411=CARTESIAN_POINT('',(14.4973245091159,0.,1.98691025965742));
#412=CARTESIAN_POINT('',(14.4972639066355,0.,1.98871857462504));
#413=CARTESIAN_POINT('',(14.4972334706012,0.,1.99052762403419));
#414=CARTESIAN_POINT('',(14.4972330643004,0.,1.99233684455346));
#415=CARTESIAN_POINT('',(14.497262551021,0.,1.99414567285145));
#416=CARTESIAN_POINT('',(14.4973217940506,0.,1.99595354559676));
#417=CARTESIAN_POINT('',(14.4974107394983,0.,1.99775994705818));
#418=CARTESIAN_POINT('',(14.497529153254,0.,1.99956450432108));
#419=CARTESIAN_POINT('',(14.497676628276,0.,2.00136686827885));
#420=CARTESIAN_POINT('',(14.4978527575227,0.,2.00316668982492));
#421=CARTESIAN_POINT('',(14.4980571339528,0.,2.0049636198527));
#422=CARTESIAN_POINT('',(14.4982893505246,0.,2.00675730925559));
#423=CARTESIAN_POINT('',(14.4985490001967,0.,2.00854740892702));
#424=CARTESIAN_POINT('',(14.4988356759274,0.,2.01033356976039));
#425=CARTESIAN_POINT('',(14.4991489706753,0.,2.01211544264911));
#426=CARTESIAN_POINT('',(14.4994884773989,0.,2.01389267848661));
#427=CARTESIAN_POINT('',(14.4998537890566,0.,2.01566492816628));
#428=CARTESIAN_POINT('',(14.5002444986069,0.,2.01743184258155));
#429=CARTESIAN_POINT('',(14.5006601990082,0.,2.01919307262582));
#430=CARTESIAN_POINT('',(14.5011004832191,0.,2.02094826919252));
#431=CARTESIAN_POINT('',(14.501564944198,0.,2.02269708317504));
#432=CARTESIAN_POINT('',(14.5020531749034,0.,2.0244391654668));
#433=CARTESIAN_POINT('',(14.5025646503615,0.,2.02617428972498));
#434=CARTESIAN_POINT('',(14.5030988129288,0.,2.02790240166128));
#435=CARTESIAN_POINT('',(14.5036552065592,0.,2.02962341025093));
#436=CARTESIAN_POINT('',(14.5042333752067,0.,2.03133722446916));
#437=CARTESIAN_POINT('',(14.5048328628253,0.,2.0330437532912));
#438=CARTESIAN_POINT('',(14.5054532133688,0.,2.03474290569228));
#439=CARTESIAN_POINT('',(14.5060939707913,0.,2.03643459064763));
#440=CARTESIAN_POINT('',(14.5067546790467,0.,2.03811871713247));
#441=CARTESIAN_POINT('',(14.507434882089,0.,2.03979519412204));
#442=CARTESIAN_POINT('',(14.508134123872,0.,2.04146393059157));
#443=CARTESIAN_POINT('',(14.5088519483499,0.,2.04312483551627));
#444=CARTESIAN_POINT('',(14.5095878994764,0.,2.04477781787139));
#445=CARTESIAN_POINT('',(14.5103415212055,0.,2.04642278663215));
#446=CARTESIAN_POINT('',(14.5111123574913,0.,2.04805965077379));
#447=CARTESIAN_POINT('',(14.5118999522876,0.,2.04968831927152));
#448=CARTESIAN_POINT('',(14.5127038495485,0.,2.05130870110058));
#449=CARTESIAN_POINT('',(14.5143595232047,0.,2.05452472238424));
#450=CARTESIAN_POINT('',(14.5160772334401,0.,2.0577080951344));
#451=CARTESIAN_POINT('',(14.5178543930215,0.,2.06085903161864));
#452=CARTESIAN_POINT('',(14.5196884147155,0.,2.06397774410453));
#453=CARTESIAN_POINT('',(14.5215767112888,0.,2.06706444485964));
#454=CARTESIAN_POINT('',(14.5235166955081,0.,2.07011934615154));
#455=CARTESIAN_POINT('',(14.5255057801401,0.,2.0731426602478));
#456=CARTESIAN_POINT('',(14.5275413779514,0.,2.076134599416));
#457=CARTESIAN_POINT('',(14.5296207548228,0.,2.07909567199872));
#458=CARTESIAN_POINT('',(14.5317419410507,0.,2.08202652476215));
#459=CARTESIAN_POINT('',(14.5339034960254,0.,2.08492757760928));
#460=CARTESIAN_POINT('',(14.5361039791369,0.,2.08779925044312));
#461=CARTESIAN_POINT('',(14.5383419497756,0.,2.09064196316667));
#462=CARTESIAN_POINT('',(14.5406159673315,0.,2.09345613568293));
#463=CARTESIAN_POINT('',(14.542924591195,0.,2.09624218789489));
#464=CARTESIAN_POINT('',(14.5452663807562,0.,2.09900053970555));
#465=CARTESIAN_POINT('',(14.5476393860688,0.,2.10173189689514));
#466=CARTESIAN_POINT('',(14.5500420284862,0.,2.10443694363359));
#467=CARTESIAN_POINT('',(14.5524734243481,0.,2.10711606740845));
#468=CARTESIAN_POINT('',(14.5549326899941,0.,2.10976965570727));
#469=CARTESIAN_POINT('',(14.5599312959973,0.,2.11500177582701));
#470=CARTESIAN_POINT('',(14.5650307772133,0.,2.12013640389321));
#471=CARTESIAN_POINT('',(14.5702221379365,0.,2.1251776328742));
#472=CARTESIAN_POINT('',(14.5754980044694,0.,2.13012941515431));
#473=CARTESIAN_POINT('',(14.5808537405417,0.,2.13499463975806));
#474=CARTESIAN_POINT('',(14.5862847098831,0.,2.13977619570993));
#475=CARTESIAN_POINT('',(14.5917862762232,0.,2.14447697203443));
#476=CARTESIAN_POINT('',(14.5973538032917,0.,2.14909985775606));
#477=CARTESIAN_POINT('',(14.6029826548183,0.,2.15364774189931));
#478=CARTESIAN_POINT('',(14.6086681945326,0.,2.15812351348868));
#479=CARTESIAN_POINT('',(14.6144073709098,0.,2.16252925026501));
#480=CARTESIAN_POINT('',(14.6201986665167,0.,2.16686632240389));
#481=CARTESIAN_POINT('',(14.6260397462204,0.,2.171136557582));
#482=CARTESIAN_POINT('',(14.631928274888,0.,2.17534178347599));
#483=CARTESIAN_POINT('',(14.6438383385832,0.,2.18356451811827));
#484=CARTESIAN_POINT('',(14.6559101765392,0.,2.19154914774401));
#485=CARTESIAN_POINT('',(14.6681245002509,0.,2.19931182002826));
#486=CARTESIAN_POINT('',(14.6804691760155,0.,2.20686385894142));
#487=CARTESIAN_POINT('',(14.6929362549738,0.,2.21421265033984));
#488=CARTESIAN_POINT('',(14.7055177882663,0.,2.22136558007985));
#489=CARTESIAN_POINT('',(14.7182030624372,0.,2.22833303191366));
#490=CARTESIAN_POINT('',(14.7309825865747,0.,2.23512475545559));
#491=CARTESIAN_POINT('',(14.7438502456347,0.,2.24174718535514));
#492=CARTESIAN_POINT('',(14.7567999245735,0.,2.24820675626184));
#493=CARTESIAN_POINT('',(14.7698271492924,0.,2.25450831918907));
#494=CARTESIAN_POINT('',(14.7829285379473,0.,2.26065579004809));
#495=CARTESIAN_POINT('',(14.7960996138759,0.,2.26665420083526));
#496=CARTESIAN_POINT('',(14.809335900416,0.,2.27250858354691));
#497=CARTESIAN_POINT('',(14.8359838943592,0.,2.2838087510408));
#498=CARTESIAN_POINT('',(14.86284457473,0.,2.29459086434495));
#499=CARTESIAN_POINT('',(14.8898973870909,0.,2.30488161572912));
#500=CARTESIAN_POINT('',(14.9171217770044,0.,2.31470769746305));
#501=CARTESIAN_POINT('',(14.9445015919875,0.,2.32409002366861));
#502=CARTESIAN_POINT('',(14.9720253081765,0.,2.33304509731311));
#503=CARTESIAN_POINT('',(14.9996793140628,0.,2.3415929939344));
#504=CARTESIAN_POINT('',(15.0274499981376,0.,2.34975378907036));
#505=CARTESIAN_POINT('',(15.0553248097061,0.,2.35754553448838));
#506=CARTESIAN_POINT('',(15.0832957922022,0.,2.36498104794722));
#507=CARTESIAN_POINT('',(15.11135622531,0.,2.37207255397181));
#508=CARTESIAN_POINT('',(15.1394993887138,0.,2.3788322770871));
#509=CARTESIAN_POINT('',(15.1677185620977,0.,2.38527244181803));
#510=CARTESIAN_POINT('',(15.196007025146,0.,2.39140527268956));
#511=CARTESIAN_POINT('',(15.2243580575428,0.,2.39724299422662));
#512=CARTESIAN_POINT('',(15.2527649389724,0.,2.40279783095416));
#513=CARTESIAN_POINT('',(15.3097295561466,0.,2.41309316522932));
#514=CARTESIAN_POINT('',(15.3668666105323,0.,2.42237298245029));
#515=CARTESIAN_POINT('',(15.4241554207681,0.,2.4306861852663));
#516=CARTESIAN_POINT('',(15.4815600412645,0.,2.43813348065179));
#517=CARTESIAN_POINT('',(15.5390718081803,0.,2.44473753492309));
#518=CARTESIAN_POINT('',(15.5966584778633,0.,2.45060984151059));
#519=CARTESIAN_POINT('',(15.6543187955008,0.,2.45575473456222));
#520=CARTESIAN_POINT('',(15.7120263225624,0.,2.46028960959055));
#521=CARTESIAN_POINT('',(15.8275672751078,0.,2.46762702139416));
#522=CARTESIAN_POINT('',(15.9432142147536,0.,2.47304966212921));
#523=CARTESIAN_POINT('',(16.0589203519526,0.,2.47699378545817));
#524=CARTESIAN_POINT('',(16.1746615929688,0.,2.47969803072204));
#525=CARTESIAN_POINT('',(16.4061951987912,0.,2.48178411405579));
#526=CARTESIAN_POINT('',(16.6377329151903,0.,2.47995059941063));
#527=CARTESIAN_POINT('',(16.8692187968172,0.,2.47471660617531));
#528=CARTESIAN_POINT('',(17.1006186010192,0.,2.46650640450661));
#529=CARTESIAN_POINT('',(17.5630782764282,0.,2.44246536364116));
#530=CARTESIAN_POINT('',(18.0250237016287,0.,2.40997020833495));
#531=CARTESIAN_POINT('',(18.4864356440995,0.,2.37060182205817));
#532=CARTESIAN_POINT('',(18.9473263450555,0.,2.32553166605819));
#533=CARTESIAN_POINT('',(19.4077180743035,0.,2.27561840993723));
#534=CARTESIAN_POINT('',(19.8676302421829,0.,2.22146215711473));
#535=CARTESIAN_POINT('',(20.3270722041888,0.,2.16345088969386));
#536=CARTESIAN_POINT('',(20.786033554006,0.,2.10175197254695));
#537=CARTESIAN_POINT('',(21.2444891879699,0.,2.03640019417393));
#538=CARTESIAN_POINT('',(21.7023809523809,0.,1.9672131147541));
#539=EDGE_CURVE('Edge_81',#396,#398,#399,.T.);
#540=CARTESIAN_POINT('',(14.5,0.,1.9672131147541));
#541=VERTEX_POINT('',#540);
#542=CARTESIAN_POINT('',(21.7023809523809,0.,1.9672131147541));
#543=VERTEX_POINT('',#542);
#544=B_SPLINE_CURVE_WITH_KNOTS('Curve_82',1,(#545, #546, #547, #548, #549, #550, #551, #552, #553, #554, #555, #556, #557, #558, #559, #560, #561, #562, #563, #564, #565, #566, #567, #568, #569, #570, #571, #572, #573, #574, #575, #576, #577, #578, #579, #580, #581, #582, #583, #584, #585, #586, #587, #588, #589, #590, #591, #592, #593, #594, #595),.POLYLINE_FORM.,.F.,.F.,(2,1,1,1,1,1,1,1,1,1,1,1,1,1,1,1,1,1,1,1,1,1,1,1,1,1,1,1,1,1,1,1,1,1,1,1,1,1,1,1,1,1,1,1,1,1,1,1,1,1,2),(0.,1.,2.,3.,4.,5.,6.,7.,8.,9.,10.,11.,12.,13.,14.,15.,16.,17.,18.,19.,20.,21.,22.,23.,24.,25.,26.,27.,28.,29.,30.,31.,32.,33.,34.,35.,36.,37.,38.,39.,40.,41.,42.,43.,44.,45.,46.,47.,48.,49.,50.),.UNIFORM_KNOTS.);
#545=CARTESIAN_POINT('',(14.5,0.,1.9672131147541));
#546=CARTESIAN_POINT('',(14.50001376728,0.,1.96721992129966));
#547=CARTESIAN_POINT('',(14.5000552674032,0.,1.96723941208872));
#548=CARTESIAN_POINT('',(14.5000865102263,0.,1.96725347867724));
#549=CARTESIAN_POINT('',(14.5001247977946,0.,1.96727019384984));
#550=CARTESIAN_POINT('',(14.5001701672862,0.,1.9672893834476));
#551=CARTESIAN_POINT('',(14.5002226558791,0.,1.96731087331158));
#552=CARTESIAN_POINT('',(14.5002823007516,0.,1.96733448928285));
#553=CARTESIAN_POINT('',(14.5003491390818,0.,1.96736005720249));
#554=CARTESIAN_POINT('',(14.5004232080477,0.,1.96738740291155));
#555=CARTESIAN_POINT('',(14.5005045448274,0.,1.96741635225113));
#556=CARTESIAN_POINT('',(14.5005931865992,0.,1.96744673106227));
#557=CARTESIAN_POINT('',(14.5006891705411,0.,1.96747836518606));
#558=CARTESIAN_POINT('',(14.5007925338312,0.,1.96751108046356));
#559=CARTESIAN_POINT('',(14.5009033136476,0.,1.96754470273584));
#560=CARTESIAN_POINT('',(14.5020486532508,0.,1.9678679737733));
#561=CARTESIAN_POINT('',(14.503640634154,0.,1.96828956960831));
#562=CARTESIAN_POINT('',(14.508087336661,0.,1.96940156300893));
#563=CARTESIAN_POINT('',(14.5140350354108,0.,1.97081685846083));
#564=CARTESIAN_POINT('',(14.529511338974,0.,1.97430057847754));
#565=CARTESIAN_POINT('',(14.5484123753459,0.,1.97832066931939));
#566=CARTESIAN_POINT('',(14.5922873987442,0.,1.98701930677816));
#567=CARTESIAN_POINT('',(14.6406752875613,0.,1.99583318979416));
#568=CARTESIAN_POINT('',(14.6915492603569,0.,2.00435090207076));
#569=CARTESIAN_POINT('',(14.7439715566986,0.,2.01238804683505));
#570=CARTESIAN_POINT('',(14.7974444854292,0.,2.01985930634045));
#571=CARTESIAN_POINT('',(14.85168055036,0.,2.02673037181555));
#572=CARTESIAN_POINT('',(14.9064909583161,0.,2.03298355546476));
#573=CARTESIAN_POINT('',(14.9617470748686,0.,2.03862832010461));
#574=CARTESIAN_POINT('',(15.0173599588825,0.,2.04367077926921));
#575=CARTESIAN_POINT('',(15.073265964827,0.,2.04812715151));
#576=CARTESIAN_POINT('',(15.1857464159918,0.,2.05538511192302));
#577=CARTESIAN_POINT('',(15.2989014231501,0.,2.060618984893));
#578=CARTESIAN_POINT('',(15.4125225933807,0.,2.06407343438274));
#579=CARTESIAN_POINT('',(15.5264819585929,0.,2.06601304592737));
#580=CARTESIAN_POINT('',(15.6406843659118,0.,2.06670920640667));
#581=CARTESIAN_POINT('',(15.7550629930668,0.,2.06644840864995));
#582=CARTESIAN_POINT('',(15.9841771137896,0.,2.06421972908011));
#583=CARTESIAN_POINT('',(16.2135735892448,0.,2.06126932065067));
#584=CARTESIAN_POINT('',(16.6727002980032,0.,2.05479057465171));
#585=CARTESIAN_POINT('',(17.1318325754099,0.,2.04775532855428));
#586=CARTESIAN_POINT('',(17.5907073113554,0.,2.04035934819569));
#587=CARTESIAN_POINT('',(18.049210908422,0.,2.03269782089827));
#588=CARTESIAN_POINT('',(18.5073024840703,0.,2.02484006953994));
#589=CARTESIAN_POINT('',(18.96497723621,0.,2.01684479366355));
#590=CARTESIAN_POINT('',(19.4222425025891,0.,2.00873929635635));
#591=CARTESIAN_POINT('',(19.8791075779721,0.,2.0005522108031));
#592=CARTESIAN_POINT('',(20.3355749141419,0.,1.99229869088818));
#593=CARTESIAN_POINT('',(20.7916312776392,0.,1.98398905876918));
#594=CARTESIAN_POINT('',(21.2472512573404,0.,1.97562779345052));
#595=CARTESIAN_POINT('',(21.7023809523809,0.,1.9672131147541));
#596=EDGE_CURVE('Edge_82',#541,#543,#544,.T.);
#597=CARTESIAN_POINT('',(21.7023809523809,0.,1.9672131147541));
#598=VERTEX_POINT('',#597);
#599=CARTESIAN_POINT('',(14.5,0.,1.9672131147541));
#600=VERTEX_POINT('',#599);
#601=B_SPLINE_CURVE_WITH_KNOTS('Curve_83',1,(#602, #603, #604, #605, #606, #607, #608, #609, #610, #611, #612, #613, #614, #615, #616, #617, #618, #619, #620, #621, #622, #623, #624, #625, #626, #627, #628, #629, #630, #631, #632, #633, #634, #635, #636, #637, #638, #639, #640, #641, #642, #643, #644, #645, #646, #647, #648, #649, #650, #651, #652, #653, #654, #655, #656, #657, #658, #659, #660, #661, #662, #663, #664, #665, #666, #667, #668, #669, #670, #671, #672, #673, #674, #675, #676, #677, #678, #679, #680, #681, #682, #683, #684, #685, #686, #687, #688, #689, #690, #691, #692, #693, #694, #695, #696, #697, #698, #699, #700, #701, #702, #703, #704, #705, #706, #707, #708, #709, #710, #711, #712),.POLYLINE_FORM.,.F.,.F.,(2,1,1,1,1,1,1,1,1,1,1,1,1,1,1,1,1,1,1,1,1,1,1,1,1,1,1,1,1,1,1,1,1,1,1,1,1,1,1,1,1,1,1,1,1,1,1,1,1,1,1,1,1,1,1,1,1,1,1,1,1,1,1,1,1,1,1,1,1,1,1,1,1,1,1,1,1,1,1,1,1,1,1,1,1,1,1,1,1,1,1,1,1,1,1,1,1,1,1,1,1,1,1,1,1,1,1,1,1,1,2),(0.,1.,2.,3.,4.,5.,6.,7.,8.,9.,10.,11.,12.,13.,14.,15.,16.,17.,18.,19.,20.,21.,22.,23.,24.,25.,26.,27.,28.,29.,30.,31.,32.,33.,34.,35.,36.,37.,38.,39.,40.,41.,42.,43.,44.,45.,46.,47.,48.,49.,50.,51.,52.,53.,54.,55.,56.,57.,58.,59.,60.,61.,62.,63.,64.,65.,66.,67.,68.,69.,70.,71.,72.,73.,74.,75.,76.,77.,78.,79.,80.,81.,82.,83.,84.,85.,86.,87.,88.,89.,90.,91.,92.,93.,94.,95.,96.,97.,98.,99.,100.,101.,102.,103.,104.,105.,106.,107.,108.,109.,110.),.UNIFORM_KNOTS.);
#602=CARTESIAN_POINT('',(21.7023809523809,0.,1.9672131147541));
#603=CARTESIAN_POINT('',(21.2500133267109,0.,1.91485539272711));
#604=CARTESIAN_POINT('',(20.7972290012724,0.,1.86622614499141));
#605=CARTESIAN_POINT('',(20.344077624095,0.,1.8211464920825));
#606=CARTESIAN_POINT('',(19.8905849137612,0.,1.77964226449146));
#607=CARTESIAN_POINT('',(19.4367669308748,0.,1.74186018277546));
#608=CARTESIAN_POINT('',(18.9826281273646,0.,1.70815792126891));
#609=CARTESIAN_POINT('',(18.5281693240411,0.,1.67907831702171));
#610=CARTESIAN_POINT('',(18.0733981152153,0.,1.6554254334616));
#611=CARTESIAN_POINT('',(17.6183363462826,0.,1.63825333275022));
#612=CARTESIAN_POINT('',(17.1630465498005,0.,1.62900425260195));
#613=CARTESIAN_POINT('',(16.9353544772952,0.,1.62793200420936));
#614=CARTESIAN_POINT('',(16.7076676808161,0.,1.6296305498928));
#615=CARTESIAN_POINT('',(16.4800231959882,0.,1.6344427984275));
#616=CARTESIAN_POINT('',(16.2524855855208,0.,1.64284061057929));
#617=CARTESIAN_POINT('',(16.1387819809186,0.,1.64855303255184));
#618=CARTESIAN_POINT('',(16.0251400128256,0.,1.65538979603101));
#619=CARTESIAN_POINT('',(15.9115754450735,0.,1.66341186752069));
#620=CARTESIAN_POINT('',(15.7980996635712,0.,1.67260720770934));
#621=CARTESIAN_POINT('',(15.5714038759214,0.,1.69389261120295));
#622=CARTESIAN_POINT('',(15.3450379073279,0.,1.71844013883183));
#623=CARTESIAN_POINT('',(15.2319934432698,0.,1.73193794675894));
#624=CARTESIAN_POINT('',(15.1190819315165,0.,1.74650051394963));
#625=CARTESIAN_POINT('',(15.0626946095885,0.,1.75429646122531));
#626=CARTESIAN_POINT('',(15.0063723727328,0.,1.76254894274617));
#627=CARTESIAN_POINT('',(14.9501373419023,0.,1.77137624658458));
#628=CARTESIAN_POINT('',(14.894025200304,0.,1.7809521600842));
#629=CARTESIAN_POINT('',(14.8660308815828,0.,1.7860924560696));
#630=CARTESIAN_POINT('',(14.8380890462849,0.,1.79151185641906));
#631=CARTESIAN_POINT('',(14.8102153192032,0.,1.79726599697761));
#632=CARTESIAN_POINT('',(14.7824253251309,0.,1.80341051359026));
#633=CARTESIAN_POINT('',(14.7547389518278,0.,1.8100093342956));
#634=CARTESIAN_POINT('',(14.7271883441746,0.,1.81715265639751));
#635=CARTESIAN_POINT('',(14.7134750505647,0.,1.82095928758593));
#636=CARTESIAN_POINT('',(14.6998130915846,0.,1.8249458973512));
#637=CARTESIAN_POINT('',(14.6862122680034,0.,1.82913343906517));
#638=CARTESIAN_POINT('',(14.6726823805901,0.,1.83354286609964));
#639=CARTESIAN_POINT('',(14.6659466357234,0.,1.83583668612632));
#640=CARTESIAN_POINT('',(14.6592323128491,0.,1.83819365614465));
#641=CARTESIAN_POINT('',(14.6525420509463,0.,1.84061807229005));
#642=CARTESIAN_POINT('',(14.6458784889943,0.,1.84311423069795));
#643=CARTESIAN_POINT('',(14.639244265972,0.,1.84568642750378));
#644=CARTESIAN_POINT('',(14.6326420208586,0.,1.84833895884297));
#645=CARTESIAN_POINT('',(14.6260743926332,0.,1.85107612085093));
#646=CARTESIAN_POINT('',(14.619544020275,0.,1.8539022096631));
#647=CARTESIAN_POINT('',(14.6130552803953,0.,1.85682346536698));
#648=CARTESIAN_POINT('',(14.606613942191,0.,1.85984708271245));
#649=CARTESIAN_POINT('',(14.6002247335195,0.,1.86297878982855));
#650=CARTESIAN_POINT('',(14.5938923822383,0.,1.86622431484433));
#651=CARTESIAN_POINT('',(14.5907494035846,0.,1.86789201991715));
#652=CARTESIAN_POINT('',(14.5876234921015,0.,1.86959142494806));
#653=CARTESIAN_POINT('',(14.5845156645562,0.,1.87132347966864));
#654=CARTESIAN_POINT('',(14.5814269377157,0.,1.87308913381051));
#655=CARTESIAN_POINT('',(14.5783583283468,0.,1.87488933710526));
#656=CARTESIAN_POINT('',(14.5753108532167,0.,1.87672503928449));
#657=CARTESIAN_POINT('',(14.5722855290922,0.,1.8785971900798));
#658=CARTESIAN_POINT('',(14.5692833727404,0.,1.88050673922278));
#659=CARTESIAN_POINT('',(14.5663058480368,0.,1.88245509390817));
#660=CARTESIAN_POINT('',(14.563355026354,0.,1.88444383755872));
#661=CARTESIAN_POINT('',(14.5604328357046,0.,1.88647418424807));
#662=CARTESIAN_POINT('',(14.5575412041013,0.,1.88854734804988));
#663=CARTESIAN_POINT('',(14.5546820595565,0.,1.89066454303778));
#664=CARTESIAN_POINT('',(14.5518573300829,0.,1.89282698328542));
#665=CARTESIAN_POINT('',(14.549068943693,0.,1.89503588286645));
#666=CARTESIAN_POINT('',(14.5463188283995,0.,1.8972924558545));
#667=CARTESIAN_POINT('',(14.5436087569768,0.,1.89959800148311));
#668=CARTESIAN_POINT('',(14.5409413933075,0.,1.90195365943202));
#669=CARTESIAN_POINT('',(14.5396247470914,0.,1.90315058513375));
#670=CARTESIAN_POINT('',(14.5383200020668,0.,1.90436040444414));
#671=CARTESIAN_POINT('',(14.5370275663181,0.,1.90558323920606));
#672=CARTESIAN_POINT('',(14.5357478479297,0.,1.90681921126237));
#673=CARTESIAN_POINT('',(14.5344812549859,0.,1.90806844245595));
#674=CARTESIAN_POINT('',(14.5332281955712,0.,1.90933105462965));
#675=CARTESIAN_POINT('',(14.5319890777699,0.,1.91060716962634));
#676=CARTESIAN_POINT('',(14.5307643096665,0.,1.91189690928888));
#677=CARTESIAN_POINT('',(14.5295542993452,0.,1.91320039546013));
#678=CARTESIAN_POINT('',(14.5283594548905,0.,1.91451774998297));
#679=CARTESIAN_POINT('',(14.5271801843867,0.,1.91584909470026));
#680=CARTESIAN_POINT('',(14.5260168959183,0.,1.91719455145486));
#681=CARTESIAN_POINT('',(14.5248699510209,0.,1.918554303742));
#682=CARTESIAN_POINT('',(14.5237397743101,0.,1.91992839890092));
#683=CARTESIAN_POINT('',(14.5226268684901,0.,1.92131675454047));
#684=CARTESIAN_POINT('',(14.5215317362648,0.,1.92271928826949));
#685=CARTESIAN_POINT('',(14.5204548803385,0.,1.92413591769685));
#686=CARTESIAN_POINT('',(14.5193968034153,0.,1.9255665604314));
#687=CARTESIAN_POINT('',(14.5183580081993,0.,1.92701113408198));
#688=CARTESIAN_POINT('',(14.5173389973945,0.,1.92846955625746));
#689=CARTESIAN_POINT('',(14.5163402737052,0.,1.92994174456669));
#690=CARTESIAN_POINT('',(14.5153623398354,0.,1.93142761661852));
#691=CARTESIAN_POINT('',(14.5144056984892,0.,1.9329270900218));
#692=CARTESIAN_POINT('',(14.5134708523709,0.,1.93444008238538));
#693=CARTESIAN_POINT('',(14.5125583041844,0.,1.93596651131813));
#694=CARTESIAN_POINT('',(14.5116685566339,0.,1.93750629442889));
#695=CARTESIAN_POINT('',(14.5108021124235,0.,1.93905934932652));
#696=CARTESIAN_POINT('',(14.5099594742574,0.,1.94062559361987));
#697=CARTESIAN_POINT('',(14.5091409553208,0.,1.94220487793887));
#698=CARTESIAN_POINT('',(14.5083468184699,0.,1.94379685521818));
#699=CARTESIAN_POINT('',(14.5075774909148,0.,1.94540114652377));
#700=CARTESIAN_POINT('',(14.5068333998661,0.,1.94701737292156));
#701=CARTESIAN_POINT('',(14.5061149725339,0.,1.94864515547752));
#702=CARTESIAN_POINT('',(14.5054226361286,0.,1.9502841152576));
#703=CARTESIAN_POINT('',(14.5047568178604,0.,1.95193387332773));
#704=CARTESIAN_POINT('',(14.5041179449398,0.,1.95359405075388));
#705=CARTESIAN_POINT('',(14.5035062998969,0.,1.95526335385552));
#706=CARTESIAN_POINT('',(14.5029219956208,0.,1.95694108327032));
#707=CARTESIAN_POINT('',(14.5023652048603,0.,1.95862775154146));
#708=CARTESIAN_POINT('',(14.5018361003642,0.,1.96032387121214));
#709=CARTESIAN_POINT('',(14.5013348548813,0.,1.96202995482554));
#710=CARTESIAN_POINT('',(14.5008616411605,0.,1.96374651492488));
#711=CARTESIAN_POINT('',(14.5004166319504,0.,1.96547406405333));
#712=CARTESIAN_POINT('',(14.5,0.,1.9672131147541));
#713=EDGE_CURVE('Edge_83',#598,#600,#601,.T.);
#714=CARTESIAN_POINT('',(15.1108328589932,1.14880952381159,1.9672131147541));
#715=VERTEX_POINT('',#714);
#716=CARTESIAN_POINT('',(21.892975716136,1.14880952381159,1.9672131147541));
#717=VERTEX_POINT('',#716);
#718=B_SPLINE_CURVE_WITH_KNOTS('Curve_84',1,(#719, #720, #721, #722, #723, #724, #725, #726, #727, #728, #729, #730, #731, #732, #733, #734, #735, #736, #737, #738, #739, #740, #741, #742, #743, #744, #745, #746, #747, #748, #749, #750, #751, #752, #753, #754, #755, #756, #757, #758, #759, #760, #761, #762, #763, #764, #765, #766, #767, #768, #769, #770, #771, #772, #773, #774, #775, #776, #777, #778, #779, #780, #781, #782, #783, #784, #785, #786, #787, #788, #789, #790, #791, #792, #793, #794, #795, #796, #797, #798, #799, #800, #801, #802, #803, #804, #805, #806, #807, #808, #809, #810, #811, #812, #813, #814, #815, #816, #817, #818, #819, #820, #821, #822, #823),.POLYLINE_FORM.,.F.,.F.,(2,1,1,1,1,1,1,1,1,1,1,1,1,1,1,1,1,1,1,1,1,1,1,1,1,1,1,1,1,1,1,1,1,1,1,1,1,1,1,1,1,1,1,1,1,1,1,1,1,1,1,1,1,1,1,1,1,1,1,1,1,1,1,1,1,1,1,1,1,1,1,1,1,1,1,1,1,1,1,1,1,1,1,1,1,1,1,1,1,1,1,1,1,1,1,1,1,1,1,1,1,1,1,1,2),(0.,1.,2.,3.,4.,5.,6.,7.,8.,9.,10.,11.,12.,13.,14.,15.,16.,17.,18.,19.,20.,21.,22.,23.,24.,25.,26.,27.,28.,29.,30.,31.,32.,33.,34.,35.,36.,37.,38.,39.,40.,41.,42.,43.,44.,45.,46.,47.,48.,49.,50.,51.,52.,53.,54.,55.,56.,57.,58.,59.,60.,61.,62.,63.,64.,65.,66.,67.,68.,69.,70.,71.,72.,73.,74.,75.,76.,77.,78.,79.,80.,81.,82.,83.,84.,85.,86.,87.,88.,89.,90.,91.,92.,93.,94.,95.,96.,97.,98.,99.,100.,101.,102.,103.,104.),.UNIFORM_KNOTS.);
#719=CARTESIAN_POINT('',(15.1108328589932,1.14880952381159,1.9672131147541));
#720=CARTESIAN_POINT('',(15.1110495003166,1.14881007026634,1.96629490627965));
#721=CARTESIAN_POINT('',(15.1113020824168,1.14881037935971,1.96527008103891));
#722=CARTESIAN_POINT('',(15.1116741951434,1.1488098347543,1.9638372638205));
#723=CARTESIAN_POINT('',(15.1120056769891,1.14880974858945,1.96263008567935));
#724=CARTESIAN_POINT('',(15.1122642876966,1.14881027562809,1.96172830174274));
#725=CARTESIAN_POINT('',(15.1126291700206,1.14881013094512,1.96050547499692));
#726=CARTESIAN_POINT('',(15.1130698617406,1.14880960679884,1.95909830829246));
#727=CARTESIAN_POINT('',(15.113387975686,1.14880995678854,1.95812586724808));
#728=CARTESIAN_POINT('',(15.1136963494488,1.1488104092093,1.95721347956505));
#729=CARTESIAN_POINT('',(15.1141843897072,1.14880989487674,1.95582205347141));
#730=CARTESIAN_POINT('',(15.1146437436941,1.14880965333433,1.95456724038318));
#731=CARTESIAN_POINT('',(15.1149761135448,1.14881016505538,1.95369003077891));
#732=CARTESIAN_POINT('',(15.1154090823408,1.14881018849025,1.95258123516365));
#733=CARTESIAN_POINT('',(15.1159635976809,1.14880968352168,1.95121281418398));
#734=CARTESIAN_POINT('',(15.1163940445835,1.14880986059157,1.95018809451838));
#735=CARTESIAN_POINT('',(15.1167660375015,1.14881034651016,1.94932666372886));
#736=CARTESIAN_POINT('',(15.1173415833135,1.14880996043724,1.94803241574398));
#737=CARTESIAN_POINT('',(15.1179375734921,1.14880957119732,1.94673914533004));
#738=CARTESIAN_POINT('',(15.1183400241762,1.14881004855702,1.94589151519451));
#739=CARTESIAN_POINT('',(15.1188228032444,1.14881022358566,1.94489876866748));
#740=CARTESIAN_POINT('',(15.119484064709,1.14880974876431,1.94357863294549));
#741=CARTESIAN_POINT('',(15.1200338487772,1.14880976506523,1.94251446223405));
#742=CARTESIAN_POINT('',(15.1207372889196,1.14881232452734,1.9411957847008));
#743=CARTESIAN_POINT('',(15.1220305956325,1.14881140813288,1.93887317565507));
#744=CARTESIAN_POINT('',(15.1231516089825,1.14881262704803,1.93696158483732));
#745=CARTESIAN_POINT('',(15.1236948114778,1.14881097515345,1.93606320256396));
#746=CARTESIAN_POINT('',(15.1251814059976,1.14880977363273,1.9336973888868));
#747=CARTESIAN_POINT('',(15.1262119317101,1.14881139448335,1.93212957442568));
#748=CARTESIAN_POINT('',(15.1271925859241,1.14880974786114,1.93068325799511));
#749=CARTESIAN_POINT('',(15.1274852641023,1.14881176430707,1.93026207643311));
#750=CARTESIAN_POINT('',(15.1283593608306,1.14881086264426,1.92902096892428));
#751=CARTESIAN_POINT('',(15.1291998082827,1.14881017267988,1.9278574850433));
#752=CARTESIAN_POINT('',(15.1306009879569,1.14881037152662,1.92597880046235));
#753=CARTESIAN_POINT('',(15.1317481018522,1.14881176753595,1.92449336530809));
#754=CARTESIAN_POINT('',(15.133442474675,1.14881091334832,1.92237519224727));
#755=CARTESIAN_POINT('',(15.1338013651587,1.14881247336488,1.92193884710278));
#756=CARTESIAN_POINT('',(15.1355398950208,1.14881057386888,1.9198704965348));
#757=CARTESIAN_POINT('',(15.1373453166719,1.14880977947771,1.91780749410628));
#758=CARTESIAN_POINT('',(15.1386040906163,1.14881100646467,1.91641670522173));
#759=CARTESIAN_POINT('',(15.1401800196611,1.14881115163488,1.91472444409003));
#760=CARTESIAN_POINT('',(15.1422295500189,1.14880995196036,1.91259938580138));
#761=CARTESIAN_POINT('',(15.1438477327955,1.14881020884962,1.91097860565893));
#762=CARTESIAN_POINT('',(15.1451911480587,1.14881122417909,1.90966852468028));
#763=CARTESIAN_POINT('',(15.1471975620314,1.14881048306031,1.9077659901212));
#764=CARTESIAN_POINT('',(15.1493471411695,1.14880955856698,1.90579586503848));
#765=CARTESIAN_POINT('',(15.1507485313194,1.14881049402434,1.90454754099299));
#766=CARTESIAN_POINT('',(15.1523624183777,1.14881088835316,1.90314198084122));
#767=CARTESIAN_POINT('',(15.1546156665588,1.1488099809212,1.9012333617735));
#768=CARTESIAN_POINT('',(15.1565180291928,1.14880990473627,1.89966862935342));
#769=CARTESIAN_POINT('',(15.1579803749227,1.14881068120506,1.89849346255612));
#770=CARTESIAN_POINT('',(15.1600179921286,1.14881037333968,1.89689291699955));
#771=CARTESIAN_POINT('',(15.1623643693567,1.14880961376167,1.89510086983563));
#772=CARTESIAN_POINT('',(15.1639777071418,1.14881014846491,1.89389916520343));
#773=CARTESIAN_POINT('',(15.165565728562,1.1488106770957,1.89273904639944));
#774=CARTESIAN_POINT('',(15.1679691951038,1.14880997475162,1.89102344038084));
#775=CARTESIAN_POINT('',(15.1701342164491,1.1488097113312,1.88951805044266));
#776=CARTESIAN_POINT('',(15.1716853578297,1.14881030299933,1.88846182550598));
#777=CARTESIAN_POINT('',(15.1736964933171,1.14881025388469,1.88711816208839));
#778=CARTESIAN_POINT('',(15.1780112435584,1.14880989848835,1.88432821364468));
#779=CARTESIAN_POINT('',(15.182043875259,1.14880993817965,1.88182545560599));
#780=CARTESIAN_POINT('',(15.1860662307001,1.14881003941633,1.87942187882477));
#781=CARTESIAN_POINT('',(15.1905722510565,1.14880970805497,1.87683101419326));
#782=CARTESIAN_POINT('',(15.1942751381434,1.14881013071252,1.87477694532327));
#783=CARTESIAN_POINT('',(15.199256740642,1.14880953338212,1.87211155858003));
#784=CARTESIAN_POINT('',(15.2027906023591,1.14881005087988,1.87028395586403));
#785=CARTESIAN_POINT('',(15.2076934686432,1.14880964663315,1.86782744480494));
#786=CARTESIAN_POINT('',(15.211652409871,1.14880986457896,1.86590759093953));
#787=CARTESIAN_POINT('',(15.2162059705865,1.14880974584863,1.86376526693442));
#788=CARTESIAN_POINT('',(15.2206203428172,1.14880971533232,1.8617518896893));
#789=CARTESIAN_POINT('',(15.2262169548431,1.14881063417329,1.85928295106926));
#790=CARTESIAN_POINT('',(15.2359928901862,1.14880979208171,1.855169802301));
#791=CARTESIAN_POINT('',(15.243661069189,1.14881068708124,1.85210653950965));
#792=CARTESIAN_POINT('',(15.2542810895195,1.14880956896762,1.84807582236045));
#793=CARTESIAN_POINT('',(15.2619059070658,1.14881033458068,1.84531941994404));
#794=CARTESIAN_POINT('',(15.27702977806,1.14880964675135,1.84014745813227));
#795=CARTESIAN_POINT('',(15.2864345783971,1.1488095917555,1.83710950935517));
#796=CARTESIAN_POINT('',(15.3028171013951,1.14880965969136,1.83210875125752));
#797=CARTESIAN_POINT('',(15.3218333475282,1.14880957498277,1.82670728319862));
#798=CARTESIAN_POINT('',(15.3354883831992,1.14881001297856,1.82305558229836));
#799=CARTESIAN_POINT('',(15.3506868777837,1.1488095303357,1.819187094432));
#800=CARTESIAN_POINT('',(15.3688866114966,1.14880960596951,1.81479764525539));
#801=CARTESIAN_POINT('',(15.3872770148699,1.14880965228132,1.8105970516354));
#802=CARTESIAN_POINT('',(15.4241833427085,1.14880970657671,1.80277115546844));
#803=CARTESIAN_POINT('',(15.4628801211121,1.14880959796032,1.79528143392088));
#804=CARTESIAN_POINT('',(15.501796587142,1.14880953383194,1.78831770220261));
#805=CARTESIAN_POINT('',(15.5393662321022,1.14880955311016,1.78204543292395));
#806=CARTESIAN_POINT('',(15.6426331825725,1.14880964770652,1.76644443656345));
#807=CARTESIAN_POINT('',(15.7889366676333,1.14880959718016,1.74705500476273));
#808=CARTESIAN_POINT('',(15.9889374510149,1.14880957964092,1.72366819599029));
#809=CARTESIAN_POINT('',(16.1544735644872,1.14880953896144,1.70635423016892));
#810=CARTESIAN_POINT('',(16.3066684399169,1.14880952607502,1.69209553482195));
#811=CARTESIAN_POINT('',(16.4722439574282,1.14880957887975,1.67874339567634));
#812=CARTESIAN_POINT('',(16.6199938044141,1.14880956529377,1.66907186642157));
#813=CARTESIAN_POINT('',(16.7755192859045,1.14880954071854,1.66111682996736));
#814=CARTESIAN_POINT('',(16.9292097069702,1.14880954359851,1.65525843508696));
#815=CARTESIAN_POINT('',(17.1953813334918,1.1488096957693,1.64924863367949));
#816=CARTESIAN_POINT('',(17.7020974492277,1.14880954228338,1.64977053460226));
#817=CARTESIAN_POINT('',(17.9971988821931,1.14880953373347,1.6560137054888));
#818=CARTESIAN_POINT('',(18.308480701787,1.14880952529909,1.66651039227377));
#819=CARTESIAN_POINT('',(18.7519415147824,1.14880950786069,1.68735282675119));
#820=CARTESIAN_POINT('',(19.2876649327994,1.14880948875995,1.72022852714653));
#821=CARTESIAN_POINT('',(19.9145818996403,1.14880951688472,1.76748892064524));
#822=CARTESIAN_POINT('',(20.741879363936,1.14880926884642,1.84204454517833));
#823=CARTESIAN_POINT('',(21.892975716136,1.14880952381159,1.9672131147541));
#824=EDGE_CURVE('Edge_84',#715,#717,#718,.T.);
#825=CARTESIAN_POINT('',(15.7216657179863,2.29761904762317,1.9672131147541));
#826=VERTEX_POINT('',#825);
#827=CARTESIAN_POINT('',(22.0835704798911,2.29761904762317,1.9672131147541));
#828=VERTEX_POINT('',#827);
#829=B_SPLINE_CURVE_WITH_KNOTS('Curve_85',1,(#830, #831, #832, #833, #834, #835, #836, #837, #838, #839, #840, #841, #842, #843, #844, #845, #846, #847, #848, #849, #850, #851, #852, #853, #854, #855, #856, #857, #858, #859, #860, #861, #862, #863, #864, #865, #866, #867, #868, #869, #870, #871, #872, #873, #874, #875, #876, #877, #878, #879, #880, #881, #882, #883, #884, #885, #886, #887, #888, #889, #890, #891, #892, #893, #894, #895, #896, #897, #898, #899, #900, #901, #902, #903, #904, #905, #906, #907, #908, #909, #910, #911, #912, #913, #914, #915, #916, #917, #918, #919, #920, #921, #922, #923, #924, #925, #926, #927, #928, #929, #930, #931, #932),.POLYLINE_FORM.,.F.,.F.,(2,1,1,1,1,1,1,1,1,1,1,1,1,1,1,1,1,1,1,1,1,1,1,1,1,1,1,1,1,1,1,1,1,1,1,1,1,1,1,1,1,1,1,1,1,1,1,1,1,1,1,1,1,1,1,1,1,1,1,1,1,1,1,1,1,1,1,1,1,1,1,1,1,1,1,1,1,1,1,1,1,1,1,1,1,1,1,1,1,1,1,1,1,1,1,1,1,1,1,1,1,1,2),(0.,1.,2.,3.,4.,5.,6.,7.,8.,9.,10.,11.,12.,13.,14.,15.,16.,17.,18.,19.,20.,21.,22.,23.,24.,25.,26.,27.,28.,29.,30.,31.,32.,33.,34.,35.,36.,37.,38.,39.,40.,41.,42.,43.,44.,45.,46.,47.,48.,49.,50.,51.,52.,53.,54.,55.,56.,57.,58.,59.,60.,61.,62.,63.,64.,65.,66.,67.,68.,69.,70.,71.,72.,73.,74.,75.,76.,77.,78.,79.,80.,81.,82.,83.,84.,85.,86.,87.,88.,89.,90.,91.,92.,93.,94.,95.,96.,97.,98.,99.,100.,101.,102.),.UNIFORM_KNOTS.);
#830=CARTESIAN_POINT('',(15.7216657179863,2.29761904762317,1.9672131147541));
#831=CARTESIAN_POINT('',(15.7219111746522,2.29761979878533,1.96617755320552));
#832=CARTESIAN_POINT('',(15.7221757075136,2.2976202049687,1.96511580376443));
#833=CARTESIAN_POINT('',(15.7224804085647,2.29761945659884,1.96395173362193));
#834=CARTESIAN_POINT('',(15.7227827762247,2.29761937480371,1.96285426046333));
#835=CARTESIAN_POINT('',(15.7230762331784,2.29762009864297,1.9618373935176));
#836=CARTESIAN_POINT('',(15.7234081764236,2.29761984590271,1.96073405666464));
#837=CARTESIAN_POINT('',(15.723767547517,2.29761912636225,1.95959043103425));
#838=CARTESIAN_POINT('',(15.7241018521505,2.29761967753578,1.95857123398996));
#839=CARTESIAN_POINT('',(15.7244475530689,2.29762021138989,1.95755570845962));
#840=CARTESIAN_POINT('',(15.7248465484691,2.29761950582957,1.95642522226756));
#841=CARTESIAN_POINT('',(15.7252433025617,2.29761927672637,1.95534338071235));
#842=CARTESIAN_POINT('',(15.725619376028,2.29761998051134,1.95435401791958));
#843=CARTESIAN_POINT('',(15.7260351524794,2.29761989179878,1.95329546392056));
#844=CARTESIAN_POINT('',(15.7264871459674,2.29761919914944,1.95218344804739));
#845=CARTESIAN_POINT('',(15.7269099233785,2.2976195779651,1.95117857457151));
#846=CARTESIAN_POINT('',(15.7273312700175,2.2976202444373,1.95020731426388));
#847=CARTESIAN_POINT('',(15.7278209567286,2.29761956462157,1.94911121941175));
#848=CARTESIAN_POINT('',(15.7283106032833,2.297619195337,1.94804969208069));
#849=CARTESIAN_POINT('',(15.7287651484451,2.29761984987041,1.94709352585813));
#850=CARTESIAN_POINT('',(15.7292573909999,2.29761991192435,1.94608564776931));
#851=CARTESIAN_POINT('',(15.7297961990497,2.29761926103623,1.94501302847686));
#852=CARTESIAN_POINT('',(15.7303040347804,2.29761947444928,1.94403084309135));
#853=CARTESIAN_POINT('',(15.7311427475525,2.29762326070594,1.9424667984582));
#854=CARTESIAN_POINT('',(15.7323009405757,2.29762120547857,1.94040098692677));
#855=CARTESIAN_POINT('',(15.7335055801941,2.2976193173551,1.93836195233389));
#856=CARTESIAN_POINT('',(15.7342957922599,2.29762322472283,1.93708248939129));
#857=CARTESIAN_POINT('',(15.7350693794018,2.29761984218002,1.93586112798894));
#858=CARTESIAN_POINT('',(15.7362137097518,2.29762202495434,1.93412241272989));
#859=CARTESIAN_POINT('',(15.7374997265339,2.29762166233491,1.93224621781535));
#860=CARTESIAN_POINT('',(15.738896482612,2.29761950281317,1.93029337900817));
#861=CARTESIAN_POINT('',(15.7402004405655,2.29762064078817,1.92854555347923));
#862=CARTESIAN_POINT('',(15.7414970782076,2.2976225326323,1.92687136755293));
#863=CARTESIAN_POINT('',(15.743000585871,2.29762050621675,1.92499935605243));
#864=CARTESIAN_POINT('',(15.7444988641526,2.2976194643642,1.92320497203918));
#865=CARTESIAN_POINT('',(15.7458843111634,2.29762123037237,1.92160473785481));
#866=CARTESIAN_POINT('',(15.7473794865638,2.29762130833472,1.91993339469753));
#867=CARTESIAN_POINT('',(15.749009626474,2.29761958343998,1.91817197528834));
#868=CARTESIAN_POINT('',(15.7505388796001,2.29762011925678,1.91657484400977));
#869=CARTESIAN_POINT('',(15.7520262058948,2.29762158401609,1.91506842060058));
#870=CARTESIAN_POINT('',(15.7537155042036,2.297620326597,1.91340740680739));
#871=CARTESIAN_POINT('',(15.7554308764109,2.2976192074949,1.91177293920005));
#872=CARTESIAN_POINT('',(15.7569853867467,2.2976205571731,1.91033507343572));
#873=CARTESIAN_POINT('',(15.7586291507202,2.29762089819029,1.9088547899423));
#874=CARTESIAN_POINT('',(15.7604352076319,2.29761958388574,1.90727264876429));
#875=CARTESIAN_POINT('',(15.762142845588,2.29761971795138,1.90581797330572));
#876=CARTESIAN_POINT('',(15.7637714202871,2.29762083016008,1.90446559715789));
#877=CARTESIAN_POINT('',(15.7655874669408,2.29762013552902,1.90299432161963));
#878=CARTESIAN_POINT('',(15.7674715976496,2.29761904762317,1.90150741449482));
#879=CARTESIAN_POINT('',(15.7691492006198,2.29762007914028,1.90021649766888));
#880=CARTESIAN_POINT('',(15.7708912802068,2.29762056710117,1.89890613202759));
#881=CARTESIAN_POINT('',(15.7728257908724,2.29761956085449,1.89748487473639));
#882=CARTESIAN_POINT('',(15.7746742821349,2.29761945820823,1.89615929213181));
#883=CARTESIAN_POINT('',(15.7783092568514,2.29761996214982,1.89363832421671));
#884=CARTESIAN_POINT('',(15.7820989312981,2.29761973680472,1.89112068281595));
#885=CARTESIAN_POINT('',(15.7859353727653,2.2976195046865,1.8886757594965));
#886=CARTESIAN_POINT('',(15.7897065303284,2.29761991903635,1.88636486258044));
#887=CARTESIAN_POINT('',(15.7937333604842,2.2976191792278,1.88399029258525));
#888=CARTESIAN_POINT('',(15.797469491474,2.29762004837546,1.88186761105534));
#889=CARTESIAN_POINT('',(15.801624442813,2.29761916640917,1.87959015521243));
#890=CARTESIAN_POINT('',(15.8054785344966,2.29761967187309,1.87755107194614));
#891=CARTESIAN_POINT('',(15.8095838498243,2.29761934655316,1.87544929667057));
#892=CARTESIAN_POINT('',(15.8136032442785,2.29761941241134,1.87345726176397));
#893=CARTESIAN_POINT('',(15.8176469338514,2.29761948336439,1.87151488468589));
#894=CARTESIAN_POINT('',(15.8218278874708,2.29761920641246,1.86956771693149));
#895=CARTESIAN_POINT('',(15.8245393118357,2.2976191233102,1.86833647790597));
#896=CARTESIAN_POINT('',(15.8296772221899,2.29762123299135,1.86606760558518));
#897=CARTESIAN_POINT('',(15.8384074205376,2.29761929981425,1.86238371690108));
#898=CARTESIAN_POINT('',(15.846503267473,2.29762032769092,1.85914526194611));
#899=CARTESIAN_POINT('',(15.8551243536268,2.29761963389531,1.85586526703721));
#900=CARTESIAN_POINT('',(15.8635598101603,2.2976196972426,1.85280776825011));
#901=CARTESIAN_POINT('',(15.8774916407417,2.29761911623023,1.84804485255859));
#902=CARTESIAN_POINT('',(15.8861480915748,2.29761904762317,1.84524653841003));
#903=CARTESIAN_POINT('',(15.8947168306224,2.29761910483221,1.84258757147414));
#904=CARTESIAN_POINT('',(15.9033143400658,2.29761914958424,1.84002171598129));
#905=CARTESIAN_POINT('',(15.91193746979,2.29761918314968,1.83754224355523));
#906=CARTESIAN_POINT('',(15.9205830699171,2.29761920667573,1.83514242558799));
#907=CARTESIAN_POINT('',(15.9364095532423,2.29761945341712,1.83094887593211));
#908=CARTESIAN_POINT('',(15.9540640794874,2.29761927171986,1.82654416984878));
#909=CARTESIAN_POINT('',(15.9717766583585,2.29761913918087,1.82237811395144));
#910=CARTESIAN_POINT('',(15.9859738888558,2.29761937994003,1.81919805394222));
#911=CARTESIAN_POINT('',(16.0215955557559,2.29761916880178,1.81175705956507));
#912=CARTESIAN_POINT('',(16.0573417527889,2.29761904762317,1.8049302171961));
#913=CARTESIAN_POINT('',(16.0926785563425,2.29761912025521,1.79866850024088));
#914=CARTESIAN_POINT('',(16.1280836508175,2.29761915164684,1.79280268473853));
#915=CARTESIAN_POINT('',(16.2239221137289,2.29761929241368,1.77840212207671));
#916=CARTESIAN_POINT('',(16.3682397610994,2.29761904762317,1.75939319776796));
#917=CARTESIAN_POINT('',(16.5482843065824,2.2976191346609,1.73843743796163));
#918=CARTESIAN_POINT('',(16.7019372359914,2.29761906832254,1.72238908131505));
#919=CARTESIAN_POINT('',(16.8432381889395,2.29761904762317,1.70915709678271));
#920=CARTESIAN_POINT('',(16.9988523897688,2.29761914756787,1.69660809157133));
#921=CARTESIAN_POINT('',(17.1441105485181,2.29761904762317,1.68715196823216));
#922=CARTESIAN_POINT('',(17.2874759676463,2.29761910899258,1.67989460840371));
#923=CARTESIAN_POINT('',(17.4329377055702,2.29761904762317,1.67441060586961));
#924=CARTESIAN_POINT('',(17.6717113520824,2.29761904762317,1.66902448225512));
#925=CARTESIAN_POINT('',(18.1493659927013,2.29761904762317,1.66939708184033));
#926=CARTESIAN_POINT('',(18.4363998549718,2.29761906898922,1.67549680119046));
#927=CARTESIAN_POINT('',(18.7273624183748,2.29761904762317,1.68538790627735));
#928=CARTESIAN_POINT('',(19.0811490040199,2.29761904359431,1.70172166081639));
#929=CARTESIAN_POINT('',(19.652093964973,2.29761898817492,1.7363811251175));
#930=CARTESIAN_POINT('',(20.2326963562996,2.29761904762317,1.78026962429577));
#931=CARTESIAN_POINT('',(21.0258866818195,2.29761867410127,1.85196765856898));
#932=CARTESIAN_POINT('',(22.0835704798911,2.29761904762317,1.9672131147541));
#933=EDGE_CURVE('Edge_85',#826,#828,#829,.T.);
#934=CARTESIAN_POINT('',(16.3324985769795,3.44642857143476,1.9672131147541));
#935=VERTEX_POINT('',#934);
#936=CARTESIAN_POINT('',(22.2741652436461,3.44642857143476,1.9672131147541));
#937=VERTEX_POINT('',#936);
#938=B_SPLINE_CURVE_WITH_KNOTS('Curve_86',1,(#939, #940, #941, #942, #943, #944, #945, #946, #947, #948, #949, #950, #951, #952, #953, #954, #955, #956, #957, #958, #959, #960, #961, #962, #963, #964, #965, #966, #967, #968, #969, #970, #971, #972, #973, #974, #975, #976, #977, #978, #979, #980, #981, #982, #983, #984, #985, #986, #987, #988, #989, #990, #991, #992, #993, #994, #995, #996, #997, #998, #999, #1000, #1001, #1002, #1003, #1004, #1005, #1006, #1007, #1008, #1009, #1010, #1011, #1012, #1013, #1014, #1015, #1016, #1017, #1018, #1019, #1020, #1021, #1022, #1023, #1024, #1025, #1026, #1027, #1028, #1029, #1030, #1031, #1032, #1033, #1034, #1035, #1036, #1037, #1038, #1039, #1040, #1041, #1042, #1043, #1044, #1045, #1046, #1047, #1048, #1049),.POLYLINE_FORM.,.F.,.F.,(2,1,1,1,1,1,1,1,1,1,1,1,1,1,1,1,1,1,1,1,1,1,1,1,1,1,1,1,1,1,1,1,1,1,1,1,1,1,1,1,1,1,1,1,1,1,1,1,1,1,1,1,1,1,1,1,1,1,1,1,1,1,1,1,1,1,1,1,1,1,1,1,1,1,1,1,1,1,1,1,1,1,1,1,1,1,1,1,1,1,1,1,1,1,1,1,1,1,1,1,1,1,1,1,1,1,1,1,1,1,2),(0.,1.,2.,3.,4.,5.,6.,7.,8.,9.,10.,11.,12.,13.,14.,15.,16.,17.,18.,19.,20.,21.,22.,23.,24.,25.,26.,27.,28.,29.,30.,31.,32.,33.,34.,35.,36.,37.,38.,39.,40.,41.,42.,43.,44.,45.,46.,47.,48.,49.,50.,51.,52.,53.,54.,55.,56.,57.,58.,59.,60.,61.,62.,63.,64.,65.,66.,67.,68.,69.,70.,71.,72.,73.,74.,75.,76.,77.,78.,79.,80.,81.,82.,83.,84.,85.,86.,87.,88.,89.,90.,91.,92.,93.,94.,95.,96.,97.,98.,99.,100.,101.,102.,103.,104.,105.,106.,107.,108.,109.,110.),.UNIFORM_KNOTS.);
#939=CARTESIAN_POINT('',(16.3324985769795,3.44642857143476,1.9672131147541));
#940=CARTESIAN_POINT('',(16.332767361275,3.4464292487884,1.96608366476513));
#941=CARTESIAN_POINT('',(16.3330393771265,3.44642961488801,1.96500309682686));
#942=CARTESIAN_POINT('',(16.3332835250235,3.44642894010311,1.96407784302382));
#943=CARTESIAN_POINT('',(16.3335619431862,3.44642886636944,1.96307104792527));
#944=CARTESIAN_POINT('',(16.3338839895712,3.44642951871424,1.96196231182378));
#945=CARTESIAN_POINT('',(16.3341803663954,3.44642929080372,1.96098571696394));
#946=CARTESIAN_POINT('',(16.3344672160517,3.44642864237902,1.96007638954859));
#947=CARTESIAN_POINT('',(16.3348206346207,3.44642913898885,1.95900214925913));
#948=CARTESIAN_POINT('',(16.3351876037291,3.44642961982775,1.9579322767408));
#949=CARTESIAN_POINT('',(16.3355068810352,3.44642898415108,1.9570336545355));
#950=CARTESIAN_POINT('',(16.3358592419117,3.44642877779292,1.95607553889552));
#951=CARTESIAN_POINT('',(16.3362711483242,3.44642941196602,1.95499672368981));
#952=CARTESIAN_POINT('',(16.3366549963469,3.44642933202353,1.95402617222883));
#953=CARTESIAN_POINT('',(16.337015662265,3.44642870795546,1.95314209959832));
#954=CARTESIAN_POINT('',(16.3374472476123,3.44642904925721,1.95211883383217));
#955=CARTESIAN_POINT('',(16.3379093282627,3.44642964971433,1.95106021115998));
#956=CARTESIAN_POINT('',(16.3383008062955,3.44642903722297,1.95018922649285));
#957=CARTESIAN_POINT('',(16.3387202156117,3.4464287045171,1.94928207920324));
#958=CARTESIAN_POINT('',(16.3392174071736,3.4464292942089,1.94823950689738));
#959=CARTESIAN_POINT('',(16.3396873919391,3.4464293501075,1.94728267149415));
#960=CARTESIAN_POINT('',(16.3401171889475,3.44642876370262,1.94643010146008));
#961=CARTESIAN_POINT('',(16.3406177612765,3.44642895597048,1.94546401164525));
#962=CARTESIAN_POINT('',(16.3410097549762,3.44642995951606,1.9447266683237));
#963=CARTESIAN_POINT('',(16.3416165355526,3.44643235711102,1.94361589464127));
#964=CARTESIAN_POINT('',(16.3420052185788,3.44642945475922,1.94291798003249));
#965=CARTESIAN_POINT('',(16.3425791740827,3.44643051004872,1.94191625219038));
#966=CARTESIAN_POINT('',(16.343164882488,3.44643160051908,1.94092133723245));
#967=CARTESIAN_POINT('',(16.3435755075617,3.44642881376151,1.9402361439562));
#968=CARTESIAN_POINT('',(16.344239870935,3.44643101236209,1.93915874210919));
#969=CARTESIAN_POINT('',(16.3447969018241,3.44643089612746,1.93827637208876));
#970=CARTESIAN_POINT('',(16.3455489307647,3.44643111780343,1.93711602880642));
#971=CARTESIAN_POINT('',(16.3463333479219,3.44643124551311,1.93594053640651));
#972=CARTESIAN_POINT('',(16.3475204231602,3.4464309195663,1.93422343034714));
#973=CARTESIAN_POINT('',(16.3486348090219,3.44642898017815,1.93267248093576));
#974=CARTESIAN_POINT('',(16.3494165251486,3.44643133045264,1.9316201694595));
#975=CARTESIAN_POINT('',(16.349965738815,3.44643000203662,1.93089394677251));
#976=CARTESIAN_POINT('',(16.3505756564536,3.4464294515129,1.93010214812003));
#977=CARTESIAN_POINT('',(16.3513870662415,3.44643170060147,1.92907259363777));
#978=CARTESIAN_POINT('',(16.3525883472782,3.44642988101666,1.92758792240385));
#979=CARTESIAN_POINT('',(16.3538713685099,3.44642894560102,1.92605568829593));
#980=CARTESIAN_POINT('',(16.3553862246639,3.44643053013236,1.92431271961286));
#981=CARTESIAN_POINT('',(16.356812654732,3.44643059975788,1.92272909982731));
#982=CARTESIAN_POINT('',(16.358112302978,3.44642905210199,1.92133078109065));
#983=CARTESIAN_POINT('',(16.3596191609765,3.44642953276922,1.91976097865109));
#984=CARTESIAN_POINT('',(16.3600108918121,3.44642882651916,1.91936075886609));
#985=CARTESIAN_POINT('',(16.3615923410241,3.4464297847875,1.91778000541228));
#986=CARTESIAN_POINT('',(16.3632203529364,3.4464307221624,1.91620457568277));
#987=CARTESIAN_POINT('',(16.3646114497654,3.44642938366378,1.91489610097848));
#988=CARTESIAN_POINT('',(16.3661187665791,3.44642897754927,1.91351647558275));
#989=CARTESIAN_POINT('',(16.3678455231462,3.4464301031778,1.91198168503848));
#990=CARTESIAN_POINT('',(16.3694249392377,3.44642989371157,1.9106165016758));
#991=CARTESIAN_POINT('',(16.3708847490402,3.44642879989084,1.90938553507503));
#992=CARTESIAN_POINT('',(16.3726003989405,3.44642937103103,1.90797584410056));
#993=CARTESIAN_POINT('',(16.3744041685595,3.44643030635739,1.90653374586522));
#994=CARTESIAN_POINT('',(16.3759093155494,3.44642929104414,1.90535921797824));
#995=CARTESIAN_POINT('',(16.3774980730091,3.44642877703744,1.90414737167014));
#996=CARTESIAN_POINT('',(16.3793510407797,3.44642964216881,1.90276866252633));
#997=CARTESIAN_POINT('',(16.3810761035076,3.4464296760436,1.90151607304226));
#998=CARTESIAN_POINT('',(16.3826327451626,3.44642883224677,1.90041000232302));
#999=CARTESIAN_POINT('',(16.3844200561732,3.44642909305878,1.89916780649825));
#1000=CARTESIAN_POINT('',(16.3863313258557,3.44642980143479,1.89787028454073));
#1001=CARTESIAN_POINT('',(16.3879589284057,3.44642918934031,1.8967886413465));
#1002=CARTESIAN_POINT('',(16.3915431680805,3.44642928794623,1.89447893876362));
#1003=CARTESIAN_POINT('',(16.3950162212439,3.44642883208706,1.89232711119172));
#1004=CARTESIAN_POINT('',(16.398831664946,3.44642944021255,1.89005393212694));
#1005=CARTESIAN_POINT('',(16.4022205078555,3.44642857143476,1.88810812819021));
#1006=CARTESIAN_POINT('',(16.4061843580657,3.44642931740185,1.88591408087736));
#1007=CARTESIAN_POINT('',(16.4097098267623,3.44642877360029,1.8840307535835));
#1008=CARTESIAN_POINT('',(16.4135768879885,3.44642901870872,1.88203295835833));
#1009=CARTESIAN_POINT('',(16.4173107375364,3.44642891386346,1.88016601113008));
#1010=CARTESIAN_POINT('',(16.4210675095227,3.44642880611613,1.87834558568823));
#1011=CARTESIAN_POINT('',(16.4250072933875,3.44642901959385,1.87649535584092));
#1012=CARTESIAN_POINT('',(16.4286442134558,3.44642863936631,1.87483751298345));
#1013=CARTESIAN_POINT('',(16.4344605097227,3.44643052534439,1.87227957223768));
#1014=CARTESIAN_POINT('',(16.4416655875251,3.44642879688606,1.86925220217596));
#1015=CARTESIAN_POINT('',(16.4499162275157,3.44642971550917,1.86596213916922));
#1016=CARTESIAN_POINT('',(16.457557286033,3.44642909536415,1.86306633397614));
#1017=CARTESIAN_POINT('',(16.4655771364243,3.44642915184086,1.86016775317163));
#1018=CARTESIAN_POINT('',(16.4781716861601,3.44642863309073,1.85587024862664));
#1019=CARTESIAN_POINT('',(16.4861160033605,3.44642857143476,1.85330308808245));
#1020=CARTESIAN_POINT('',(16.4942601180287,3.44642862284312,1.85077676226057));
#1021=CARTESIAN_POINT('',(16.5024320051003,3.44642866305257,1.84834037711063));
#1022=CARTESIAN_POINT('',(16.5106285643332,3.44642869320536,1.84598731023454));
#1023=CARTESIAN_POINT('',(16.5188466956989,3.44642871433209,1.84371093902414));
#1024=CARTESIAN_POINT('',(16.5339162067703,3.44642893516995,1.83972923553708));
#1025=CARTESIAN_POINT('',(16.5475884303103,3.44642874870465,1.83631147079363));
#1026=CARTESIAN_POINT('',(16.5638625636851,3.44642883482895,1.83245623888238));
#1027=CARTESIAN_POINT('',(16.5805025991587,3.44642886966633,1.82872235666045));
#1028=CARTESIAN_POINT('',(16.6103179617548,3.44642868638483,1.82248501556783));
#1029=CARTESIAN_POINT('',(16.6402289125277,3.44642857143476,1.81671612968469));
#1030=CARTESIAN_POINT('',(16.6738014899213,3.44642864002365,1.81069634315659));
#1031=CARTESIAN_POINT('',(16.7074425817971,3.44642866720223,1.80507064510022));
#1032=CARTESIAN_POINT('',(16.7966983780466,3.44642857143476,1.79156567380167));
#1033=CARTESIAN_POINT('',(16.9319498528602,3.44642869107327,1.77366804664234));
#1034=CARTESIAN_POINT('',(17.1019088639731,3.44642862420451,1.75383574869181));
#1035=CARTESIAN_POINT('',(17.2455655929249,3.44642857143476,1.73880423242768));
#1036=CARTESIAN_POINT('',(17.3799851418237,3.44642857143476,1.72620308749077));
#1037=CARTESIAN_POINT('',(17.5321137693949,3.44642857143476,1.71399169557401));
#1038=CARTESIAN_POINT('',(17.6682644340045,3.44642864348422,1.70523529177116));
#1039=CARTESIAN_POINT('',(17.7899548195192,3.44642857143476,1.69909125484699));
#1040=CARTESIAN_POINT('',(17.9189978985301,3.44642857143476,1.69412887650579));
#1041=CARTESIAN_POINT('',(18.1448403295963,3.4464286803821,1.68884914535312));
#1042=CARTESIAN_POINT('',(18.5998361651348,3.44642857143476,1.68906943581087));
#1043=CARTESIAN_POINT('',(18.8726369443346,3.44642859043653,1.69489884372225));
#1044=CARTESIAN_POINT('',(19.10730396332,3.44642857790913,1.70273859530283));
#1045=CARTESIAN_POINT('',(19.4680197219529,3.44642857143476,1.71915193218887));
#1046=CARTESIAN_POINT('',(20.0127363642497,3.44642851734219,1.75227726492858));
#1047=CARTESIAN_POINT('',(20.5278233633013,3.44642850252149,1.79116456366664));
#1048=CARTESIAN_POINT('',(21.3051714924212,3.44642823262521,1.86143522416939));
#1049=CARTESIAN_POINT('',(22.2741652436461,3.44642857143476,1.9672131147541));
#1050=EDGE_CURVE('Edge_86',#935,#937,#938,.T.);
#1051=CARTESIAN_POINT('',(16.9433314359726,4.59523809524635,1.9672131147541));
#1052=VERTEX_POINT('',#1051);
#1053=CARTESIAN_POINT('',(22.4647600074012,4.59523809524635,1.9672131147541));
#1054=VERTEX_POINT('',#1053);
#1055=B_SPLINE_CURVE_WITH_KNOTS('Curve_87',1,(#1056, #1057, #1058, #1059, #1060, #1061, #1062, #1063, #1064, #1065, #1066, #1067, #1068, #1069, #1070, #1071, #1072, #1073, #1074, #1075, #1076, #1077, #1078, #1079, #1080, #1081, #1082, #1083, #1084, #1085, #1086, #1087, #1088, #1089, #1090, #1091, #1092, #1093, #1094, #1095, #1096, #1097, #1098, #1099, #1100, #1101, #1102, #1103, #1104, #1105, #1106, #1107, #1108, #1109, #1110, #1111, #1112, #1113, #1114, #1115, #1116, #1117, #1118, #1119, #1120, #1121, #1122, #1123, #1124, #1125, #1126, #1127, #1128, #1129, #1130, #1131, #1132, #1133, #1134, #1135, #1136, #1137, #1138, #1139, #1140, #1141, #1142, #1143, #1144, #1145, #1146, #1147, #1148, #1149, #1150, #1151, #1152, #1153, #1154, #1155, #1156, #1157, #1158, #1159, #1160, #1161, #1162),.POLYLINE_FORM.,.F.,.F.,(2,1,1,1,1,1,1,1,1,1,1,1,1,1,1,1,1,1,1,1,1,1,1,1,1,1,1,1,1,1,1,1,1,1,1,1,1,1,1,1,1,1,1,1,1,1,1,1,1,1,1,1,1,1,1,1,1,1,1,1,1,1,1,1,1,1,1,1,1,1,1,1,1,1,1,1,1,1,1,1,1,1,1,1,1,1,1,1,1,1,1,1,1,1,1,1,1,1,1,1,1,1,1,1,1,1,2),(0.,1.,2.,3.,4.,5.,6.,7.,8.,9.,10.,11.,12.,13.,14.,15.,16.,17.,18.,19.,20.,21.,22.,23.,24.,25.,26.,27.,28.,29.,30.,31.,32.,33.,34.,35.,36.,37.,38.,39.,40.,41.,42.,43.,44.,45.,46.,47.,48.,49.,50.,51.,52.,53.,54.,55.,56.,57.,58.,59.,60.,61.,62.,63.,64.,65.,66.,67.,68.,69.,70.,71.,72.,73.,74.,75.,76.,77.,78.,79.,80.,81.,82.,83.,84.,85.,86.,87.,88.,89.,90.,91.,92.,93.,94.,95.,96.,97.,98.,99.,100.,101.,102.,103.,104.,105.,106.),.UNIFORM_KNOTS.);
#1056=CARTESIAN_POINT('',(16.9433314359726,4.59523809524635,1.9672131147541));
#1057=CARTESIAN_POINT('',(16.943616313403,4.59523850355845,1.96602020455735));
#1058=CARTESIAN_POINT('',(16.9438878174801,4.59523870445345,1.96495146928913));
#1059=CARTESIAN_POINT('',(16.9440756132483,4.59523829793342,1.96424480609979));
#1060=CARTESIAN_POINT('',(16.9443354531551,4.59523829245539,1.96330789968197));
#1061=CARTESIAN_POINT('',(16.944677392575,4.5952386852455,1.96213719052597));
#1062=CARTESIAN_POINT('',(16.944927710095,4.59523849061824,1.96131808425924));
#1063=CARTESIAN_POINT('',(16.9451472834364,4.59523810051467,1.96062321913014));
#1064=CARTESIAN_POINT('',(16.9455263045718,4.59523847456588,1.95947258132978));
#1065=CARTESIAN_POINT('',(16.9458862511906,4.59523867127661,1.95842856236481));
#1066=CARTESIAN_POINT('',(16.9461310718867,4.5952382892941,1.95774200203581));
#1067=CARTESIAN_POINT('',(16.9464642024434,4.59523827397454,1.95683709443281));
#1068=CARTESIAN_POINT('',(16.9469006067079,4.59523865701173,1.95569786458923));
#1069=CARTESIAN_POINT('',(16.9472195036431,4.59523848034344,1.95489480150968));
#1070=CARTESIAN_POINT('',(16.9474951297415,4.59523810538415,1.9542190925827));
#1071=CARTESIAN_POINT('',(16.9479640843601,4.59523845513853,1.95310715451597));
#1072=CARTESIAN_POINT('',(16.9484103340146,4.59523865573822,1.95208777941345));
#1073=CARTESIAN_POINT('',(16.9487099482123,4.59523828794994,1.95142226850031));
#1074=CARTESIAN_POINT('',(16.94911205014,4.59523826324435,1.95055244280482));
#1075=CARTESIAN_POINT('',(16.9496380789855,4.59523861731036,1.94945140943592));
#1076=CARTESIAN_POINT('',(16.9500226821983,4.59523846144189,1.94867009132213));
#1077=CARTESIAN_POINT('',(16.9503508190491,4.59523810952307,1.94801828986527));
#1078=CARTESIAN_POINT('',(16.9509023722392,4.59523842836979,1.94695278415892));
#1079=CARTESIAN_POINT('',(16.9519029438453,4.59524020745092,1.94510621415872));
#1080=CARTESIAN_POINT('',(16.9526223045545,4.59523881303481,1.94383696568904));
#1081=CARTESIAN_POINT('',(16.9534057971687,4.59524032936294,1.94250885016523));
#1082=CARTESIAN_POINT('',(16.9535911899152,4.59523868742183,1.94220010357353));
#1083=CARTESIAN_POINT('',(16.9541911774426,4.59523910216655,1.94122386678084));
#1084=CARTESIAN_POINT('',(16.9548829112663,4.59523991975132,1.94013062101287));
#1085=CARTESIAN_POINT('',(16.9558440333592,4.59523936553973,1.93866248658164));
#1086=CARTESIAN_POINT('',(16.9566351325803,4.59523817184618,1.9374953309873));
#1087=CARTESIAN_POINT('',(16.9574101173667,4.59524034889594,1.9363881402982));
#1088=CARTESIAN_POINT('',(16.9581688531826,4.59523831647066,1.93533099015997));
#1089=CARTESIAN_POINT('',(16.9590023070623,4.59523926760252,1.93420391000895));
#1090=CARTESIAN_POINT('',(16.9596296812276,4.5952394113107,1.93337572033168));
#1091=CARTESIAN_POINT('',(16.959885683464,4.59523816038329,1.93304172643269));
#1092=CARTESIAN_POINT('',(16.9608668550915,4.59523948483439,1.93179068391597));
#1093=CARTESIAN_POINT('',(16.9617831940779,4.59523841369838,1.93065444630084));
#1094=CARTESIAN_POINT('',(16.9631487847996,4.59523878753337,1.92901829769145));
#1095=CARTESIAN_POINT('',(16.9647501816807,4.59523971531017,1.92717787334955));
#1096=CARTESIAN_POINT('',(16.9657713478267,4.59523884529969,1.92604363034898));
#1097=CARTESIAN_POINT('',(16.9668807380282,4.59523825775791,1.92484442677546));
#1098=CARTESIAN_POINT('',(16.9685679853353,4.59523911418218,1.92308223946912));
#1099=CARTESIAN_POINT('',(16.9699932922473,4.59523918302658,1.92164586769102));
#1100=CARTESIAN_POINT('',(16.9710350812679,4.59523834965487,1.92062377631642));
#1101=CARTESIAN_POINT('',(16.9725673863662,4.59523861466375,1.91916163830984));
#1102=CARTESIAN_POINT('',(16.9743613435952,4.59523931612796,1.91750684808264));
#1103=CARTESIAN_POINT('',(16.9755080918863,4.59523867080158,1.91647841461582));
#1104=CARTESIAN_POINT('',(16.976726731074,4.59523820847033,1.9154095704955));
#1105=CARTESIAN_POINT('',(16.9785835274026,4.59523885046458,1.91382617587529));
#1106=CARTESIAN_POINT('',(16.9801525262554,4.59523892311152,1.91252727568627));
#1107=CARTESIAN_POINT('',(16.981286730596,4.59523829569956,1.91160921908596));
#1108=CARTESIAN_POINT('',(16.9829369135576,4.59523848011652,1.91030411904988));
#1109=CARTESIAN_POINT('',(16.9848713410021,4.59523901496147,1.90881735392426));
#1110=CARTESIAN_POINT('',(16.9861138650635,4.59523854142632,1.9078852025288));
#1111=CARTESIAN_POINT('',(16.9874082018358,4.59523817440731,1.90693255346331));
#1112=CARTESIAN_POINT('',(16.9893899812844,4.59523866685657,1.90550880330464));
#1113=CARTESIAN_POINT('',(16.9910699237503,4.595238731459,1.90433270071159));
#1114=CARTESIAN_POINT('',(16.9922732745918,4.5952382528326,1.90350662871045));
#1115=CARTESIAN_POINT('',(16.9940081701781,4.59523838011379,1.90233915500949));
#1116=CARTESIAN_POINT('',(16.9960481573954,4.59523878028854,1.90099973966393));
#1117=CARTESIAN_POINT('',(16.9987130141989,4.59523814825437,1.89930006142732));
#1118=CARTESIAN_POINT('',(17.0025516913419,4.59523857726121,1.8969445563266));
#1119=CARTESIAN_POINT('',(17.0055976013586,4.59523830638642,1.89514744224642));
#1120=CARTESIAN_POINT('',(17.0090915690752,4.59523836085988,1.89315876916627));
#1121=CARTESIAN_POINT('',(17.0126166594721,4.59523841836952,1.89122541669958));
#1122=CARTESIAN_POINT('',(17.0157414156247,4.59523819202547,1.8895684501483));
#1123=CARTESIAN_POINT('',(17.0197497099767,4.59523848582224,1.88751440902664));
#1124=CARTESIAN_POINT('',(17.0225803949027,4.59523812058603,1.8861087101072));
#1125=CARTESIAN_POINT('',(17.0266626835103,4.59523839045145,1.88414335564207));
#1126=CARTESIAN_POINT('',(17.0298435333684,4.59523821683247,1.88265954107712));
#1127=CARTESIAN_POINT('',(17.033530062963,4.59523826110418,1.88098893329168));
#1128=CARTESIAN_POINT('',(17.0394019192084,4.59523881537871,1.87842795526672));
#1129=CARTESIAN_POINT('',(17.0459814392594,4.59523832473789,1.8756894111555));
#1130=CARTESIAN_POINT('',(17.0543103787391,4.59523891017909,1.87240365935444));
#1131=CARTESIAN_POINT('',(17.060227604225,4.59523813384918,1.87018023034709));
#1132=CARTESIAN_POINT('',(17.0658825965484,4.59523848492441,1.86813383172576));
#1133=CARTESIAN_POINT('',(17.0780750150851,4.59523816619569,1.86395226205401));
#1134=CARTESIAN_POINT('',(17.0857236168242,4.59523819731781,1.86147382996576));
#1135=CARTESIAN_POINT('',(17.1005911580576,4.59523816989144,1.85693972498327));
#1136=CARTESIAN_POINT('',(17.1151332378925,4.59523810582897,1.85281905738642));
#1137=CARTESIAN_POINT('',(17.1278898675035,4.59523814280997,1.8494197457325));
#1138=CARTESIAN_POINT('',(17.143486225306,4.59523820603238,1.84550214975192));
#1139=CARTESIAN_POINT('',(17.1591358566606,4.59523824442575,1.84180219223622));
#1140=CARTESIAN_POINT('',(17.1748286969383,4.59523827174805,1.8382918060583));
#1141=CARTESIAN_POINT('',(17.2044224303672,4.59523815154009,1.83213826882171));
#1142=CARTESIAN_POINT('',(17.234537124841,4.59523810711408,1.82639228564703));
#1143=CARTESIAN_POINT('',(17.266206223131,4.59523814834756,1.82078526339752));
#1144=CARTESIAN_POINT('',(17.2935475696647,4.59523810945302,1.81624872599434));
#1145=CARTESIAN_POINT('',(17.3802032938229,4.59523817651207,1.80320926003902));
#1146=CARTESIAN_POINT('',(17.4980725824274,4.59523813070412,1.787644544649));
#1147=CARTESIAN_POINT('',(17.6584023123929,4.59523810689769,1.76891867116017));
#1148=CARTESIAN_POINT('',(17.7918196788007,4.59523809524635,1.75495897806207));
#1149=CARTESIAN_POINT('',(17.914620604245,4.59523810504589,1.74343487545048));
#1150=CARTESIAN_POINT('',(18.0516551721558,4.59523812189538,1.73236758671927));
#1151=CARTESIAN_POINT('',(18.1702942306145,4.59523811166358,1.72458964175938));
#1152=CARTESIAN_POINT('',(18.2961953280056,4.59523812033335,1.71812205128051));
#1153=CARTESIAN_POINT('',(18.4187330623692,4.59523809843641,1.71340717365507));
#1154=CARTESIAN_POINT('',(18.6317237110247,4.59523815958642,1.7084756441056));
#1155=CARTESIAN_POINT('',(19.0498024257471,4.59523809833756,1.70873462645641));
#1156=CARTESIAN_POINT('',(19.2817878519675,4.59523810430256,1.71355097948757));
#1157=CARTESIAN_POINT('',(19.5286300983165,4.59523809664886,1.72170462180603));
#1158=CARTESIAN_POINT('',(19.8748486473676,4.59523808788377,1.7376277907674));
#1159=CARTESIAN_POINT('',(20.349539900693,4.59523808308255,1.76653610586914));
#1160=CARTESIAN_POINT('',(20.8523790483726,4.5952380643688,1.80447185319339));
#1161=CARTESIAN_POINT('',(21.5614412581299,4.59523778138241,1.86863437191124));
#1162=CARTESIAN_POINT('',(22.4647600074012,4.59523809524635,1.9672131147541));
#1163=EDGE_CURVE('Edge_87',#1052,#1054,#1055,.T.);
#1164=CARTESIAN_POINT('',(17.5541642949658,5.74404761905794,1.9672131147541));
#1165=VERTEX_POINT('',#1164);
#1166=CARTESIAN_POINT('',(22.6553547711562,5.74404761905794,1.9672131147541));
#1167=VERTEX_POINT('',#1166);
#1168=B_SPLINE_CURVE_WITH_KNOTS('Curve_88',1,(#1169, #1170, #1171, #1172, #1173, #1174, #1175, #1176, #1177, #1178, #1179, #1180, #1181, #1182, #1183, #1184, #1185, #1186, #1187, #1188, #1189, #1190, #1191, #1192, #1193, #1194, #1195, #1196, #1197, #1198, #1199, #1200, #1201, #1202, #1203, #1204, #1205, #1206, #1207, #1208, #1209, #1210, #1211, #1212, #1213, #1214, #1215, #1216, #1217, #1218, #1219, #1220, #1221, #1222, #1223, #1224, #1225, #1226, #1227, #1228, #1229, #1230, #1231, #1232, #1233, #1234, #1235, #1236, #1237, #1238, #1239, #1240, #1241, #1242, #1243, #1244, #1245, #1246, #1247, #1248, #1249, #1250, #1251, #1252, #1253, #1254, #1255, #1256, #1257, #1258, #1259, #1260, #1261, #1262, #1263, #1264, #1265, #1266, #1267, #1268, #1269, #1270, #1271, #1272, #1273, #1274, #1275, #1276, #1277),.POLYLINE_FORM.,.F.,.F.,(2,1,1,1,1,1,1,1,1,1,1,1,1,1,1,1,1,1,1,1,1,1,1,1,1,1,1,1,1,1,1,1,1,1,1,1,1,1,1,1,1,1,1,1,1,1,1,1,1,1,1,1,1,1,1,1,1,1,1,1,1,1,1,1,1,1,1,1,1,1,1,1,1,1,1,1,1,1,1,1,1,1,1,1,1,1,1,1,1,1,1,1,1,1,1,1,1,1,1,1,1,1,1,1,1,1,1,1,2),(0.,1.,2.,3.,4.,5.,6.,7.,8.,9.,10.,11.,12.,13.,14.,15.,16.,17.,18.,19.,20.,21.,22.,23.,24.,25.,26.,27.,28.,29.,30.,31.,32.,33.,34.,35.,36.,37.,38.,39.,40.,41.,42.,43.,44.,45.,46.,47.,48.,49.,50.,51.,52.,53.,54.,55.,56.,57.,58.,59.,60.,61.,62.,63.,64.,65.,66.,67.,68.,69.,70.,71.,72.,73.,74.,75.,76.,77.,78.,79.,80.,81.,82.,83.,84.,85.,86.,87.,88.,89.,90.,91.,92.,93.,94.,95.,96.,97.,98.,99.,100.,101.,102.,103.,104.,105.,106.,107.,108.),.UNIFORM_KNOTS.);
#1169=CARTESIAN_POINT('',(17.5541642949658,5.74404761905794,1.9672131147541));
#1170=CARTESIAN_POINT('',(17.5543766914521,5.74404761905794,1.96631737754536));
#1171=CARTESIAN_POINT('',(17.5545997155134,5.74404761905794,1.96542599303518));
#1172=CARTESIAN_POINT('',(17.5548333202219,5.74404761905794,1.96453882198968));
#1173=CARTESIAN_POINT('',(17.55507745865,5.74404761905794,1.96365572517501));
#1174=CARTESIAN_POINT('',(17.5553320838698,5.74404761905794,1.96277656335732));
#1175=CARTESIAN_POINT('',(17.5555971489537,5.74404761905794,1.96190119730274));
#1176=CARTESIAN_POINT('',(17.555872606974,5.74404761905794,1.96102948777741));
#1177=CARTESIAN_POINT('',(17.5561584110029,5.74404761905794,1.96016129554748));
#1178=CARTESIAN_POINT('',(17.5564545141128,5.74404761905794,1.95929648137908));
#1179=CARTESIAN_POINT('',(17.5567608693758,5.74404761905794,1.95843490603837));
#1180=CARTESIAN_POINT('',(17.5570774298644,5.74404761905794,1.95757643029147));
#1181=CARTESIAN_POINT('',(17.5574041749171,5.74404761905794,1.95672134303946));
#1182=CARTESIAN_POINT('',(17.5577410394285,5.74404761905794,1.95587011156549));
#1183=CARTESIAN_POINT('',(17.55808790735,5.74404761905794,1.95502283885401));
#1184=CARTESIAN_POINT('',(17.5584446626288,5.74404761905794,1.95417962784357));
#1185=CARTESIAN_POINT('',(17.5588111892118,5.74404761905794,1.95334058147271));
#1186=CARTESIAN_POINT('',(17.5591873710462,5.74404761905794,1.95250580267998));
#1187=CARTESIAN_POINT('',(17.559573092079,5.74404761905794,1.95167539440392));
#1188=CARTESIAN_POINT('',(17.5599682362573,5.74404761905794,1.95084945958307));
#1189=CARTESIAN_POINT('',(17.5603726875282,5.74404761905794,1.95002810115598));
#1190=CARTESIAN_POINT('',(17.5607863298387,5.74404761905794,1.9492114220612));
#1191=CARTESIAN_POINT('',(17.5612090471359,5.74404761905794,1.94839952523726));
#1192=CARTESIAN_POINT('',(17.5616314041419,5.74404761905794,1.94760981084144));
#1193=CARTESIAN_POINT('',(17.5620719044558,5.74404761905794,1.9468076092859));
#1194=CARTESIAN_POINT('',(17.5625212262681,5.74404761905794,1.94601035208169));
#1195=CARTESIAN_POINT('',(17.5629792330177,5.74404761905794,1.94521806161062));
#1196=CARTESIAN_POINT('',(17.5634457881436,5.74404761905794,1.94443076025448));
#1197=CARTESIAN_POINT('',(17.5639207550847,5.74404761905794,1.94364847039506));
#1198=CARTESIAN_POINT('',(17.56440399728,5.74404761905794,1.94287121441417));
#1199=CARTESIAN_POINT('',(17.5648953781684,5.74404761905794,1.94209901469359));
#1200=CARTESIAN_POINT('',(17.5653947611889,5.74404761905794,1.94133189361513));
#1201=CARTESIAN_POINT('',(17.5659020097804,5.74404761905794,1.94056987356058));
#1202=CARTESIAN_POINT('',(17.566416987382,5.74404761905794,1.93981297691174));
#1203=CARTESIAN_POINT('',(17.5669395574325,5.74404761905794,1.93906122605039));
#1204=CARTESIAN_POINT('',(17.5679400891005,5.74404761905794,1.93766464902226));
#1205=CARTESIAN_POINT('',(17.5683319915216,5.74404761905794,1.93713199710447));
#1206=CARTESIAN_POINT('',(17.5689484445173,5.74404761905794,1.93630952878931));
#1207=CARTESIAN_POINT('',(17.5698006843997,5.74404761905794,1.93520178465909));
#1208=CARTESIAN_POINT('',(17.570941109074,5.74404761905794,1.93376889897309));
#1209=CARTESIAN_POINT('',(17.572107398498,5.74404761905794,1.93235733479571));
#1210=CARTESIAN_POINT('',(17.5732984998693,5.74404761905794,1.93096720582688));
#1211=CARTESIAN_POINT('',(17.5745135758016,5.74404761905794,1.92959822660984));
#1212=CARTESIAN_POINT('',(17.5757517526589,5.74404761905794,1.92825011350597));
#1213=CARTESIAN_POINT('',(17.5770121435826,5.74404761905794,1.92692260172351));
#1214=CARTESIAN_POINT('',(17.5782938617142,5.74404761905794,1.92561542647069));
#1215=CARTESIAN_POINT('',(17.5795960201952,5.74404761905794,1.92432832295575));
#1216=CARTESIAN_POINT('',(17.5809177321669,5.74404761905794,1.92306102638692));
#1217=CARTESIAN_POINT('',(17.582258110771,5.74404761905794,1.92181327197242));
#1218=CARTESIAN_POINT('',(17.5836162691487,5.74404761905794,1.92058479492051));
#1219=CARTESIAN_POINT('',(17.5849913204417,5.74404761905794,1.9193753304394));
#1220=CARTESIAN_POINT('',(17.5872830902627,5.74404761905794,1.91743024452658));
#1221=CARTESIAN_POINT('',(17.588766872522,5.74404761905794,1.91621460253983));
#1222=CARTESIAN_POINT('',(17.5901029577157,5.74404761905794,1.91514741931663));
#1223=CARTESIAN_POINT('',(17.5915466933606,5.74404761905794,1.91402192656512));
#1224=CARTESIAN_POINT('',(17.5930037807124,5.74404761905794,1.91291365545123));
#1225=CARTESIAN_POINT('',(17.5944736960207,5.74404761905794,1.91182227616829));
#1226=CARTESIAN_POINT('',(17.5959559155354,5.74404761905794,1.91074745890964));
#1227=CARTESIAN_POINT('',(17.5974499155061,5.74404761905794,1.90968887386863));
#1228=CARTESIAN_POINT('',(17.5989551721827,5.74404761905794,1.90864619123859));
#1229=CARTESIAN_POINT('',(17.6004711618148,5.74404761905794,1.90761908121286));
#1230=CARTESIAN_POINT('',(17.6035332411086,5.74404761905794,1.90561025404425));
#1231=CARTESIAN_POINT('',(17.6066318792132,5.74404761905794,1.90365915361401));
#1232=CARTESIAN_POINT('',(17.6097642630445,5.74404761905794,1.9017631409961));
#1233=CARTESIAN_POINT('',(17.6129281829409,5.74404761905794,1.89992015221158));
#1234=CARTESIAN_POINT('',(17.6161214292405,5.74404761905794,1.8981281232815));
#1235=CARTESIAN_POINT('',(17.6193417922814,5.74404761905794,1.89638499022691));
#1236=CARTESIAN_POINT('',(17.6225869232329,5.74404761905794,1.89468848068522));
#1237=CARTESIAN_POINT('',(17.6258544127907,5.74404761905794,1.89303586131103));
#1238=CARTESIAN_POINT('',(17.6291428844373,5.74404761905794,1.89142546243502));
#1239=CARTESIAN_POINT('',(17.6324510538365,5.74404761905794,1.88985572799417));
#1240=CARTESIAN_POINT('',(17.6357776366518,5.74404761905794,1.88832510192546));
#1241=CARTESIAN_POINT('',(17.6394097231772,5.74404761905794,1.88670527672223));
#1242=CARTESIAN_POINT('',(17.6461444254608,5.74404761905794,1.88382915048309));
#1243=CARTESIAN_POINT('',(17.652932564113,5.74404761905794,1.88108230436151));
#1244=CARTESIAN_POINT('',(17.6597684040426,5.74404761905794,1.87845540189541));
#1245=CARTESIAN_POINT('',(17.6666462101585,5.74404761905794,1.87593910662268));
#1246=CARTESIAN_POINT('',(17.678485921701,5.74404761905794,1.87186664648198));
#1247=CARTESIAN_POINT('',(17.6854513618332,5.74404761905794,1.86960661936563));
#1248=CARTESIAN_POINT('',(17.6924435531644,5.74404761905794,1.86743004212386));
#1249=CARTESIAN_POINT('',(17.6994598332871,5.74404761905794,1.8653312227119));
#1250=CARTESIAN_POINT('',(17.7064975397937,5.74404761905794,1.86330446908497));
#1251=CARTESIAN_POINT('',(17.7135540102767,5.74404761905794,1.86134408919829));
#1252=CARTESIAN_POINT('',(17.7261891110357,5.74404761905794,1.85799402424816));
#1253=CARTESIAN_POINT('',(17.7403993959597,5.74404761905794,1.85444654254338));
#1254=CARTESIAN_POINT('',(17.7546566664853,5.74404761905794,1.85109209349208));
#1255=CARTESIAN_POINT('',(17.7689521229317,5.74404761905794,1.84790613622258));
#1256=CARTESIAN_POINT('',(17.7976370930214,5.74404761905794,1.84197257986856));
#1257=CARTESIAN_POINT('',(17.821461976725,5.74404761905794,1.83743114528677));
#1258=CARTESIAN_POINT('',(17.8503018023109,5.74404761905794,1.83230012634103));
#1259=CARTESIAN_POINT('',(17.8789434343591,5.74404761905794,1.82754211649874));
#1260=CARTESIAN_POINT('',(17.9414764558468,5.74404761905794,1.81802066896016));
#1261=CARTESIAN_POINT('',(18.0576065354909,5.74404761905794,1.80244665644443));
#1262=CARTESIAN_POINT('',(18.2102643465216,5.74404761905794,1.7845120598831));
#1263=CARTESIAN_POINT('',(18.3380737646765,5.74404761905794,1.77111372369646));
#1264=CARTESIAN_POINT('',(18.4497138976688,5.74404761905794,1.76062676893916));
#1265=CARTESIAN_POINT('',(18.5790618409082,5.74404761905794,1.75017428227597));
#1266=CARTESIAN_POINT('',(18.6959865172421,5.74404761905793,1.74257831373556));
#1267=CARTESIAN_POINT('',(18.8130087432917,5.74404761905794,1.73668579987856));
#1268=CARTESIAN_POINT('',(18.9300979494403,5.74404761905794,1.73231538564244));
#1269=CARTESIAN_POINT('',(19.1177768589818,5.74404761905794,1.72811538079861));
#1270=CARTESIAN_POINT('',(19.4932178080934,5.74404761905794,1.72830840814162));
#1271=CARTESIAN_POINT('',(19.7275080247491,5.74404761905794,1.73320981636586));
#1272=CARTESIAN_POINT('',(19.9617157692965,5.74404761905794,1.74113611307));
#1273=CARTESIAN_POINT('',(20.2960438631091,5.74404760659387,1.75688997762455));
#1274=CARTESIAN_POINT('',(20.7340780280897,5.74404761905794,1.78408247840008));
#1275=CARTESIAN_POINT('',(21.1897507583229,5.74404757373597,1.81884006227418));
#1276=CARTESIAN_POINT('',(21.8036717092802,5.74404761905794,1.87445188243648));
#1277=CARTESIAN_POINT('',(22.6553547711562,5.74404761905794,1.9672131147541));
#1278=EDGE_CURVE('Edge_88',#1165,#1167,#1168,.T.);
#1279=CARTESIAN_POINT('',(18.1649971539589,6.89285714286953,1.9672131147541));
#1280=VERTEX_POINT('',#1279);
#1281=CARTESIAN_POINT('',(22.8459495349113,6.89285714286953,1.9672131147541));
#1282=VERTEX_POINT('',#1281);
#1283=B_SPLINE_CURVE_WITH_KNOTS('Curve_89',1,(#1284, #1285, #1286, #1287, #1288, #1289, #1290, #1291, #1292, #1293, #1294, #1295, #1296, #1297, #1298, #1299, #1300, #1301, #1302, #1303, #1304, #1305, #1306, #1307, #1308, #1309, #1310, #1311, #1312, #1313, #1314, #1315, #1316, #1317, #1318, #1319, #1320, #1321, #1322, #1323, #1324, #1325, #1326, #1327, #1328, #1329, #1330, #1331, #1332, #1333, #1334, #1335, #1336, #1337, #1338, #1339, #1340, #1341, #1342, #1343, #1344, #1345, #1346, #1347, #1348, #1349, #1350, #1351, #1352, #1353, #1354, #1355, #1356, #1357, #1358, #1359, #1360, #1361, #1362, #1363, #1364, #1365, #1366, #1367, #1368, #1369, #1370, #1371, #1372, #1373, #1374, #1375, #1376, #1377, #1378, #1379, #1380, #1381, #1382, #1383, #1384, #1385, #1386),.POLYLINE_FORM.,.F.,.F.,(2,1,1,1,1,1,1,1,1,1,1,1,1,1,1,1,1,1,1,1,1,1,1,1,1,1,1,1,1,1,1,1,1,1,1,1,1,1,1,1,1,1,1,1,1,1,1,1,1,1,1,1,1,1,1,1,1,1,1,1,1,1,1,1,1,1,1,1,1,1,1,1,1,1,1,1,1,1,1,1,1,1,1,1,1,1,1,1,1,1,1,1,1,1,1,1,1,1,1,1,1,1,2),(0.,1.,2.,3.,4.,5.,6.,7.,8.,9.,10.,11.,12.,13.,14.,15.,16.,17.,18.,19.,20.,21.,22.,23.,24.,25.,26.,27.,28.,29.,30.,31.,32.,33.,34.,35.,36.,37.,38.,39.,40.,41.,42.,43.,44.,45.,46.,47.,48.,49.,50.,51.,52.,53.,54.,55.,56.,57.,58.,59.,60.,61.,62.,63.,64.,65.,66.,67.,68.,69.,70.,71.,72.,73.,74.,75.,76.,77.,78.,79.,80.,81.,82.,83.,84.,85.,86.,87.,88.,89.,90.,91.,92.,93.,94.,95.,96.,97.,98.,99.,100.,101.,102.),.UNIFORM_KNOTS.);
#1284=CARTESIAN_POINT('',(18.1649971539589,6.89285714286953,1.9672131147541));
#1285=CARTESIAN_POINT('',(18.1651446222957,6.89285753657064,1.96658795594708));
#1286=CARTESIAN_POINT('',(18.1653207058453,6.89285772589695,1.96587323312199));
#1287=CARTESIAN_POINT('',(18.1655756858245,6.8928573338756,1.96489111749017));
#1288=CARTESIAN_POINT('',(18.1657936600669,6.89285733782746,1.96409615213101));
#1289=CARTESIAN_POINT('',(18.165969287271,6.89285771715697,1.96348201497848));
#1290=CARTESIAN_POINT('',(18.166232112342,6.8928575158165,1.96259933818102));
#1291=CARTESIAN_POINT('',(18.1665327265419,6.89285714672759,1.96163837610698));
#1292=CARTESIAN_POINT('',(18.166730558307,6.89285751840093,1.9610320813383));
#1293=CARTESIAN_POINT('',(18.1669654534184,6.89285768674242,1.96033486063605));
#1294=CARTESIAN_POINT('',(18.1672995753197,6.8928573176528,1.95938103192479));
#1295=CARTESIAN_POINT('',(18.167580318499,6.89285732873062,1.95861161390584));
#1296=CARTESIAN_POINT('',(18.1678054348531,6.8928576990354,1.95801398006005));
#1297=CARTESIAN_POINT('',(18.1681407909069,6.89285749776652,1.95715156913072));
#1298=CARTESIAN_POINT('',(18.1685173782625,6.89285715028897,1.95622046031346));
#1299=CARTESIAN_POINT('',(18.1687639274393,6.892857507889,1.9556311307958));
#1300=CARTESIAN_POINT('',(18.169056214878,6.8928576635645,1.95495047407635));
#1301=CARTESIAN_POINT('',(18.1694665251019,6.89285730829574,1.95402522026149));
#1302=CARTESIAN_POINT('',(18.1698067369996,6.89285732614749,1.95328357051264));
#1303=CARTESIAN_POINT('',(18.1700789767347,6.8928576681925,1.9527056318529));
#1304=CARTESIAN_POINT('',(18.1704835799009,6.89285747248687,1.95186904188433));
#1305=CARTESIAN_POINT('',(18.1709308206414,6.89285715331514,1.95097399795843));
#1306=CARTESIAN_POINT('',(18.1712227883325,6.89285748906287,1.9504059324949));
#1307=CARTESIAN_POINT('',(18.1716689774983,6.89285908959806,1.94956112073243));
#1308=CARTESIAN_POINT('',(18.1726471724515,6.89285773564053,1.94778996356747));
#1309=CARTESIAN_POINT('',(18.1734660830826,6.89285782717134,1.94638823058674));
#1310=CARTESIAN_POINT('',(18.1741310639845,6.89285902503241,1.94529789162518));
#1311=CARTESIAN_POINT('',(18.1748197087989,6.89285749629789,1.94420629954262));
#1312=CARTESIAN_POINT('',(18.175132635859,6.89285826978992,1.94372393081977));
#1313=CARTESIAN_POINT('',(18.1755192842216,6.89285865679283,1.94313754600635));
#1314=CARTESIAN_POINT('',(18.1762420577587,6.89285719099424,1.94206793217639));
#1315=CARTESIAN_POINT('',(18.1769744450332,6.89285831485394,1.9410210585134));
#1316=CARTESIAN_POINT('',(18.1778519858718,6.8928587103606,1.93980842365318));
#1317=CARTESIAN_POINT('',(18.1790711560719,6.8928576112543,1.93819225667035));
#1318=CARTESIAN_POINT('',(18.1797953594156,6.89285915072221,1.93726876854369));
#1319=CARTESIAN_POINT('',(18.1804627341437,6.89285734165421,1.93643693572955));
#1320=CARTESIAN_POINT('',(18.1813722601237,6.89285793126979,1.93533618406757));
#1321=CARTESIAN_POINT('',(18.1822250705397,6.89285873835951,1.93433450340864));
#1322=CARTESIAN_POINT('',(18.183562789325,6.89285776473162,1.93281629937158));
#1323=CARTESIAN_POINT('',(18.1847767184565,6.89285741417211,1.93149166565722));
#1324=CARTESIAN_POINT('',(18.1856541684096,6.89285824700937,1.93056354814592));
#1325=CARTESIAN_POINT('',(18.1868340460711,6.89285809802588,1.92935006841866));
#1326=CARTESIAN_POINT('',(18.1882698016002,6.89285728779157,1.9279236131216));
#1327=CARTESIAN_POINT('',(18.1892931890584,6.89285775620031,1.92693875112745));
#1328=CARTESIAN_POINT('',(18.1902579719031,6.89285835010908,1.92603264483746));
#1329=CARTESIAN_POINT('',(18.1917529713972,6.89285760611866,1.92466770407162));
#1330=CARTESIAN_POINT('',(18.1930939561239,6.89285735490395,1.92348209555755));
#1331=CARTESIAN_POINT('',(18.1940617145507,6.89285797860265,1.92264796247941));
#1332=CARTESIAN_POINT('',(18.1953623521559,6.89285785575754,1.92155267515561));
#1333=CARTESIAN_POINT('',(18.1969285502393,6.89285724655348,1.92027117850537));
#1334=CARTESIAN_POINT('',(18.1980330869341,6.89285761238179,1.91939112202384));
#1335=CARTESIAN_POINT('',(18.1990821245527,6.89285805372618,1.91857228946923));
#1336=CARTESIAN_POINT('',(18.2006918205786,6.89285749073369,1.9173458535113));
#1337=CARTESIAN_POINT('',(18.2021232376333,6.89285730977405,1.91628478142468));
#1338=CARTESIAN_POINT('',(18.2031573813296,6.89285778762132,1.91553475057965));
#1339=CARTESIAN_POINT('',(18.2062133275532,6.89285721690721,1.91339215402627));
#1340=CARTESIAN_POINT('',(18.2084911887181,6.89285782360744,1.91186239610284));
#1341=CARTESIAN_POINT('',(18.2116837499448,6.89285726943241,1.90980432900758));
#1342=CARTESIAN_POINT('',(18.2142288276728,6.89285754232226,1.90822931204068));
#1343=CARTESIAN_POINT('',(18.2171670319475,6.89285741813901,1.9064773227881));
#1344=CARTESIAN_POINT('',(18.2200900072822,6.89285733719636,1.90480000331252));
#1345=CARTESIAN_POINT('',(18.2227528186341,6.89285752155619,1.90332486900637));
#1346=CARTESIAN_POINT('',(18.2260578078382,6.8928571798827,1.90155864075814));
#1347=CARTESIAN_POINT('',(18.2284948543291,6.89285753121062,1.90029870231893));
#1348=CARTESIAN_POINT('',(18.2318770442872,6.8928572230644,1.89860462211522));
#1349=CARTESIAN_POINT('',(18.2345839577577,6.89285737825583,1.89729213953334));
#1350=CARTESIAN_POINT('',(18.2376655840576,6.89285731245676,1.89584191156067));
#1351=CARTESIAN_POINT('',(18.2407456493354,6.89285725672667,1.89443651124083));
#1352=CARTESIAN_POINT('',(18.2443390449966,6.89285803000533,1.89284900142521));
#1353=CARTESIAN_POINT('',(18.2512727475274,6.89285721454342,1.88992643441218));
#1354=CARTESIAN_POINT('',(18.2563665411362,6.89285796767025,1.88788809303191));
#1355=CARTESIAN_POINT('',(18.263407990209,6.89285731748421,1.88520606884356));
#1356=CARTESIAN_POINT('',(18.2690934154785,6.89285757566894,1.88314475075028));
#1357=CARTESIAN_POINT('',(18.2795883102156,6.89285719274418,1.87955221411974));
#1358=CARTESIAN_POINT('',(18.2860497676695,6.89285715083237,1.87746323292711));
#1359=CARTESIAN_POINT('',(18.2983992064861,6.89285719723318,1.87370200346401));
#1360=CARTESIAN_POINT('',(18.31086040879,6.89285721740476,1.87017383735536));
#1361=CARTESIAN_POINT('',(18.3204842981304,6.89285729510143,1.86760447101709));
#1362=CARTESIAN_POINT('',(18.3326870506196,6.89285730933173,1.86451755911789));
#1363=CARTESIAN_POINT('',(18.3451639857872,6.89285733810939,1.86153656835641));
#1364=CARTESIAN_POINT('',(18.3583116049399,6.89285727189351,1.8585613792575));
#1365=CARTESIAN_POINT('',(18.3848969764476,6.89285716443772,1.85298788107715));
#1366=CARTESIAN_POINT('',(18.4105353184236,6.89285718052436,1.84807460481464));
#1367=CARTESIAN_POINT('',(18.4357938079946,6.89285721685255,1.84357665070727));
#1368=CARTESIAN_POINT('',(18.46254934,6.89285716636478,1.83912430921142));
#1369=CARTESIAN_POINT('',(18.5347122370029,6.89285723394721,1.82826664626428));
#1370=CARTESIAN_POINT('',(18.6344517071442,6.89285720306018,1.81508366246893));
#1371=CARTESIAN_POINT('',(18.7709737596717,6.89285717932648,1.79913023544844));
#1372=CARTESIAN_POINT('',(18.8825284374101,6.89285714813279,1.78744725264139));
#1373=CARTESIAN_POINT('',(18.9872988841926,6.89285715303689,1.77759883500991));
#1374=CARTESIAN_POINT('',(19.0999493034339,6.8928571494807,1.76845658134366));
#1375=CARTESIAN_POINT('',(19.2038144822173,6.8928571733655,1.76160253862971));
#1376=CARTESIAN_POINT('',(19.3100462007217,6.89285715704576,1.75612300442199));
#1377=CARTESIAN_POINT('',(19.4156885006322,6.89285715291856,1.7520457327561));
#1378=CARTESIAN_POINT('',(19.5823106274603,6.89285715865029,1.74807185220313));
#1379=CARTESIAN_POINT('',(19.9381379830863,6.89285716498203,1.74790595422531));
#1380=CARTESIAN_POINT('',(20.1537734348074,6.89285714362367,1.75233465393702));
#1381=CARTESIAN_POINT('',(20.3548783114507,6.89285714372669,1.75900331108229));
#1382=CARTESIAN_POINT('',(20.6402501398409,6.89285713502418,1.77204875354636));
#1383=CARTESIAN_POINT('',(21.0630012184648,6.89285712674802,1.79778958979084));
#1384=CARTESIAN_POINT('',(21.4642917110267,6.89285711607346,1.82804023853713));
#1385=CARTESIAN_POINT('',(22.0618621888969,6.89285698146874,1.88184153314829));
#1386=CARTESIAN_POINT('',(22.8459495349113,6.89285714286953,1.9672131147541));
#1387=EDGE_CURVE('Edge_89',#1280,#1282,#1283,.T.);
#1388=CARTESIAN_POINT('',(23.0365442986664,8.04166666668111,1.9672131147541));
#1389=VERTEX_POINT('',#1388);
#1390=CARTESIAN_POINT('',(18.7758300129521,8.04166666668111,1.9672131147541));
#1391=VERTEX_POINT('',#1390);
#1392=B_SPLINE_CURVE_WITH_KNOTS('Curve_90',1,(#1393, #1394, #1395, #1396, #1397, #1398, #1399, #1400, #1401, #1402, #1403, #1404, #1405, #1406, #1407, #1408, #1409, #1410, #1411, #1412, #1413, #1414, #1415, #1416, #1417, #1418, #1419, #1420, #1421, #1422, #1423, #1424, #1425, #1426, #1427, #1428, #1429, #1430, #1431, #1432, #1433, #1434, #1435, #1436, #1437, #1438, #1439, #1440, #1441, #1442, #1443, #1444, #1445, #1446, #1447, #1448, #1449, #1450, #1451, #1452, #1453, #1454, #1455, #1456, #1457, #1458, #1459, #1460, #1461, #1462, #1463, #1464, #1465, #1466, #1467, #1468, #1469, #1470, #1471, #1472, #1473, #1474, #1475, #1476, #1477, #1478, #1479, #1480, #1481, #1482, #1483, #1484, #1485, #1486, #1487, #1488, #1489, #1490, #1491, #1492, #1493, #1494, #1495, #1496, #1497, #1498, #1499, #1500, #1501),.POLYLINE_FORM.,.F.,.F.,(2,1,1,1,1,1,1,1,1,1,1,1,1,1,1,1,1,1,1,1,1,1,1,1,1,1,1,1,1,1,1,1,1,1,1,1,1,1,1,1,1,1,1,1,1,1,1,1,1,1,1,1,1,1,1,1,1,1,1,1,1,1,1,1,1,1,1,1,1,1,1,1,1,1,1,1,1,1,1,1,1,1,1,1,1,1,1,1,1,1,1,1,1,1,1,1,1,1,1,1,1,1,1,1,1,1,1,1,2),(0.,1.,2.,3.,4.,5.,6.,7.,8.,9.,10.,11.,12.,13.,14.,15.,16.,17.,18.,19.,20.,21.,22.,23.,24.,25.,26.,27.,28.,29.,30.,31.,32.,33.,34.,35.,36.,37.,38.,39.,40.,41.,42.,43.,44.,45.,46.,47.,48.,49.,50.,51.,52.,53.,54.,55.,56.,57.,58.,59.,60.,61.,62.,63.,64.,65.,66.,67.,68.,69.,70.,71.,72.,73.,74.,75.,76.,77.,78.,79.,80.,81.,82.,83.,84.,85.,86.,87.,88.,89.,90.,91.,92.,93.,94.,95.,96.,97.,98.,99.,100.,101.,102.,103.,104.,105.,106.,107.,108.),.UNIFORM_KNOTS.);
#1393=CARTESIAN_POINT('',(23.0365442986664,8.04166666668111,1.9672131147541));
#1394=CARTESIAN_POINT('',(22.3697729636693,8.04166664255303,1.89414551081472));
#1395=CARTESIAN_POINT('',(21.799674501101,8.04166665693822,1.84223509283169));
#1396=CARTESIAN_POINT('',(21.4474397997996,8.04166663660486,1.81534530595399));
#1397=CARTESIAN_POINT('',(21.0633274687685,8.04166665907387,1.79140104675269));
#1398=CARTESIAN_POINT('',(20.7837162049684,8.04166666892653,1.77826619942791));
#1399=CARTESIAN_POINT('',(20.59095126652,8.04166667477311,1.77176048323515));
#1400=CARTESIAN_POINT('',(20.398415771106,8.04166667754828,1.76771229319272));
#1401=CARTESIAN_POINT('',(20.0794197368505,8.04166668716759,1.76754330989241));
#1402=CARTESIAN_POINT('',(19.9165438848843,8.04166669389226,1.77128792908228));
#1403=CARTESIAN_POINT('',(19.8243456126454,8.04166670543944,1.77479560518475));
#1404=CARTESIAN_POINT('',(19.7285869390363,8.04166666836802,1.77964321518393));
#1405=CARTESIAN_POINT('',(19.631872106878,8.04166672559392,1.78593323227876));
#1406=CARTESIAN_POINT('',(19.5253285959845,8.04166667794543,1.79453174484378));
#1407=CARTESIAN_POINT('',(19.4293872989753,8.04166667357102,1.80354188196054));
#1408=CARTESIAN_POINT('',(19.3244308597829,8.04166668510869,1.81454775883302));
#1409=CARTESIAN_POINT('',(19.2036414663617,8.04166674513395,1.82867864476947));
#1410=CARTESIAN_POINT('',(19.1121722577189,8.04166682641814,1.84076634124279));
#1411=CARTESIAN_POINT('',(19.0482062480516,8.04166673238019,1.85037607285948));
#1412=CARTESIAN_POINT('',(19.0245849966708,8.04166670490444,1.85428718144512));
#1413=CARTESIAN_POINT('',(19.0009179020594,8.04166668429128,1.85847753499081));
#1414=CARTESIAN_POINT('',(18.9770803577942,8.04166678146546,1.86302489543208));
#1415=CARTESIAN_POINT('',(18.9534698078192,8.04166683456618,1.86794675299686));
#1416=CARTESIAN_POINT('',(18.9417892376776,8.0416667924768,1.87056861993737));
#1417=CARTESIAN_POINT('',(18.9301399792859,8.04166673207581,1.87332744111065));
#1418=CARTESIAN_POINT('',(18.9184887239871,8.0416666923053,1.87625326670979));
#1419=CARTESIAN_POINT('',(18.9084970182244,8.04166670351141,1.87891334808133));
#1420=CARTESIAN_POINT('',(18.9026523515675,8.04166674180943,1.88054128945814));
#1421=CARTESIAN_POINT('',(18.8968232574683,8.04166678902551,1.88222409669102));
#1422=CARTESIAN_POINT('',(18.891058401984,8.04166679554298,1.88395218875331));
#1423=CARTESIAN_POINT('',(18.8853440083144,8.04166676351763,1.8857335318727));
#1424=CARTESIAN_POINT('',(18.8796510631641,8.04166672201987,1.88758173219547));
#1425=CARTESIAN_POINT('',(18.8699917734228,8.04166668170401,1.89090164682657));
#1426=CARTESIAN_POINT('',(18.8640911032606,8.0416675920614,1.89305824987173));
#1427=CARTESIAN_POINT('',(18.8586365649526,8.04166696301937,1.89515077467247));
#1428=CARTESIAN_POINT('',(18.8529529260275,8.04166748935652,1.89744429853231));
#1429=CARTESIAN_POINT('',(18.8474283647122,8.04166744856714,1.89979561341375));
#1430=CARTESIAN_POINT('',(18.8442627196933,8.04166680873783,1.90120238880907));
#1431=CARTESIAN_POINT('',(18.8414603345286,8.04166702752456,1.90248830588572));
#1432=CARTESIAN_POINT('',(18.8388362281269,8.04166669547671,1.90372899541113));
#1433=CARTESIAN_POINT('',(18.8360131642612,8.04166714042301,1.90510611493377));
#1434=CARTESIAN_POINT('',(18.8334155121174,8.04166678204422,1.90641404416751));
#1435=CARTESIAN_POINT('',(18.8306851525465,8.04166706040419,1.90783398964439));
#1436=CARTESIAN_POINT('',(18.8280525257727,8.04166697922912,1.90925063942157));
#1437=CARTESIAN_POINT('',(18.8254351870802,8.04166693262267,1.91070945371021));
#1438=CARTESIAN_POINT('',(18.8227772152466,8.04166723443492,1.91224648388568));
#1439=CARTESIAN_POINT('',(18.8202776397399,8.04166675006391,1.91374664881827));
#1440=CARTESIAN_POINT('',(18.8183064446324,8.04166713101899,1.91497024533358));
#1441=CARTESIAN_POINT('',(18.8159821667336,8.04166743552474,1.91646191761969));
#1442=CARTESIAN_POINT('',(18.8147949443588,8.0416669227035,1.91724565197979));
#1443=CARTESIAN_POINT('',(18.8135394779872,8.04166697082801,1.91809198478582));
#1444=CARTESIAN_POINT('',(18.8122296349892,8.04166758297531,1.91899516641359));
#1445=CARTESIAN_POINT('',(18.8110371572815,8.04166728029433,1.91983577986451));
#1446=CARTESIAN_POINT('',(18.8098796722118,8.04166668180538,1.92066951286629));
#1447=CARTESIAN_POINT('',(18.8085994716321,8.0416673474783,1.92161378296367));
#1448=CARTESIAN_POINT('',(18.8073660722019,8.04166771612777,1.92254608502926));
#1449=CARTESIAN_POINT('',(18.8062412331169,8.04166703307715,1.92341635216881));
#1450=CARTESIAN_POINT('',(18.8050600675105,8.04166704071039,1.92435263035186));
#1451=CARTESIAN_POINT('',(18.803826267688,8.04166784056886,1.92535654787957));
#1452=CARTESIAN_POINT('',(18.8027014440939,8.04166749915237,1.92629539033884));
#1453=CARTESIAN_POINT('',(18.8016205695005,8.04166667866652,1.92722017256026));
#1454=CARTESIAN_POINT('',(18.8004274773861,8.04166752663399,1.92826948806005));
#1455=CARTESIAN_POINT('',(18.7992760234455,8.04166808382979,1.92931155839767));
#1456=CARTESIAN_POINT('',(18.798234233812,8.04166718828228,1.93028041424548));
#1457=CARTESIAN_POINT('',(18.7971495961191,8.04166712434407,1.93131844168346));
#1458=CARTESIAN_POINT('',(18.7960175797642,8.04166818649623,1.9324361864602));
#1459=CARTESIAN_POINT('',(18.7949864541251,8.04166781710234,1.9334859459524));
#1460=CARTESIAN_POINT('',(18.7940052139716,8.04166672616491,1.93451534936664));
#1461=CARTESIAN_POINT('',(18.7929331829663,8.04166776118298,1.93567843339416));
#1462=CARTESIAN_POINT('',(18.7918968973863,8.04166857554246,1.93684268376621));
#1463=CARTESIAN_POINT('',(18.7915937247813,8.04166808526872,1.9371907964947));
#1464=CARTESIAN_POINT('',(18.7906356729004,8.04166836416464,1.93831723605689));
#1465=CARTESIAN_POINT('',(18.789732201046,8.04166710684542,1.93941597528051));
#1466=CARTESIAN_POINT('',(18.7887786520733,8.04166756076486,1.94061971444088));
#1467=CARTESIAN_POINT('',(18.7878150145199,8.0416689950955,1.94188599892826));
#1468=CARTESIAN_POINT('',(18.786965394495,8.04166790260399,1.94304584795324));
#1469=CARTESIAN_POINT('',(18.7861314310021,8.04166688684551,1.94422965007107));
#1470=CARTESIAN_POINT('',(18.7856621002008,8.04166835106579,1.94491896478324));
#1471=CARTESIAN_POINT('',(18.785242264548,8.04166841635201,1.94554875812738));
#1472=CARTESIAN_POINT('',(18.7848778472849,8.04166683829045,1.94610551503302));
#1473=CARTESIAN_POINT('',(18.7844162505298,8.04166883495149,1.94683021360887));
#1474=CARTESIAN_POINT('',(18.7840387382089,8.04166808041519,1.94743515320705));
#1475=CARTESIAN_POINT('',(18.7836692942464,8.04166727423917,1.94804026910339));
#1476=CARTESIAN_POINT('',(18.7832308750386,8.04166935526746,1.94877910403607));
#1477=CARTESIAN_POINT('',(18.7828942619144,8.04166771145384,1.94935759377087));
#1478=CARTESIAN_POINT('',(18.782119056275,8.04166947520194,1.95074622942701));
#1479=CARTESIAN_POINT('',(18.7815812568652,8.04166705309237,1.95175257763926));
#1480=CARTESIAN_POINT('',(18.7812507642992,8.04166671610581,1.95239302786628));
#1481=CARTESIAN_POINT('',(18.7808942171015,8.04166715799541,1.9531041168938));
#1482=CARTESIAN_POINT('',(18.7805587993486,8.04166729469552,1.95379244379716));
#1483=CARTESIAN_POINT('',(18.7802539862567,8.04166685016763,1.95443513479149));
#1484=CARTESIAN_POINT('',(18.77993552531,8.04166693569101,1.95512675707241));
#1485=CARTESIAN_POINT('',(18.7796114134543,8.04166739740947,1.95585331533803));
#1486=CARTESIAN_POINT('',(18.7793232703889,8.04166709576454,1.95651882287817));
#1487=CARTESIAN_POINT('',(18.7790453179595,8.04166670177344,1.95718047316535));
#1488=CARTESIAN_POINT('',(18.7787461462144,8.04166717240831,1.95791754795698));
#1489=CARTESIAN_POINT('',(18.7784654846366,8.04166735411326,1.95863327311852));
#1490=CARTESIAN_POINT('',(18.7782131818508,8.04166687408909,1.95929811525286));
#1491=CARTESIAN_POINT('',(18.7779526052346,8.04166692714694,1.96000948750525));
#1492=CARTESIAN_POINT('',(18.7776884136011,8.0416674066305,1.96075872150841));
#1493=CARTESIAN_POINT('',(18.7774542998144,8.04166713085513,1.96144723432911));
#1494=CARTESIAN_POINT('',(18.7772321717684,8.04166668491652,1.9621250382858));
#1495=CARTESIAN_POINT('',(18.7769941855522,8.04166717425329,1.96288297128126));
#1496=CARTESIAN_POINT('',(18.7767720764639,8.04166740032299,1.96362172984448));
#1497=CARTESIAN_POINT('',(18.77657502,8.04166690778169,1.96430496814865));
#1498=CARTESIAN_POINT('',(18.7763743928222,8.04166692672531,1.9650334650244));
#1499=CARTESIAN_POINT('',(18.7761724804465,8.04166743599488,1.96580489729608));
#1500=CARTESIAN_POINT('',(18.7759949418367,8.04166717804952,1.96651736501687));
#1501=CARTESIAN_POINT('',(18.7758300129521,8.04166666668111,1.9672131147541));
#1502=EDGE_CURVE('Edge_90',#1389,#1391,#1392,.T.);
#1503=CARTESIAN_POINT('',(23.2271390624214,9.1904761904927,1.9672131147541));
#1504=VERTEX_POINT('',#1503);
#1505=CARTESIAN_POINT('',(19.3866628719452,9.1904761904927,1.9672131147541));
#1506=VERTEX_POINT('',#1505);
#1507=B_SPLINE_CURVE_WITH_KNOTS('Curve_91',1,(#1508, #1509, #1510, #1511, #1512, #1513, #1514, #1515, #1516, #1517, #1518, #1519, #1520, #1521, #1522, #1523, #1524, #1525, #1526, #1527, #1528, #1529, #1530, #1531, #1532, #1533, #1534, #1535, #1536, #1537, #1538, #1539, #1540, #1541, #1542, #1543, #1544, #1545, #1546, #1547, #1548, #1549, #1550, #1551, #1552, #1553, #1554, #1555, #1556, #1557, #1558, #1559, #1560, #1561, #1562, #1563, #1564, #1565, #1566, #1567, #1568, #1569, #1570, #1571, #1572, #1573, #1574, #1575, #1576, #1577, #1578, #1579, #1580, #1581, #1582, #1583, #1584, #1585, #1586, #1587, #1588, #1589, #1590, #1591, #1592, #1593, #1594, #1595, #1596, #1597, #1598, #1599, #1600, #1601, #1602, #1603, #1604, #1605, #1606, #1607, #1608, #1609, #1610, #1611, #1612, #1613, #1614, #1615, #1616),.POLYLINE_FORM.,.F.,.F.,(2,1,1,1,1,1,1,1,1,1,1,1,1,1,1,1,1,1,1,1,1,1,1,1,1,1,1,1,1,1,1,1,1,1,1,1,1,1,1,1,1,1,1,1,1,1,1,1,1,1,1,1,1,1,1,1,1,1,1,1,1,1,1,1,1,1,1,1,1,1,1,1,1,1,1,1,1,1,1,1,1,1,1,1,1,1,1,1,1,1,1,1,1,1,1,1,1,1,1,1,1,1,1,1,1,1,1,1,2),(0.,1.,2.,3.,4.,5.,6.,7.,8.,9.,10.,11.,12.,13.,14.,15.,16.,17.,18.,19.,20.,21.,22.,23.,24.,25.,26.,27.,28.,29.,30.,31.,32.,33.,34.,35.,36.,37.,38.,39.,40.,41.,42.,43.,44.,45.,46.,47.,48.,49.,50.,51.,52.,53.,54.,55.,56.,57.,58.,59.,60.,61.,62.,63.,64.,65.,66.,67.,68.,69.,70.,71.,72.,73.,74.,75.,76.,77.,78.,79.,80.,81.,82.,83.,84.,85.,86.,87.,88.,89.,90.,91.,92.,93.,94.,95.,96.,97.,98.,99.,100.,101.,102.,103.,104.,105.,106.,107.,108.),.UNIFORM_KNOTS.);
#1508=CARTESIAN_POINT('',(23.2271390624214,9.1904761904927,1.9672131147541));
#1509=CARTESIAN_POINT('',(22.6056772687018,9.19047601473656,1.89932245126419));
#1510=CARTESIAN_POINT('',(22.0867533116894,9.19047617399421,1.85247424414955));
#1511=CARTESIAN_POINT('',(21.7417575956223,9.19047617579507,1.82666806632156));
#1512=CARTESIAN_POINT('',(21.4393521682521,9.19047618341496,1.80824793938512));
#1513=CARTESIAN_POINT('',(21.1949369464233,9.19047619376469,1.79684018375819));
#1514=CARTESIAN_POINT('',(21.0202912047298,9.19047619200745,1.79096996756523));
#1515=CARTESIAN_POINT('',(20.8483563777112,9.19047620889217,1.78737731745373));
#1516=CARTESIAN_POINT('',(20.5534689753375,9.19047622524601,1.7873579054043));
#1517=CARTESIAN_POINT('',(20.4112478266253,9.19047619927822,1.79072990407546));
#1518=CARTESIAN_POINT('',(20.3253262408829,9.19047622198865,1.79406017932863));
#1519=CARTESIAN_POINT('',(20.2427391001675,9.19047623466599,1.79829992346535));
#1520=CARTESIAN_POINT('',(20.1556792506649,9.1904762048315,1.80400192140341));
#1521=CARTESIAN_POINT('',(20.063199499149,9.19047619574711,1.81147879574288));
#1522=CARTESIAN_POINT('',(19.9790831110284,9.19047620285719,1.81935519478148));
#1523=CARTESIAN_POINT('',(19.8883111311337,9.19047622177927,1.82881849438717));
#1524=CARTESIAN_POINT('',(19.7762874438881,9.19047620957877,1.84184454959852));
#1525=CARTESIAN_POINT('',(19.6911621531234,9.19047632190964,1.8530500971352));
#1526=CARTESIAN_POINT('',(19.6307279764694,9.19047619795992,1.86213278192532));
#1527=CARTESIAN_POINT('',(19.6096774656281,9.19047625031449,1.86563156085699));
#1528=CARTESIAN_POINT('',(19.5883576396915,9.1904762608998,1.86942134846238));
#1529=CARTESIAN_POINT('',(19.5690739222949,9.19047631623405,1.87310056639647));
#1530=CARTESIAN_POINT('',(19.5476871591093,9.1904762856383,1.87753984635553));
#1531=CARTESIAN_POINT('',(19.5369827750192,9.19047623600585,1.87993303972589));
#1532=CARTESIAN_POINT('',(19.5263989908698,9.19047621451907,1.88243039098693));
#1533=CARTESIAN_POINT('',(19.5160481616265,9.19047631136288,1.88501880755285));
#1534=CARTESIAN_POINT('',(19.5067707605757,9.19047625318146,1.88747868761595));
#1535=CARTESIAN_POINT('',(19.5016298167833,9.19047629247777,1.88890507026515));
#1536=CARTESIAN_POINT('',(19.4963659515241,9.19047627453234,1.89041782371291));
#1537=CARTESIAN_POINT('',(19.4911103477326,9.19047624585005,1.89198614891398));
#1538=CARTESIAN_POINT('',(19.4858725592849,9.1904762088112,1.89361212499769));
#1539=CARTESIAN_POINT('',(19.4807368108527,9.19047621754148,1.8952728183576));
#1540=CARTESIAN_POINT('',(19.4726299999044,9.19047653759488,1.89804055416862));
#1541=CARTESIAN_POINT('',(19.4675015350393,9.19047653167572,1.89989448681053));
#1542=CARTESIAN_POINT('',(19.4626231231292,9.19047693551903,1.90174266428773));
#1543=CARTESIAN_POINT('',(19.457279882575,9.19047628936934,1.90387203485744));
#1544=CARTESIAN_POINT('',(19.4526877672887,9.19047735904246,1.90579968165838));
#1545=CARTESIAN_POINT('',(19.4489045312339,9.19047626363745,1.907461502776));
#1546=CARTESIAN_POINT('',(19.4465412784092,9.19047643474828,1.90853757461082));
#1547=CARTESIAN_POINT('',(19.4440619859199,9.19047639327094,1.9097002398879));
#1548=CARTESIAN_POINT('',(19.4415898909699,9.19047634070849,1.91089614125977));
#1549=CARTESIAN_POINT('',(19.4392735935647,9.1904765579397,1.91205196727396));
#1550=CARTESIAN_POINT('',(19.4366995473389,9.19047621467868,1.91337872013235));
#1551=CARTESIAN_POINT('',(19.4345017360333,9.19047667920822,1.91454994902507));
#1552=CARTESIAN_POINT('',(19.4319901108544,9.19047633371279,1.91593527887567));
#1553=CARTESIAN_POINT('',(19.4297193012998,9.19047657159562,1.91723453627244));
#1554=CARTESIAN_POINT('',(19.4273814754304,9.19047655430057,1.91862193758773));
#1555=CARTESIAN_POINT('',(19.4250275059882,9.19047641336898,1.92007402054462));
#1556=CARTESIAN_POINT('',(19.4228648166929,9.19047685577667,1.92146098461287));
#1557=CARTESIAN_POINT('',(19.4216812811895,9.19047667771032,1.92224308723395));
#1558=CARTESIAN_POINT('',(19.4204407473423,9.19047619742633,1.92308169600095));
#1559=CARTESIAN_POINT('',(19.4194438434504,9.19047669318124,1.92377072399058));
#1560=CARTESIAN_POINT('',(19.4183988871534,9.19047699805602,1.92450776015361));
#1561=CARTESIAN_POINT('',(19.41718477835,9.19047647385405,1.92538386536618));
#1562=CARTESIAN_POINT('',(19.416098213544,9.19047647773571,1.92618741809855));
#1563=CARTESIAN_POINT('',(19.415135110486,9.19047709648034,1.92691597564487));
#1564=CARTESIAN_POINT('',(19.4140058262725,9.19047681316062,1.92779007962072));
#1565=CARTESIAN_POINT('',(19.4128385233848,9.19047620346495,1.92871772032568));
#1566=CARTESIAN_POINT('',(19.4119025852309,9.19047687377591,1.92948081466557));
#1567=CARTESIAN_POINT('',(19.410913402846,9.19047722109388,1.93030637911438));
#1568=CARTESIAN_POINT('',(19.4097764005481,9.19047653662156,1.93128058722756));
#1569=CARTESIAN_POINT('',(19.4087697464855,9.19047659261299,1.93216795071623));
#1570=CARTESIAN_POINT('',(19.4078740649147,9.19047741049875,1.93297856364738));
#1571=CARTESIAN_POINT('',(19.4068206142886,9.19047698525575,1.93395794433112));
#1572=CARTESIAN_POINT('',(19.405751321833,9.19047623623446,1.93498349905139));
#1573=CARTESIAN_POINT('',(19.4048925485573,9.190477127969,1.93583272829846));
#1574=CARTESIAN_POINT('',(19.4039823845392,9.19047753226019,1.93675842974629));
#1575=CARTESIAN_POINT('',(19.4035921360393,9.19047751512086,1.93716388594395));
#1576=CARTESIAN_POINT('',(19.4027481215053,9.19047734986436,1.9380595402017));
#1577=CARTESIAN_POINT('',(19.4017394682829,9.19047636801672,1.93916543478974));
#1578=CARTESIAN_POINT('',(19.4009090468347,9.19047705680991,1.94010866270189));
#1579=CARTESIAN_POINT('',(19.4001089767917,9.1904780034891,1.94104717068761));
#1580=CARTESIAN_POINT('',(19.3991573609265,9.19047693924383,1.94220311461002));
#1581=CARTESIAN_POINT('',(19.3982905514731,9.19047658826674,1.94329880476764));
#1582=CARTESIAN_POINT('',(19.3975584416277,9.19047780427652,1.9442597707112));
#1583=CARTESIAN_POINT('',(19.397048615036,9.19047631682426,1.94494751795033));
#1584=CARTESIAN_POINT('',(19.396739567352,9.19047761219259,1.94537461457855));
#1585=CARTESIAN_POINT('',(19.3963446248784,9.19047757388331,1.94592912443345));
#1586=CARTESIAN_POINT('',(19.3958776463777,9.19047636823359,1.94659903089968));
#1587=CARTESIAN_POINT('',(19.3951809632771,9.19047731914735,1.94763339213005));
#1588=CARTESIAN_POINT('',(19.3945057907132,9.19047839702455,1.94867703117549));
#1589=CARTESIAN_POINT('',(19.3940702191545,9.19047703880221,1.94937211794181));
#1590=CARTESIAN_POINT('',(19.3937180160457,9.19047706994877,1.94994974706647));
#1591=CARTESIAN_POINT('',(19.3934464512807,9.19047849544077,1.95040589046562));
#1592=CARTESIAN_POINT('',(19.3930151545809,9.19047673169644,1.95114484545569));
#1593=CARTESIAN_POINT('',(19.392425289703,9.19047823375399,1.95219833067573));
#1594=CARTESIAN_POINT('',(19.3918711038844,9.1904766046282,1.95323118489967));
#1595=CARTESIAN_POINT('',(19.3915278091883,9.19047622931732,1.95389634530952));
#1596=CARTESIAN_POINT('',(19.391250461831,9.19047653214938,1.95444937931842));
#1597=CARTESIAN_POINT('',(19.3909752768725,9.19047680116519,1.95501231057705));
#1598=CARTESIAN_POINT('',(19.3906537931278,9.19047641875369,1.95568847632694));
#1599=CARTESIAN_POINT('',(19.3903656282819,9.19047635239875,1.95631395825268));
#1600=CARTESIAN_POINT('',(19.3901190139696,9.19047674962919,1.95686531191556));
#1601=CARTESIAN_POINT('',(19.3898393599016,9.19047661796858,1.95750860501364));
#1602=CARTESIAN_POINT('',(19.3895491671867,9.19047621807313,1.95819876201478));
#1603=CARTESIAN_POINT('',(19.3893181299012,9.1904765683446,1.95876738450729));
#1604=CARTESIAN_POINT('',(19.3890866236317,9.1904768275107,1.95935485649202));
#1605=CARTESIAN_POINT('',(19.3888201361237,9.19047641273246,1.96005430774728));
#1606=CARTESIAN_POINT('',(19.3885848245628,9.19047637157695,1.96069570849661));
#1607=CARTESIAN_POINT('',(19.388383470107,9.19047678430979,1.96126427024781));
#1608=CARTESIAN_POINT('',(19.3881551742087,9.19047662062797,1.96193155328759));
#1609=CARTESIAN_POINT('',(19.3879219845779,9.19047620483999,1.96264167122138));
#1610=CARTESIAN_POINT('',(19.3877394579266,9.19047659795577,1.96322164435429));
#1611=CARTESIAN_POINT('',(19.3875551053723,9.19047683866716,1.96383017662996));
#1612=CARTESIAN_POINT('',(19.3873465112627,9.19047641402269,1.96454891053728));
#1613=CARTESIAN_POINT('',(19.3871656105497,9.19047639931677,1.9652036557462));
#1614=CARTESIAN_POINT('',(19.3870113023455,9.19047683862243,1.96578893291057));
#1615=CARTESIAN_POINT('',(19.3868371102962,9.19047663181403,1.96648101983107));
#1616=CARTESIAN_POINT('',(19.3866628719452,9.1904761904927,1.9672131147541));
#1617=EDGE_CURVE('Edge_91',#1504,#1506,#1507,.T.);
#1618=CARTESIAN_POINT('',(19.9974957309384,10.3392857143043,1.9672131147541));
#1619=VERTEX_POINT('',#1618);
#1620=CARTESIAN_POINT('',(23.4177338261765,10.3392857143043,1.9672131147541));
#1621=VERTEX_POINT('',#1620);
#1622=B_SPLINE_CURVE_WITH_KNOTS('Curve_92',1,(#1623, #1624, #1625, #1626, #1627, #1628, #1629, #1630, #1631, #1632, #1633, #1634, #1635, #1636, #1637, #1638, #1639, #1640, #1641, #1642, #1643, #1644, #1645, #1646, #1647, #1648, #1649, #1650, #1651, #1652, #1653, #1654, #1655, #1656, #1657, #1658, #1659, #1660, #1661, #1662, #1663, #1664, #1665, #1666, #1667, #1668, #1669, #1670, #1671, #1672, #1673, #1674, #1675, #1676, #1677, #1678, #1679, #1680, #1681, #1682, #1683, #1684, #1685, #1686, #1687, #1688, #1689, #1690, #1691, #1692, #1693, #1694, #1695, #1696, #1697, #1698, #1699, #1700, #1701, #1702, #1703, #1704, #1705, #1706, #1707, #1708, #1709, #1710, #1711, #1712, #1713, #1714, #1715, #1716, #1717, #1718, #1719, #1720, #1721, #1722, #1723, #1724, #1725, #1726, #1727),.POLYLINE_FORM.,.F.,.F.,(2,1,1,1,1,1,1,1,1,1,1,1,1,1,1,1,1,1,1,1,1,1,1,1,1,1,1,1,1,1,1,1,1,1,1,1,1,1,1,1,1,1,1,1,1,1,1,1,1,1,1,1,1,1,1,1,1,1,1,1,1,1,1,1,1,1,1,1,1,1,1,1,1,1,1,1,1,1,1,1,1,1,1,1,1,1,1,1,1,1,1,1,1,1,1,1,1,1,1,1,1,1,1,1,2),(0.,1.,2.,3.,4.,5.,6.,7.,8.,9.,10.,11.,12.,13.,14.,15.,16.,17.,18.,19.,20.,21.,22.,23.,24.,25.,26.,27.,28.,29.,30.,31.,32.,33.,34.,35.,36.,37.,38.,39.,40.,41.,42.,43.,44.,45.,46.,47.,48.,49.,50.,51.,52.,53.,54.,55.,56.,57.,58.,59.,60.,61.,62.,63.,64.,65.,66.,67.,68.,69.,70.,71.,72.,73.,74.,75.,76.,77.,78.,79.,80.,81.,82.,83.,84.,85.,86.,87.,88.,89.,90.,91.,92.,93.,94.,95.,96.,97.,98.,99.,100.,101.,102.,103.,104.),.UNIFORM_KNOTS.);
#1623=CARTESIAN_POINT('',(19.9974957309384,10.3392857143043,1.9672131147541));
#1624=CARTESIAN_POINT('',(19.9976731387879,10.339285958843,1.96647033648013));
#1625=CARTESIAN_POINT('',(19.9978407139398,10.3392860733803,1.96581082878616));
#1626=CARTESIAN_POINT('',(19.9979551666926,10.3392858299786,1.96538008105557));
#1627=CARTESIAN_POINT('',(19.9981176425557,10.3392858381247,1.96479412763486));
#1628=CARTESIAN_POINT('',(19.9983305789837,10.339286073293,1.96406517316281));
#1629=CARTESIAN_POINT('',(19.9984810399876,10.3392859399412,1.96357265902491));
#1630=CARTESIAN_POINT('',(19.9986180303296,10.3392857222492,1.96313888515057));
#1631=CARTESIAN_POINT('',(19.9988552797449,10.3392859524599,1.96241843419699));
#1632=CARTESIAN_POINT('',(19.9990724452436,10.3392860430373,1.96178815636627));
#1633=CARTESIAN_POINT('',(19.9992215041311,10.3392858145365,1.96136961571352));
#1634=CARTESIAN_POINT('',(19.999434847973,10.3392858373165,1.960789649252));
#1635=CARTESIAN_POINT('',(19.9997065465653,10.3392860670087,1.96008027808902));
#1636=CARTESIAN_POINT('',(19.9998926847153,10.3392859235102,1.9596110743437));
#1637=CARTESIAN_POINT('',(20.0000686082082,10.3392857295748,1.95917929243784));
#1638=CARTESIAN_POINT('',(20.0003637230777,10.3392859509823,1.95847916010602));
#1639=CARTESIAN_POINT('',(20.0006269346838,10.3392860238741,1.95787721556501));
#1640=CARTESIAN_POINT('',(20.0008092592184,10.3392858039436,1.95747141988481));
#1641=CARTESIAN_POINT('',(20.0010729971177,10.3392858406811,1.95690023447151));
#1642=CARTESIAN_POINT('',(20.0014004530302,10.3392860523997,1.95621461758777));
#1643=CARTESIAN_POINT('',(20.0016184254094,10.3392859034588,1.95577118629192));
#1644=CARTESIAN_POINT('',(20.0018326249372,10.3392857357991,1.95534504769204));
#1645=CARTESIAN_POINT('',(20.0021816249064,10.3392859435838,1.95467034492485));
#1646=CARTESIAN_POINT('',(20.002751277393,10.3392868426505,1.95361619942299));
#1647=CARTESIAN_POINT('',(20.0031881312748,10.3392860131245,1.95284161080886));
#1648=CARTESIAN_POINT('',(20.0036910032151,10.3392869869583,1.95198550879883));
#1649=CARTESIAN_POINT('',(20.0038382822977,10.3392861998872,1.9517401472095));
#1650=CARTESIAN_POINT('',(20.0041533104593,10.3392861826244,1.95122581000596));
#1651=CARTESIAN_POINT('',(20.0046421150298,10.3392869324485,1.95045125639433));
#1652=CARTESIAN_POINT('',(20.0051703750449,10.3392863373172,1.9496418163726));
#1653=CARTESIAN_POINT('',(20.0057165133297,10.3392858124166,1.94883382458025));
#1654=CARTESIAN_POINT('',(20.0062366811943,10.3392864778518,1.94809006525083));
#1655=CARTESIAN_POINT('',(20.006593375533,10.3392864989961,1.94759276757359));
#1656=CARTESIAN_POINT('',(20.0067565956443,10.3392857840256,1.94736804692829));
#1657=CARTESIAN_POINT('',(20.0073495849247,10.339286604938,1.946570991671));
#1658=CARTESIAN_POINT('',(20.0078906214121,10.339285933817,1.94586456212809));
#1659=CARTESIAN_POINT('',(20.0086993071924,10.3392861275046,1.94484520059467));
#1660=CARTESIAN_POINT('',(20.0096685651496,10.3392867147555,1.94367506706238));
#1661=CARTESIAN_POINT('',(20.0102841882265,10.3392861921076,1.94295791284193));
#1662=CARTESIAN_POINT('',(20.0109436747236,10.3392858122148,1.94221092607637));
#1663=CARTESIAN_POINT('',(20.0119690661129,10.3392863536392,1.94109025908764));
#1664=CARTESIAN_POINT('',(20.0128293251285,10.3392863942308,1.94018444041199));
#1665=CARTESIAN_POINT('',(20.0134506990251,10.3392858676886,1.93954800774257));
#1666=CARTESIAN_POINT('',(20.0143879902769,10.3392860510829,1.93861531799417));
#1667=CARTESIAN_POINT('',(20.0154839251512,10.3392864959747,1.93756273494058));
#1668=CARTESIAN_POINT('',(20.0158800264071,10.3392862553629,1.93719148717894));
#1669=CARTESIAN_POINT('',(20.0166456498403,10.3392865255056,1.93648757146174));
#1670=CARTESIAN_POINT('',(20.0172581733604,10.3392859359362,1.9359360916594));
#1671=CARTESIAN_POINT('',(20.0181450417983,10.3392859050761,1.93515596256795));
#1672=CARTESIAN_POINT('',(20.0193007217393,10.3392862822917,1.93416945974277));
#1673=CARTESIAN_POINT('',(20.0201201601228,10.33928609108,1.93348896754029));
#1674=CARTESIAN_POINT('',(20.0208101074488,10.3392857214567,1.93292763561442));
#1675=CARTESIAN_POINT('',(20.0219901629166,10.3392860576181,1.93199152687572));
#1676=CARTESIAN_POINT('',(20.0230747835986,10.3392862137795,1.93115583446641));
#1677=CARTESIAN_POINT('',(20.0237851369495,10.3392858726484,1.93062050012566));
#1678=CARTESIAN_POINT('',(20.0247524091641,10.3392858705086,1.9299064569555));
#1679=CARTESIAN_POINT('',(20.0259859615437,10.3392861594411,1.92901933958341));
#1680=CARTESIAN_POINT('',(20.0275796039098,10.3392857181259,1.92790927738797));
#1681=CARTESIAN_POINT('',(20.0299652929564,10.3392860809408,1.92631794666826));
#1682=CARTESIAN_POINT('',(20.0317459290596,10.3392858372468,1.92517958208894));
#1683=CARTESIAN_POINT('',(20.0339103931248,10.3392859149599,1.92384733018182));
#1684=CARTESIAN_POINT('',(20.0360092252095,10.3392859244861,1.92260537168526));
#1685=CARTESIAN_POINT('',(20.0379337128872,10.3392857932829,1.92150659654283));
#1686=CARTESIAN_POINT('',(20.0403559749228,10.3392859837929,1.92017414662031));
#1687=CARTESIAN_POINT('',(20.0420706696341,10.3392857276404,1.91926240912544));
#1688=CARTESIAN_POINT('',(20.0445822210546,10.3392859170552,1.91797021223507));
#1689=CARTESIAN_POINT('',(20.0465123975598,10.3392857971872,1.91700943771526));
#1690=CARTESIAN_POINT('',(20.0487625876187,10.3392858261802,1.91592280971252));
#1691=CARTESIAN_POINT('',(20.0510104916389,10.339285849059,1.91487110976865));
#1692=CARTESIAN_POINT('',(20.0529890417177,10.3392857546552,1.9139717455609));
#1693=CARTESIAN_POINT('',(20.0544601172861,10.3392858142553,1.91331824373553));
#1694=CARTESIAN_POINT('',(20.0597145959821,10.3392862922816,1.9110790556453));
#1695=CARTESIAN_POINT('',(20.0634902932893,10.3392858507568,1.9095540517179));
#1696=CARTESIAN_POINT('',(20.0683786947838,10.339286016512,1.90767394286728));
#1697=CARTESIAN_POINT('',(20.0728147719299,10.3392859517968,1.90605081575003));
#1698=CARTESIAN_POINT('',(20.0808683018995,10.3392857888507,1.90327954588567));
#1699=CARTESIAN_POINT('',(20.0854749953454,10.3392857851272,1.90178465814457));
#1700=CARTESIAN_POINT('',(20.0943773821645,10.3392857324654,1.8990610728594));
#1701=CARTESIAN_POINT('',(20.103662647247,10.3392857307371,1.89642195773512));
#1702=CARTESIAN_POINT('',(20.1115648872712,10.3392858246134,1.89431248311505));
#1703=CARTESIAN_POINT('',(20.1212246957826,10.3392858507703,1.89188200840248));
#1704=CARTESIAN_POINT('',(20.1304834918694,10.3392858126572,1.88968683636275));
#1705=CARTESIAN_POINT('',(20.1395661955055,10.3392857667867,1.88764383809888));
#1706=CARTESIAN_POINT('',(20.1579916223285,10.3392857218889,1.88378769024419));
#1707=CARTESIAN_POINT('',(20.1775584596861,10.3392857531206,1.88004146194999));
#1708=CARTESIAN_POINT('',(20.1965662918592,10.3392857473197,1.87666828991993));
#1709=CARTESIAN_POINT('',(20.2149343478784,10.3392857184339,1.87361813200616));
#1710=CARTESIAN_POINT('',(20.2698786156313,10.3392857867971,1.86537287029968));
#1711=CARTESIAN_POINT('',(20.3425428544951,10.3392857459366,1.85580389795387));
#1712=CARTESIAN_POINT('',(20.441153064819,10.3392857246998,1.84430213860249));
#1713=CARTESIAN_POINT('',(20.5225002491423,10.3392857208388,1.83579128449172));
#1714=CARTESIAN_POINT('',(20.598835576337,10.3392857191621,1.82862261902751));
#1715=CARTESIAN_POINT('',(20.6826867882903,10.3392857222291,1.82183745442147));
#1716=CARTESIAN_POINT('',(20.7558206873497,10.3392857159316,1.81702097178318));
#1717=CARTESIAN_POINT('',(20.8345800244017,10.3392857317116,1.81295635498306));
#1718=CARTESIAN_POINT('',(20.910371806161,10.3392857191591,1.81002805524594));
#1719=CARTESIAN_POINT('',(21.0379215721014,10.3392857334337,1.80701869700507));
#1720=CARTESIAN_POINT('',(21.301027275801,10.3392857244131,1.80708049193825));
#1721=CARTESIAN_POINT('',(21.4526906719808,10.3392857151325,1.81026402738609));
#1722=CARTESIAN_POINT('',(21.5968244561206,10.339285716387,1.81505100904326));
#1723=CARTESIAN_POINT('',(21.7921143855279,10.3392857088908,1.82388673749799));
#1724=CARTESIAN_POINT('',(22.0971503610588,10.339285706084,1.84220062407624));
#1725=CARTESIAN_POINT('',(22.4040703037646,10.3392857051188,1.86518708555936));
#1726=CARTESIAN_POINT('',(22.8348404120433,10.3392856917048,1.90385616503148));
#1727=CARTESIAN_POINT('',(23.4177338261765,10.3392857143043,1.9672131147541));
#1728=EDGE_CURVE('Edge_92',#1619,#1621,#1622,.T.);
#1729=CARTESIAN_POINT('',(20.6083285899315,11.4880952381159,1.9672131147541));
#1730=VERTEX_POINT('',#1729);
#1731=CARTESIAN_POINT('',(23.6083285899315,11.4880952381159,1.9672131147541));
#1732=VERTEX_POINT('',#1731);
#1733=B_SPLINE_CURVE_WITH_KNOTS('Curve_93',1,(#1734, #1735, #1736, #1737, #1738, #1739, #1740, #1741, #1742, #1743, #1744, #1745, #1746, #1747, #1748, #1749, #1750, #1751, #1752, #1753, #1754, #1755, #1756, #1757, #1758, #1759, #1760, #1761, #1762, #1763, #1764, #1765, #1766, #1767, #1768, #1769, #1770, #1771, #1772, #1773, #1774, #1775, #1776, #1777, #1778, #1779, #1780, #1781, #1782, #1783, #1784, #1785, #1786, #1787, #1788, #1789, #1790, #1791, #1792, #1793, #1794, #1795, #1796, #1797, #1798, #1799, #1800, #1801, #1802, #1803, #1804, #1805, #1806, #1807, #1808, #1809, #1810, #1811, #1812, #1813, #1814, #1815, #1816, #1817, #1818, #1819, #1820, #1821, #1822, #1823, #1824, #1825, #1826, #1827, #1828, #1829, #1830, #1831, #1832, #1833, #1834, #1835, #1836),.POLYLINE_FORM.,.F.,.F.,(2,1,1,1,1,1,1,1,1,1,1,1,1,1,1,1,1,1,1,1,1,1,1,1,1,1,1,1,1,1,1,1,1,1,1,1,1,1,1,1,1,1,1,1,1,1,1,1,1,1,1,1,1,1,1,1,1,1,1,1,1,1,1,1,1,1,1,1,1,1,1,1,1,1,1,1,1,1,1,1,1,1,1,1,1,1,1,1,1,1,1,1,1,1,1,1,1,1,1,1,1,1,2),(0.,1.,2.,3.,4.,5.,6.,7.,8.,9.,10.,11.,12.,13.,14.,15.,16.,17.,18.,19.,20.,21.,22.,23.,24.,25.,26.,27.,28.,29.,30.,31.,32.,33.,34.,35.,36.,37.,38.,39.,40.,41.,42.,43.,44.,45.,46.,47.,48.,49.,50.,51.,52.,53.,54.,55.,56.,57.,58.,59.,60.,61.,62.,63.,64.,65.,66.,67.,68.,69.,70.,71.,72.,73.,74.,75.,76.,77.,78.,79.,80.,81.,82.,83.,84.,85.,86.,87.,88.,89.,90.,91.,92.,93.,94.,95.,96.,97.,98.,99.,100.,101.,102.),.UNIFORM_KNOTS.);
#1734=CARTESIAN_POINT('',(20.6083285899315,11.4880952381159,1.9672131147541));
#1735=CARTESIAN_POINT('',(20.6085810525747,11.4880952381159,1.96617617121424));
#1736=CARTESIAN_POINT('',(20.6087637840739,11.4880952381159,1.96548680826791));
#1737=CARTESIAN_POINT('',(20.6089461691615,11.4880952381159,1.964839984442));
#1738=CARTESIAN_POINT('',(20.6092540980495,11.4880952381159,1.96382432940528));
#1739=CARTESIAN_POINT('',(20.6094169782477,11.4880952381159,1.96331961896852));
#1740=CARTESIAN_POINT('',(20.6095857669485,11.4880952381159,1.96281688175204));
#1741=CARTESIAN_POINT('',(20.6097604376517,11.4880952381159,1.96231603913024));
#1742=CARTESIAN_POINT('',(20.6099409638572,11.4880952381159,1.96181701247753));
#1743=CARTESIAN_POINT('',(20.6101273228124,11.4880952381159,1.96131977005492));
#1744=CARTESIAN_POINT('',(20.6103195028263,11.4880952381159,1.96082463581931));
#1745=CARTESIAN_POINT('',(20.6105174462437,11.4880952381159,1.96033173429809));
#1746=CARTESIAN_POINT('',(20.6107210875292,11.4880952381159,1.95984112362083));
#1747=CARTESIAN_POINT('',(20.6109303611476,11.4880952381159,1.95935286191711));
#1748=CARTESIAN_POINT('',(20.6111452015636,11.4880952381159,1.95886700731649));
#1749=CARTESIAN_POINT('',(20.6113655432418,11.4880952381159,1.95838361794854));
#1750=CARTESIAN_POINT('',(20.6115913206471,11.4880952381159,1.95790275194284));
#1751=CARTESIAN_POINT('',(20.6118224682442,11.4880952381159,1.95742446742895));
#1752=CARTESIAN_POINT('',(20.6120589204976,11.4880952381159,1.95694882253644));
#1753=CARTESIAN_POINT('',(20.6123006118723,11.4880952381159,1.95647587539488));
#1754=CARTESIAN_POINT('',(20.612618376628,11.4880952381159,1.95587295092797));
#1755=CARTESIAN_POINT('',(20.6128718589518,11.4880952381159,1.95540636191473));
#1756=CARTESIAN_POINT('',(20.6131304228079,11.4880952381159,1.9549425977552));
#1757=CARTESIAN_POINT('',(20.6133939910802,11.4880952381159,1.95448167108842));
#1758=CARTESIAN_POINT('',(20.6136624866523,11.4880952381159,1.95402359455341));
#1759=CARTESIAN_POINT('',(20.613935832408,11.4880952381159,1.95356838078923));
#1760=CARTESIAN_POINT('',(20.6142139512311,11.4880952381159,1.95311604243491));
#1761=CARTESIAN_POINT('',(20.6144967660053,11.4880952381159,1.95266659212948));
#1762=CARTESIAN_POINT('',(20.6147841996143,11.4880952381159,1.952220042512));
#1763=CARTESIAN_POINT('',(20.6153726148719,11.4880952381159,1.95133569589698));
#1764=CARTESIAN_POINT('',(20.6159785800739,11.4880952381159,1.95046310370216));
#1765=CARTESIAN_POINT('',(20.6166014782902,11.4880952381159,1.94960236703985));
#1766=CARTESIAN_POINT('',(20.6172406925908,11.4880952381159,1.94875358702235));
#1767=CARTESIAN_POINT('',(20.6178956060457,11.4880952381159,1.94791686476197));
#1768=CARTESIAN_POINT('',(20.6185656017249,11.4880952381159,1.947092301371));
#1769=CARTESIAN_POINT('',(20.6192500635361,11.4880952381159,1.94627999665317));
#1770=CARTESIAN_POINT('',(20.6199484666492,11.4880952381159,1.9454798933094));
#1771=CARTESIAN_POINT('',(20.6206603382493,11.4880952381159,1.94469180696625));
#1772=CARTESIAN_POINT('',(20.621385177526,11.4880952381159,1.94391558809539));
#1773=CARTESIAN_POINT('',(20.6221224836688,11.4880952381159,1.94315108716844));
#1774=CARTESIAN_POINT('',(20.6228717558671,11.4880952381159,1.94239815465705));
#1775=CARTESIAN_POINT('',(20.6236324933105,11.4880952381159,1.94165664103287));
#1776=CARTESIAN_POINT('',(20.6244041951883,11.4880952381159,1.94092639676753));
#1777=CARTESIAN_POINT('',(20.6251863606902,11.4880952381159,1.94020727233268));
#1778=CARTESIAN_POINT('',(20.6259784890056,11.4880952381159,1.93949911819995));
#1779=CARTESIAN_POINT('',(20.6267800793239,11.4880952381159,1.938801784841));
#1780=CARTESIAN_POINT('',(20.6275906308347,11.4880952381159,1.93811512272746));
#1781=CARTESIAN_POINT('',(20.6284097479836,11.4880952381159,1.9374389521269));
#1782=CARTESIAN_POINT('',(20.6288495865935,11.4880952381159,1.93708290142927));
#1783=CARTESIAN_POINT('',(20.62977444497,11.4880952381159,1.93634949085021));
#1784=CARTESIAN_POINT('',(20.6314295005654,11.4880952381159,1.93508543254853));
#1785=CARTESIAN_POINT('',(20.6322844690767,11.4880952381159,1.93445507000577));
#1786=CARTESIAN_POINT('',(20.6331463942259,11.4880952381159,1.93383413318622));
#1787=CARTESIAN_POINT('',(20.6340149802502,11.4880952381159,1.93322243584752));
#1788=CARTESIAN_POINT('',(20.6348899313869,11.4880952381159,1.93261979174729));
#1789=CARTESIAN_POINT('',(20.6366577459473,11.4880952381159,1.93144091829273));
#1790=CARTESIAN_POINT('',(20.6384474116573,11.4880952381159,1.93029586677132));
#1791=CARTESIAN_POINT('',(20.6402569304353,11.4880952381159,1.92918285625726));
#1792=CARTESIAN_POINT('',(20.6420850273046,11.4880952381159,1.92810068858435));
#1793=CARTESIAN_POINT('',(20.6439304544654,11.4880952381159,1.9270481982202));
#1794=CARTESIAN_POINT('',(20.6457919641181,11.4880952381159,1.92602421963239));
#1795=CARTESIAN_POINT('',(20.647668304414,11.4880952381159,1.92502758181848));
#1796=CARTESIAN_POINT('',(20.64955801008,11.4880952381159,1.92405673737809));
#1797=CARTESIAN_POINT('',(20.6514600815091,11.4880952381159,1.92311049072272));
#1798=CARTESIAN_POINT('',(20.6533737934344,11.4880952381159,1.92218796314095));
#1799=CARTESIAN_POINT('',(20.655298420589,11.4880952381159,1.92128827592137));
#1800=CARTESIAN_POINT('',(20.6572332377061,11.4880952381159,1.92041055035255));
#1801=CARTESIAN_POINT('',(20.6602351947181,11.4880952381159,1.91909752814528));
#1802=CARTESIAN_POINT('',(20.6641567489548,11.4880952381159,1.91746266120261));
#1803=CARTESIAN_POINT('',(20.6681074603313,11.4880952381159,1.91589946628598));
#1804=CARTESIAN_POINT('',(20.672084090232,11.4880952381159,1.91440267107945));
#1805=CARTESIAN_POINT('',(20.6801021511428,11.4880952381159,1.91158719053303));
#1806=CARTESIAN_POINT('',(20.6842150522299,11.4880952381159,1.9102341525801));
#1807=CARTESIAN_POINT('',(20.6882669372659,11.4880952381159,1.90895574124758));
#1808=CARTESIAN_POINT('',(20.6923331226897,11.4880952381159,1.90772293291289));
#1809=CARTESIAN_POINT('',(20.6964121050351,11.4880952381159,1.9065325132687));
#1810=CARTESIAN_POINT('',(20.7005023808361,11.4880952381159,1.90538126800773));
#1811=CARTESIAN_POINT('',(20.7062472513118,11.4880952381159,1.90382880431973));
#1812=CARTESIAN_POINT('',(20.7144796786141,11.4880952381159,1.9017220407915));
#1813=CARTESIAN_POINT('',(20.7227411329121,11.4880952381159,1.89973172744252));
#1814=CARTESIAN_POINT('',(20.7310264082177,11.4880952381159,1.89784337645528));
#1815=CARTESIAN_POINT('',(20.7476540977758,11.4880952381159,1.89432909870029));
#1816=CARTESIAN_POINT('',(20.7643418153271,11.4880952381159,1.89110751353638));
#1817=CARTESIAN_POINT('',(20.7810716700591,11.4880952381159,1.88811451360507));
#1818=CARTESIAN_POINT('',(20.7978350491475,11.4880952381159,1.88531452350599));
#1819=CARTESIAN_POINT('',(20.8436241585649,11.4880952381159,1.87839696406764));
#1820=CARTESIAN_POINT('',(20.9051371506112,11.4880952381159,1.87022199969534));
#1821=CARTESIAN_POINT('',(20.9930750267775,11.4880952381159,1.85988905896043));
#1822=CARTESIAN_POINT('',(21.0678695564475,11.4880952381159,1.85203400212108));
#1823=CARTESIAN_POINT('',(21.135553096652,11.4880952381159,1.845671237477));
#1824=CARTESIAN_POINT('',(21.2103298025964,11.4880952381159,1.83962672359129));
#1825=CARTESIAN_POINT('',(21.2781675933847,11.4880952381159,1.83520166530055));
#1826=CARTESIAN_POINT('',(21.3460616834993,11.4880952381159,1.83175408214269));
#1827=CARTESIAN_POINT('',(21.4139946643263,11.4880952381159,1.82918120994558));
#1828=CARTESIAN_POINT('',(21.5338130828367,11.4880952381159,1.82651951564916));
#1829=CARTESIAN_POINT('',(21.737939285961,11.4880952381159,1.82657237299108));
#1830=CARTESIAN_POINT('',(21.873876156093,11.4880952381159,1.82925430570298));
#1831=CARTESIAN_POINT('',(22.0097673484132,11.4880952381159,1.83369355600904));
#1832=CARTESIAN_POINT('',(22.1944406799506,11.4880952381159,1.84211931108731));
#1833=CARTESIAN_POINT('',(22.4658634288105,11.4880952381159,1.85864538076495));
#1834=CARTESIAN_POINT('',(22.7370130625833,11.4880952381159,1.87918008546207));
#1835=CARTESIAN_POINT('',(23.1148293361346,11.4880952381159,1.91338607008185));
#1836=CARTESIAN_POINT('',(23.6083285899315,11.4880952381159,1.9672131147541));
#1837=EDGE_CURVE('Edge_93',#1730,#1732,#1733,.T.);
#1838=CARTESIAN_POINT('',(20.8931729283254,12.0238095238373,1.9672131147541));
#1839=VERTEX_POINT('',#1838);
#1840=CARTESIAN_POINT('',(23.7231729283254,12.0238095238373,1.9672131147541));
#1841=VERTEX_POINT('',#1840);
#1842=B_SPLINE_CURVE_WITH_KNOTS('Curve_94',1,(#1843, #1844, #1845, #1846, #1847, #1848, #1849, #1850, #1851, #1852, #1853, #1854, #1855, #1856, #1857, #1858, #1859, #1860, #1861, #1862, #1863, #1864, #1865, #1866, #1867, #1868, #1869, #1870, #1871, #1872, #1873, #1874, #1875, #1876, #1877, #1878, #1879, #1880, #1881, #1882, #1883, #1884, #1885, #1886, #1887, #1888, #1889, #1890, #1891, #1892, #1893, #1894, #1895, #1896, #1897, #1898, #1899, #1900, #1901, #1902, #1903, #1904, #1905, #1906, #1907, #1908, #1909, #1910, #1911, #1912, #1913, #1914, #1915, #1916, #1917, #1918, #1919, #1920, #1921, #1922, #1923, #1924, #1925, #1926, #1927, #1928, #1929, #1930, #1931, #1932, #1933, #1934, #1935, #1936, #1937, #1938, #1939, #1940, #1941, #1942, #1943, #1944, #1945, #1946, #1947),.POLYLINE_FORM.,.F.,.F.,(2,1,1,1,1,1,1,1,1,1,1,1,1,1,1,1,1,1,1,1,1,1,1,1,1,1,1,1,1,1,1,1,1,1,1,1,1,1,1,1,1,1,1,1,1,1,1,1,1,1,1,1,1,1,1,1,1,1,1,1,1,1,1,1,1,1,1,1,1,1,1,1,1,1,1,1,1,1,1,1,1,1,1,1,1,1,1,1,1,1,1,1,1,1,1,1,1,1,1,1,1,1,1,1,2),(0.,1.,2.,3.,4.,5.,6.,7.,8.,9.,10.,11.,12.,13.,14.,15.,16.,17.,18.,19.,20.,21.,22.,23.,24.,25.,26.,27.,28.,29.,30.,31.,32.,33.,34.,35.,36.,37.,38.,39.,40.,41.,42.,43.,44.,45.,46.,47.,48.,49.,50.,51.,52.,53.,54.,55.,56.,57.,58.,59.,60.,61.,62.,63.,64.,65.,66.,67.,68.,69.,70.,71.,72.,73.,74.,75.,76.,77.,78.,79.,80.,81.,82.,83.,84.,85.,86.,87.,88.,89.,90.,91.,92.,93.,94.,95.,96.,97.,98.,99.,100.,101.,102.,103.,104.),.UNIFORM_KNOTS.);
#1843=CARTESIAN_POINT('',(20.8931729283254,12.0238095238373,1.9672131147541));
#1844=CARTESIAN_POINT('',(20.8932589784438,12.0238101045635,1.96683176412634));
#1845=CARTESIAN_POINT('',(20.8933602185911,12.0238104103108,1.96640270172715));
#1846=CARTESIAN_POINT('',(20.8935090651443,12.0238098342324,1.965804396015));
#1847=CARTESIAN_POINT('',(20.8936405188796,12.0238097721534,1.96530640161293));
#1848=CARTESIAN_POINT('',(20.8937442026327,12.0238103141904,1.96493156995632));
#1849=CARTESIAN_POINT('',(20.8938933857824,12.0238101184848,1.96441321767284));
#1850=CARTESIAN_POINT('',(20.8940713774057,12.0238095819149,1.96382513513972));
#1851=CARTESIAN_POINT('',(20.8941964022014,12.0238099884579,1.96343100151828));
#1852=CARTESIAN_POINT('',(20.8943253036196,12.0238103732679,1.96303808669359));
#1853=CARTESIAN_POINT('',(20.8945234150699,12.023809854512,1.9624564185509));
#1854=CARTESIAN_POINT('',(20.8947043773307,12.0238096891747,1.96194819883528));
#1855=CARTESIAN_POINT('',(20.8948391002343,12.0238101757129,1.96158332663596));
#1856=CARTESIAN_POINT('',(20.8950222076894,12.0238101062281,1.96110230668497));
#1857=CARTESIAN_POINT('',(20.8952485731058,12.0238096270372,1.96053013438345));
#1858=CARTESIAN_POINT('',(20.8954155102713,12.0238098850369,1.96012372090889));
#1859=CARTESIAN_POINT('',(20.8955668992929,12.0238103284558,1.95976529849992));
#1860=CARTESIAN_POINT('',(20.8958124063761,12.0238098669098,1.95920094596901));
#1861=CARTESIAN_POINT('',(20.8960449444643,12.023809621858,1.9586858308305));
#1862=CARTESIAN_POINT('',(20.8962091556853,12.0238100492479,1.95833306630027));
#1863=CARTESIAN_POINT('',(20.896420012287,12.0238100824475,1.95789108542938));
#1864=CARTESIAN_POINT('',(20.896691712016,12.0238096599428,1.95733887256856));
#1865=CARTESIAN_POINT('',(20.8969020004497,12.0238097960484,1.95692470761722));
#1866=CARTESIAN_POINT('',(20.8971672646289,12.0238114950767,1.95641847029217));
#1867=CARTESIAN_POINT('',(20.8977334599727,12.0238105217455,1.95538291477976));
#1868=CARTESIAN_POINT('',(20.8981543242617,12.0238112728879,1.95465334044874));
#1869=CARTESIAN_POINT('',(20.8984190456569,12.0238102342993,1.95420818243137));
#1870=CARTESIAN_POINT('',(20.8989872172188,12.0238098790683,1.95328991325735));
#1871=CARTESIAN_POINT('',(20.8994097678358,12.0238108730279,1.95263648331429));
#1872=CARTESIAN_POINT('',(20.8998493210606,12.0238095800536,1.95197809084997));
#1873=CARTESIAN_POINT('',(20.8999841625631,12.023810698664,1.95178173166689));
#1874=CARTESIAN_POINT('',(20.900292383364,12.0238105384604,1.95133814552319));
#1875=CARTESIAN_POINT('',(20.9006933731639,12.0238097268651,1.95077518180106));
#1876=CARTESIAN_POINT('',(20.9012147260308,12.0238102344348,1.95006729550454));
#1877=CARTESIAN_POINT('',(20.9016862804381,12.0238110687684,1.94944788031021));
#1878=CARTESIAN_POINT('',(20.9022739800335,12.023810141001,1.94869976402379));
#1879=CARTESIAN_POINT('',(20.9025314724952,12.0238108107753,1.94838095717055));
#1880=CARTESIAN_POINT('',(20.9033181990637,12.0238099607936,1.94743384906398));
#1881=CARTESIAN_POINT('',(20.9039919440828,12.0238098734024,1.94665514302275));
#1882=CARTESIAN_POINT('',(20.904510335107,12.0238106040743,1.94607485133572));
#1883=CARTESIAN_POINT('',(20.9052418501277,12.0238103136776,1.94528030520693));
#1884=CARTESIAN_POINT('',(20.9060923725637,12.0238095988986,1.94439031090855));
#1885=CARTESIAN_POINT('',(20.9066747661907,12.0238101243275,1.94380087682949));
#1886=CARTESIAN_POINT('',(20.9072646204111,12.0238105937626,1.94321880849139));
#1887=CARTESIAN_POINT('',(20.9081539475898,12.0238099305471,1.94236703037111));
#1888=CARTESIAN_POINT('',(20.9089467540998,12.0238097271922,1.94163284585426));
#1889=CARTESIAN_POINT('',(20.9095249616849,12.0238102969895,1.94111153159094));
#1890=CARTESIAN_POINT('',(20.9102982766887,12.0238101976806,1.94043092464907));
#1891=CARTESIAN_POINT('',(20.9112345266765,12.023809641093,1.93963111379843));
#1892=CARTESIAN_POINT('',(20.9119105623433,12.0238099342321,1.93906947110608));
#1893=CARTESIAN_POINT('',(20.9125143144708,12.0238104235423,1.93857842829481));
#1894=CARTESIAN_POINT('',(20.9134785576196,12.0238099013568,1.93781302810595));
#1895=CARTESIAN_POINT('',(20.9143737866465,12.0238096317,1.93712268016108));
#1896=CARTESIAN_POINT('',(20.9149954193412,12.0238100928421,1.9366543745591));
#1897=CARTESIAN_POINT('',(20.915783532072,12.0238101192833,1.93607251507993));
#1898=CARTESIAN_POINT('',(20.9167828015514,12.0238096666647,1.93535302196296));
#1899=CARTESIAN_POINT('',(20.9175433050561,12.023809809492,1.93481872296433));
#1900=CARTESIAN_POINT('',(20.9181842232467,12.0238102092247,1.934376893734));
#1901=CARTESIAN_POINT('',(20.9191630316059,12.0238098747904,1.93371582706122));
#1902=CARTESIAN_POINT('',(20.9208032548496,12.0238099410828,1.93264385119598));
#1903=CARTESIAN_POINT('',(20.9226333625967,12.0238096796395,1.93149556167552));
#1904=CARTESIAN_POINT('',(20.9241379845454,12.0238100508983,1.93058659283961));
#1905=CARTESIAN_POINT('',(20.9261796737654,12.0238095238373,1.92939932753899));
#1906=CARTESIAN_POINT('',(20.9276253902448,12.0238100007047,1.92858895473359));
#1907=CARTESIAN_POINT('',(20.9296136577287,12.0238096557245,1.92751175582668));
#1908=CARTESIAN_POINT('',(20.9312604782514,12.0238098303575,1.92665004697764));
#1909=CARTESIAN_POINT('',(20.9330976269324,12.0238097624816,1.92571843777748));
#1910=CARTESIAN_POINT('',(20.9349466555206,12.0238096933338,1.9248106480084));
#1911=CARTESIAN_POINT('',(20.9366245901584,12.023809853716,1.92401131171961));
#1912=CARTESIAN_POINT('',(20.9386773716146,12.0238095759029,1.92306293849007));
#1913=CARTESIAN_POINT('',(20.9404604401036,12.0238106536289,1.92226432928741));
#1914=CARTESIAN_POINT('',(20.9448024737053,12.023809657242,1.92040490838778));
#1915=CARTESIAN_POINT('',(20.9480602594924,12.0238102368256,1.9190833904899));
#1916=CARTESIAN_POINT('',(20.9520909016109,12.0238098600442,1.91752629028321));
#1917=CARTESIAN_POINT('',(20.9557686244033,12.0238099220601,1.91617360536566));
#1918=CARTESIAN_POINT('',(20.9621623799957,12.0238095915408,1.91395629707777));
#1919=CARTESIAN_POINT('',(20.9660771736857,12.0238095238373,1.91267394787033));
#1920=CARTESIAN_POINT('',(20.9728953948252,12.0238096395382,1.91056226732749));
#1921=CARTESIAN_POINT('',(20.9808124286146,12.0238095238373,1.90827889605257));
#1922=CARTESIAN_POINT('',(20.9856149971655,12.023810009212,1.90696948622208));
#1923=CARTESIAN_POINT('',(20.9919069044482,12.0238097449954,1.90533009155915));
#1924=CARTESIAN_POINT('',(20.9995152954687,12.0238098188306,1.90345171509489));
#1925=CARTESIAN_POINT('',(21.0071464844579,12.0238098747564,1.901667998562));
#1926=CARTESIAN_POINT('',(21.0232518585146,12.0238096684588,1.89818103177515));
#1927=CARTESIAN_POINT('',(21.0394201230959,12.0238095238373,1.89499332479324));
#1928=CARTESIAN_POINT('',(21.0548397539077,12.0238096259092,1.89217927381088));
#1929=CARTESIAN_POINT('',(21.0702913142401,12.0238096910351,1.88954455435826));
#1930=CARTESIAN_POINT('',(21.1139222703811,12.0238095238373,1.88283371343971));
#1931=CARTESIAN_POINT('',(21.1760675343359,12.0238096379136,1.874507808034));
#1932=CARTESIAN_POINT('',(21.2582044929926,12.0238095238373,1.86486908316603));
#1933=CARTESIAN_POINT('',(21.3277325500058,12.0238095238373,1.85761848749965));
#1934=CARTESIAN_POINT('',(21.3895745044936,12.0238094993783,1.85186336767819));
#1935=CARTESIAN_POINT('',(21.4586650982767,12.0238095238373,1.84633186392608));
#1936=CARTESIAN_POINT('',(21.5212354736152,12.0238095001232,1.8422752496805));
#1937=CARTESIAN_POINT('',(21.5826721220467,12.0238095050314,1.83915170425138));
#1938=CARTESIAN_POINT('',(21.6485475550485,12.0238095238373,1.83664848915511));
#1939=CARTESIAN_POINT('',(21.7515547949453,12.0238095204994,1.83428335400318));
#1940=CARTESIAN_POINT('',(21.9640603902139,12.0238095229566,1.8343346078174));
#1941=CARTESIAN_POINT('',(22.095877991273,12.0238095238373,1.83710585720953));
#1942=CARTESIAN_POINT('',(22.218841577017,12.0238095238373,1.84124913272268));
#1943=CARTESIAN_POINT('',(22.3911720690537,12.0238095142127,1.84921055753206));
#1944=CARTESIAN_POINT('',(22.6367819804054,12.0238095073074,1.86417635033543));
#1945=CARTESIAN_POINT('',(22.882155877161,12.0238095003874,1.88261996177083));
#1946=CARTESIAN_POINT('',(23.2433563681725,12.0238093761872,1.91506639052015));
#1947=CARTESIAN_POINT('',(23.7231729283254,12.0238095238373,1.9672131147541));
#1948=EDGE_CURVE('Edge_94',#1839,#1841,#1842,.T.);
#1949=CARTESIAN_POINT('',(21.1780172667193,12.5595238095587,1.9672131147541));
#1950=VERTEX_POINT('',#1949);
#1951=CARTESIAN_POINT('',(23.8380172667193,12.5595238095587,1.9672131147541));
#1952=VERTEX_POINT('',#1951);
#1953=B_SPLINE_CURVE_WITH_KNOTS('Curve_95',1,(#1954, #1955, #1956, #1957, #1958, #1959, #1960, #1961, #1962, #1963, #1964, #1965, #1966, #1967, #1968, #1969, #1970, #1971, #1972, #1973, #1974, #1975, #1976, #1977, #1978, #1979, #1980, #1981, #1982, #1983, #1984, #1985, #1986, #1987, #1988, #1989, #1990, #1991, #1992, #1993, #1994, #1995, #1996, #1997, #1998, #1999, #2000, #2001, #2002, #2003, #2004, #2005, #2006, #2007, #2008, #2009, #2010, #2011, #2012, #2013, #2014, #2015, #2016, #2017, #2018, #2019, #2020, #2021, #2022, #2023, #2024, #2025, #2026, #2027, #2028, #2029, #2030, #2031, #2032, #2033, #2034, #2035, #2036, #2037, #2038, #2039, #2040, #2041, #2042, #2043, #2044, #2045, #2046, #2047, #2048, #2049, #2050, #2051, #2052, #2053, #2054, #2055, #2056, #2057, #2058),.POLYLINE_FORM.,.F.,.F.,(2,1,1,1,1,1,1,1,1,1,1,1,1,1,1,1,1,1,1,1,1,1,1,1,1,1,1,1,1,1,1,1,1,1,1,1,1,1,1,1,1,1,1,1,1,1,1,1,1,1,1,1,1,1,1,1,1,1,1,1,1,1,1,1,1,1,1,1,1,1,1,1,1,1,1,1,1,1,1,1,1,1,1,1,1,1,1,1,1,1,1,1,1,1,1,1,1,1,1,1,1,1,1,1,2),(0.,1.,2.,3.,4.,5.,6.,7.,8.,9.,10.,11.,12.,13.,14.,15.,16.,17.,18.,19.,20.,21.,22.,23.,24.,25.,26.,27.,28.,29.,30.,31.,32.,33.,34.,35.,36.,37.,38.,39.,40.,41.,42.,43.,44.,45.,46.,47.,48.,49.,50.,51.,52.,53.,54.,55.,56.,57.,58.,59.,60.,61.,62.,63.,64.,65.,66.,67.,68.,69.,70.,71.,72.,73.,74.,75.,76.,77.,78.,79.,80.,81.,82.,83.,84.,85.,86.,87.,88.,89.,90.,91.,92.,93.,94.,95.,96.,97.,98.,99.,100.,101.,102.,103.,104.),.UNIFORM_KNOTS.);
#1954=CARTESIAN_POINT('',(21.1780172667193,12.5595238095587,1.9672131147541));
#1955=CARTESIAN_POINT('',(21.178110640777,12.5595246861335,1.96677856475902));
#1956=CARTESIAN_POINT('',(21.1782116816008,12.5595251577802,1.96633321406778));
#1957=CARTESIAN_POINT('',(21.17832842369,12.5595242881903,1.96584424838686));
#1958=CARTESIAN_POINT('',(21.1784454199241,12.5595241736711,1.96538232763754));
#1959=CARTESIAN_POINT('',(21.1785596833326,12.5595249911508,1.96495492292943));
#1960=CARTESIAN_POINT('',(21.1786888539843,12.5595247260353,1.96449198988695));
#1961=CARTESIAN_POINT('',(21.1788295047295,12.5595239166184,1.9640108181788));
#1962=CARTESIAN_POINT('',(21.1789617281178,12.5595244903486,1.96358065151112));
#1963=CARTESIAN_POINT('',(21.1790979605984,12.559525118183,1.96315513618712));
#1964=CARTESIAN_POINT('',(21.1792559385364,12.5595243355629,1.96267922495698));
#1965=CARTESIAN_POINT('',(21.1794144350309,12.5595240308971,1.96222174417002));
#1966=CARTESIAN_POINT('',(21.1795647369165,12.5595247616402,1.96180540740588));
#1967=CARTESIAN_POINT('',(21.1797302133812,12.5595247192248,1.96136220242004));
#1968=CARTESIAN_POINT('',(21.1799113647326,12.5595239988459,1.96089390981155));
#1969=CARTESIAN_POINT('',(21.1800825818452,12.5595243167513,1.96046811535602));
#1970=CARTESIAN_POINT('',(21.1802525952185,12.5595249815638,1.96005923899082));
#1971=CARTESIAN_POINT('',(21.180448943204,12.5595243640231,1.95960057135627));
#1972=CARTESIAN_POINT('',(21.1806484972056,12.5595239153901,1.95915002912455));
#1973=CARTESIAN_POINT('',(21.1808329679111,12.5595245554929,1.95874740365259));
#1974=CARTESIAN_POINT('',(21.1810312058772,12.5595246906703,1.9583265320028));
#1975=CARTESIAN_POINT('',(21.1812502427965,12.5595240580004,1.95787452260108));
#1976=CARTESIAN_POINT('',(21.181459138036,12.5595241705423,1.95745678521797));
#1977=CARTESIAN_POINT('',(21.1818095025143,12.5595265441068,1.95678356453644));
#1978=CARTESIAN_POINT('',(21.1822789398867,12.5595253971688,1.95592151141384));
#1979=CARTESIAN_POINT('',(21.1827780753457,12.559523849249,1.95505321464913));
#1980=CARTESIAN_POINT('',(21.1830538526266,12.5595264857404,1.95459553993908));
#1981=CARTESIAN_POINT('',(21.1834140356452,12.5595241803392,1.95401107571996));
#1982=CARTESIAN_POINT('',(21.1838935550283,12.5595256231878,1.95326617892968));
#1983=CARTESIAN_POINT('',(21.1841940874352,12.5595238699629,1.95281280342869));
#1984=CARTESIAN_POINT('',(21.1844175483447,12.5595256506788,1.95248537390107));
#1985=CARTESIAN_POINT('',(21.1846994018781,12.559525136035,1.95207854170005));
#1986=CARTESIAN_POINT('',(21.1849942844594,12.5595242407262,1.95166207081226));
#1987=CARTESIAN_POINT('',(21.1855408439949,12.5595246948281,1.95091541746726));
#1988=CARTESIAN_POINT('',(21.1860776483164,12.5595259012204,1.95021014260541));
#1989=CARTESIAN_POINT('',(21.1866922929081,12.5595248745571,1.9494313860552));
#1990=CARTESIAN_POINT('',(21.1873222550214,12.5595239338776,1.94866405241432));
#1991=CARTESIAN_POINT('',(21.1878970832093,12.559525056464,1.94798988093595));
#1992=CARTESIAN_POINT('',(21.1885079876389,12.5595253801519,1.94729652795015));
#1993=CARTESIAN_POINT('',(21.18918484941,12.5595242822905,1.94655366462426));
#1994=CARTESIAN_POINT('',(21.1898307416076,12.5595243569324,1.94586907313617));
#1995=CARTESIAN_POINT('',(21.1904489563684,12.5595252993318,1.94523422876018));
#1996=CARTESIAN_POINT('',(21.1911399338288,12.5595247599917,1.94454518081126));
#1997=CARTESIAN_POINT('',(21.1918628886917,12.5595238370319,1.9438464713897));
#1998=CARTESIAN_POINT('',(21.1925123562122,12.559524658176,1.94323774865901));
#1999=CARTESIAN_POINT('',(21.1931833696285,12.5595251420488,1.94262542641736));
#2000=CARTESIAN_POINT('',(21.193935136669,12.5595242846394,1.94195767208098));
#2001=CARTESIAN_POINT('',(21.1946600098011,12.5595241271999,1.94133181275464));
#2002=CARTESIAN_POINT('',(21.1953381654834,12.5595248730235,1.94076141690979));
#2003=CARTESIAN_POINT('',(21.1960798026795,12.5595246603314,1.94015256852729));
#2004=CARTESIAN_POINT('',(21.19686466115,12.5595239265952,1.93952459194726));
#2005=CARTESIAN_POINT('',(21.1975791195902,12.5595243923028,1.93896742351314));
#2006=CARTESIAN_POINT('',(21.1982885290367,12.5595249755563,1.93842673929208));
#2007=CARTESIAN_POINT('',(21.1990946722355,12.5595242840774,1.93782612623644));
#2008=CARTESIAN_POINT('',(21.1998822924658,12.5595239804754,1.93725342893674));
#2009=CARTESIAN_POINT('',(21.2013791862122,12.5595245864065,1.93620088928636));
#2010=CARTESIAN_POINT('',(21.2029778539072,12.5595242090952,1.93512344355111));
#2011=CARTESIAN_POINT('',(21.2045574940262,12.5595242710106,1.9341019179136));
#2012=CARTESIAN_POINT('',(21.2061505043678,12.5595243881111,1.93311102094532));
#2013=CARTESIAN_POINT('',(21.207808483798,12.5595240203623,1.93211824822995));
#2014=CARTESIAN_POINT('',(21.2093888766263,12.5595245355404,1.93120620616332));
#2015=CARTESIAN_POINT('',(21.2111222427463,12.559523812604,1.93024076971318));
#2016=CARTESIAN_POINT('',(21.2127058841504,12.559524469515,1.92938895608681));
#2017=CARTESIAN_POINT('',(21.2144441280498,12.559523983172,1.92848352090426));
#2018=CARTESIAN_POINT('',(21.2160947191678,12.5595242529178,1.92765097227424));
#2019=CARTESIAN_POINT('',(21.2175675918765,12.5595244157521,1.92692900569429));
#2020=CARTESIAN_POINT('',(21.2189116283908,12.5595242050184,1.92628644977717));
#2021=CARTESIAN_POINT('',(21.2206577105465,12.5595239827751,1.9254737566496));
#2022=CARTESIAN_POINT('',(21.2229388086954,12.5595252019498,1.92444740978753));
#2023=CARTESIAN_POINT('',(21.2265716544861,12.5595238615622,1.92288548160595));
#2024=CARTESIAN_POINT('',(21.2299009893467,12.5595250888599,1.9215268064803));
#2025=CARTESIAN_POINT('',(21.2335668912307,12.5595240836267,1.92010223779615));
#2026=CARTESIAN_POINT('',(21.2370215709151,12.5595246047081,1.91882213616897));
#2027=CARTESIAN_POINT('',(21.242746649793,12.5595239886969,1.91681634247831));
#2028=CARTESIAN_POINT('',(21.2463611681678,12.5595238832555,1.91561703206332));
#2029=CARTESIAN_POINT('',(21.2499787154462,12.5595238302589,1.91446413717682));
#2030=CARTESIAN_POINT('',(21.2535707047336,12.5595239160701,1.91336244721012));
#2031=CARTESIAN_POINT('',(21.2571736763424,12.5595239926557,1.91229684438656));
#2032=CARTESIAN_POINT('',(21.2607863696868,12.5595240596881,1.91126467218566));
#2033=CARTESIAN_POINT('',(21.267469876158,12.5595244961664,1.90944093090031));
#2034=CARTESIAN_POINT('',(21.2748468797554,12.5595242719505,1.90754382274984));
#2035=CARTESIAN_POINT('',(21.2822492710875,12.5595240857289,1.90574749427661));
#2036=CARTESIAN_POINT('',(21.2882870220445,12.5595242041864,1.90435179144796));
#2037=CARTESIAN_POINT('',(21.3030748902017,12.5595241444427,1.90116091590839));
#2038=CARTESIAN_POINT('',(21.3180217448235,12.5595239093843,1.89820925414702));
#2039=CARTESIAN_POINT('',(21.332923399601,12.5595238727612,1.89548102601207));
#2040=CARTESIAN_POINT('',(21.3477386312,12.5595239863479,1.8929472409618));
#2041=CARTESIAN_POINT('',(21.388356565973,12.5595240589496,1.88667219438031));
#2042=CARTESIAN_POINT('',(21.4480655608776,12.5595238352797,1.87865577904868));
#2043=CARTESIAN_POINT('',(21.5269407722689,12.5595238160525,1.86945741968101));
#2044=CARTESIAN_POINT('',(21.5879772726018,12.5595237946344,1.86316837864264));
#2045=CARTESIAN_POINT('',(21.6469429297401,12.5595237870876,1.85776649621854));
#2046=CARTESIAN_POINT('',(21.7133192156791,12.5595237895063,1.85258617474467));
#2047=CARTESIAN_POINT('',(21.7736219756189,12.5595237821725,1.8488203939558));
#2048=CARTESIAN_POINT('',(21.8342374990713,12.5595237992548,1.84589942908907));
#2049=CARTESIAN_POINT('',(21.8945668753896,12.5595237915353,1.8437599939787));
#2050=CARTESIAN_POINT('',(21.9994594058801,12.5595238530443,1.84164119049028));
#2051=CARTESIAN_POINT('',(22.1960617677492,12.5595238068917,1.84219855676337));
#2052=CARTESIAN_POINT('',(22.3176164775997,12.5595238093964,1.84496831754584));
#2053=CARTESIAN_POINT('',(22.4380650383848,12.5595238099094,1.84922025453497));
#2054=CARTESIAN_POINT('',(22.6100919150563,12.5595237986465,1.85750291545197));
#2055=CARTESIAN_POINT('',(22.8412309718943,12.5595237901261,1.87202879397487));
#2056=CARTESIAN_POINT('',(23.0721483846322,12.5595237803698,1.88973908389878));
#2057=CARTESIAN_POINT('',(23.3950726839065,12.5595236139741,1.91902398471112));
#2058=CARTESIAN_POINT('',(23.8380172667193,12.5595238095587,1.9672131147541));
#2059=EDGE_CURVE('Edge_95',#1950,#1952,#1953,.T.);
#2060=CARTESIAN_POINT('',(21.4628616051132,13.0952380952802,1.9672131147541));
#2061=VERTEX_POINT('',#2060);
#2062=CARTESIAN_POINT('',(23.9528616051132,13.0952380952802,1.9672131147541));
#2063=VERTEX_POINT('',#2062);
#2064=B_SPLINE_CURVE_WITH_KNOTS('Curve_96',1,(#2065, #2066, #2067, #2068, #2069, #2070, #2071, #2072, #2073, #2074, #2075, #2076, #2077, #2078, #2079, #2080, #2081, #2082, #2083, #2084, #2085, #2086, #2087, #2088, #2089, #2090, #2091, #2092, #2093, #2094, #2095, #2096, #2097, #2098, #2099, #2100, #2101, #2102, #2103, #2104, #2105, #2106, #2107, #2108, #2109, #2110, #2111, #2112, #2113, #2114, #2115, #2116, #2117, #2118, #2119, #2120, #2121, #2122, #2123, #2124, #2125, #2126, #2127, #2128, #2129, #2130, #2131, #2132, #2133, #2134, #2135, #2136, #2137, #2138, #2139, #2140, #2141, #2142, #2143, #2144, #2145, #2146, #2147, #2148, #2149, #2150, #2151, #2152, #2153, #2154, #2155, #2156, #2157, #2158, #2159, #2160, #2161, #2162, #2163, #2164, #2165, #2166, #2167, #2168, #2169, #2170, #2171, #2172, #2173, #2174, #2175, #2176, #2177),.POLYLINE_FORM.,.F.,.F.,(2,1,1,1,1,1,1,1,1,1,1,1,1,1,1,1,1,1,1,1,1,1,1,1,1,1,1,1,1,1,1,1,1,1,1,1,1,1,1,1,1,1,1,1,1,1,1,1,1,1,1,1,1,1,1,1,1,1,1,1,1,1,1,1,1,1,1,1,1,1,1,1,1,1,1,1,1,1,1,1,1,1,1,1,1,1,1,1,1,1,1,1,1,1,1,1,1,1,1,1,1,1,1,1,1,1,1,1,1,1,1,1,2),(0.,1.,2.,3.,4.,5.,6.,7.,8.,9.,10.,11.,12.,13.,14.,15.,16.,17.,18.,19.,20.,21.,22.,23.,24.,25.,26.,27.,28.,29.,30.,31.,32.,33.,34.,35.,36.,37.,38.,39.,40.,41.,42.,43.,44.,45.,46.,47.,48.,49.,50.,51.,52.,53.,54.,55.,56.,57.,58.,59.,60.,61.,62.,63.,64.,65.,66.,67.,68.,69.,70.,71.,72.,73.,74.,75.,76.,77.,78.,79.,80.,81.,82.,83.,84.,85.,86.,87.,88.,89.,90.,91.,92.,93.,94.,95.,96.,97.,98.,99.,100.,101.,102.,103.,104.,105.,106.,107.,108.,109.,110.,111.,112.),.UNIFORM_KNOTS.);
#2065=CARTESIAN_POINT('',(21.4628616051132,13.0952380952802,1.9672131147541));
#2066=CARTESIAN_POINT('',(21.4629576860682,13.0952389852522,1.96673775923462));
#2067=CARTESIAN_POINT('',(21.4630561239418,13.095239463483,1.96628197233778));
#2068=CARTESIAN_POINT('',(21.4631449296653,13.0952385808124,1.96589126590875));
#2069=CARTESIAN_POINT('',(21.4632471454993,13.0952384646421,1.96546717961821));
#2070=CARTESIAN_POINT('',(21.4633669767959,13.0952392934915,1.96499923708128));
#2071=CARTESIAN_POINT('',(21.463478321933,13.095239024361,1.96458485215768));
#2072=CARTESIAN_POINT('',(21.463586333379,13.0952382037819,1.96419990288399));
#2073=CARTESIAN_POINT('',(21.4637200387247,13.0952387852398,1.96374781787213));
#2074=CARTESIAN_POINT('',(21.4638611792595,13.0952394211802,1.96329305244033));
#2075=CARTESIAN_POINT('',(21.4639837755285,13.0952386280881,1.96291230108289));
#2076=CARTESIAN_POINT('',(21.4641188501562,13.0952383194815,1.96250955949508));
#2077=CARTESIAN_POINT('',(21.4642788741722,13.0952390568799,1.9620533750075));
#2078=CARTESIAN_POINT('',(21.4644298661679,13.0952390132139,1.96163906999738));
#2079=CARTESIAN_POINT('',(21.4645710711477,13.095238286111,1.96126428526962));
#2080=CARTESIAN_POINT('',(21.4647392709936,13.0952386066089,1.96083501017269));
#2081=CARTESIAN_POINT('',(21.464921678503,13.0952392757196,1.96038705527823));
#2082=CARTESIAN_POINT('',(21.4650785023539,13.0952386531896,1.9600133650037));
#2083=CARTESIAN_POINT('',(21.4652429981143,13.0952382017691,1.95963346114306));
#2084=CARTESIAN_POINT('',(21.4654410675561,13.095238845097,1.95919210567871));
#2085=CARTESIAN_POINT('',(21.465631265324,13.0952389800678,1.95878151736541));
#2086=CARTESIAN_POINT('',(21.4658034600819,13.0952383444954,1.95841969857198));
#2087=CARTESIAN_POINT('',(21.4660016832977,13.0952384573878,1.95801583069121));
#2088=CARTESIAN_POINT('',(21.4661699455719,13.0952392518708,1.95768290306356));
#2089=CARTESIAN_POINT('',(21.4664086602569,13.0952407580607,1.95722434380657));
#2090=CARTESIAN_POINT('',(21.4665655878762,13.095238610939,1.95692774446842));
#2091=CARTESIAN_POINT('',(21.4668047113425,13.0952396384328,1.9564913714533));
#2092=CARTESIAN_POINT('',(21.4670353512921,13.0952401647581,1.95608202139472));
#2093=CARTESIAN_POINT('',(21.4672020653944,13.095238133859,1.9557907671158));
#2094=CARTESIAN_POINT('',(21.4674799206242,13.0952399801745,1.95532205403292));
#2095=CARTESIAN_POINT('',(21.4676991104879,13.0952396282233,1.95496051059934));
#2096=CARTESIAN_POINT('',(21.4679035295136,13.0952388319912,1.95463026492667));
#2097=CARTESIAN_POINT('',(21.4683267120026,13.0952398521654,1.95396966573968));
#2098=CARTESIAN_POINT('',(21.4688222281387,13.0952398760435,1.95322761814098));
#2099=CARTESIAN_POINT('',(21.4692800211922,13.0952385117189,1.95256894570336));
#2100=CARTESIAN_POINT('',(21.4696012577379,13.0952401442472,1.95212326635971));
#2101=CARTESIAN_POINT('',(21.4698166696252,13.0952389503086,1.95182901461941));
#2102=CARTESIAN_POINT('',(21.4700787100785,13.0952388329659,1.95147850069133));
#2103=CARTESIAN_POINT('',(21.4704014718281,13.0952401128823,1.95105700599251));
#2104=CARTESIAN_POINT('',(21.4709087979778,13.0952391213938,1.95041175761075));
#2105=CARTESIAN_POINT('',(21.4714262981628,13.09523821506,1.94977624263349));
#2106=CARTESIAN_POINT('',(21.4720517579496,13.0952392948893,1.9490372965838));
#2107=CARTESIAN_POINT('',(21.4722934983581,13.0952384677743,1.94875847573728));
#2108=CARTESIAN_POINT('',(21.4728279826755,13.0952394586476,1.9481576508687));
#2109=CARTESIAN_POINT('',(21.4734222517779,13.0952393193834,1.94750997030598));
#2110=CARTESIAN_POINT('',(21.4739733842503,13.0952383260549,1.94692720812353));
#2111=CARTESIAN_POINT('',(21.4746213277412,13.0952387973556,1.94626390479521));
#2112=CARTESIAN_POINT('',(21.4753094968644,13.095239649782,1.94558245234552));
#2113=CARTESIAN_POINT('',(21.4758913885862,13.0952387831306,1.94502243375255));
#2114=CARTESIAN_POINT('',(21.4764994876739,13.0952382510753,1.94445290303068));
#2115=CARTESIAN_POINT('',(21.4772162114218,13.0952390464009,1.94380129436252));
#2116=CARTESIAN_POINT('',(21.4778920957918,13.0952391528517,1.94320400302755));
#2117=CARTESIAN_POINT('',(21.4784997887991,13.0952383761712,1.94268012357334));
#2118=CARTESIAN_POINT('',(21.4791924502825,13.0952385472594,1.94209819380981));
#2119=CARTESIAN_POINT('',(21.4799420816743,13.0952392339653,1.94148528469641));
#2120=CARTESIAN_POINT('',(21.4805908218451,13.0952387392848,1.94096760158478));
#2121=CARTESIAN_POINT('',(21.4812296665467,13.095238128306,1.94046910931855));
#2122=CARTESIAN_POINT('',(21.4820002355467,13.0952387780476,1.93988258270952));
#2123=CARTESIAN_POINT('',(21.482742403081,13.0952390466529,1.93933139285732));
#2124=CARTESIAN_POINT('',(21.4833914016544,13.0952384081936,1.93885962102433));
#2125=CARTESIAN_POINT('',(21.4841103424471,13.0952383850926,1.93834819456462));
#2126=CARTESIAN_POINT('',(21.4849056380929,13.0952389547954,1.9377953568596));
#2127=CARTESIAN_POINT('',(21.4856106297978,13.0952387033245,1.93731557678712));
#2128=CARTESIAN_POINT('',(21.4870762854393,13.0952385853652,1.9363478588542));
#2129=CARTESIAN_POINT('',(21.4885528928722,13.095238425129,1.93541012480934));
#2130=CARTESIAN_POINT('',(21.490112708094,13.0952387516205,1.93445711480161));
#2131=CARTESIAN_POINT('',(21.4915579608439,13.0952381976518,1.93360554486954));
#2132=CARTESIAN_POINT('',(21.4932098458162,13.0952388872065,1.93266711468223));
#2133=CARTESIAN_POINT('',(21.4946478502352,13.0952381857836,1.93187751696309));
#2134=CARTESIAN_POINT('',(21.4962958805978,13.0952386481502,1.9310019336878));
#2135=CARTESIAN_POINT('',(21.4978171786492,13.0952383498989,1.93021891173411));
#2136=CARTESIAN_POINT('',(21.49942263885,13.0952384460469,1.9294175781914));
#2137=CARTESIAN_POINT('',(21.5010272549439,13.0952384917905,1.92864067984597));
#2138=CARTESIAN_POINT('',(21.5025860811277,13.0952382695564,1.92790750819425));
#2139=CARTESIAN_POINT('',(21.5050361758012,13.0952394578908,1.92679525959523));
#2140=CARTESIAN_POINT('',(21.5080643833875,13.0952381464611,1.92548039621117));
#2141=CARTESIAN_POINT('',(21.5115787570379,13.0952393581954,1.92403127574736));
#2142=CARTESIAN_POINT('',(21.5146798390452,13.0952383667058,1.92281354394139));
#2143=CARTESIAN_POINT('',(21.5181246252259,13.095238888205,1.92152166898129));
#2144=CARTESIAN_POINT('',(21.5232630044537,13.0952382804544,1.91969810065814));
#2145=CARTESIAN_POINT('',(21.5265846194963,13.0952381716492,1.91857908014398));
#2146=CARTESIAN_POINT('',(21.5299346528186,13.0952381167692,1.91749397709321));
#2147=CARTESIAN_POINT('',(21.5333495460308,13.0952382061961,1.91642905914476));
#2148=CARTESIAN_POINT('',(21.536775218695,13.095238286613,1.9153990176852));
#2149=CARTESIAN_POINT('',(21.5402104678394,13.0952383575277,1.91440133759075));
#2150=CARTESIAN_POINT('',(21.5452799230225,13.0952381128025,1.91298714691939));
#2151=CARTESIAN_POINT('',(21.5521964296828,13.09523827437,1.91115877172246));
#2152=CARTESIAN_POINT('',(21.5591381785987,13.0952384024794,1.90942771094622));
#2153=CARTESIAN_POINT('',(21.5659222141175,13.0952386166987,1.90782341207929));
#2154=CARTESIAN_POINT('',(21.5775336866628,13.0952384558735,1.90525098225122));
#2155=CARTESIAN_POINT('',(21.5912729817011,13.0952382042945,1.90244557195668));
#2156=CARTESIAN_POINT('',(21.60517048554,13.0952381639075,1.89981799177873));
#2157=CARTESIAN_POINT('',(21.6192643251722,13.0952382881355,1.89733415657711));
#2158=CARTESIAN_POINT('',(21.6332827623128,13.0952382918835,1.89501040806432));
#2159=CARTESIAN_POINT('',(21.6573907981862,13.0952382317894,1.89129290965817));
#2160=CARTESIAN_POINT('',(21.6853298635071,13.0952381348005,1.88733225090156));
#2161=CARTESIAN_POINT('',(21.7137125330351,13.0952382102649,1.88360061430504));
#2162=CARTESIAN_POINT('',(21.7846361922655,13.0952381036409,1.87525264563689));
#2163=CARTESIAN_POINT('',(21.8452691667285,13.0952380789551,1.86900702873064));
#2164=CARTESIAN_POINT('',(21.9017371403236,13.0952380707656,1.86389440860408));
#2165=CARTESIAN_POINT('',(21.9665841589977,13.0952380567894,1.85895055700693));
#2166=CARTESIAN_POINT('',(22.0207222679587,13.0952380632433,1.85566824921258));
#2167=CARTESIAN_POINT('',(22.0748997136473,13.0952380689532,1.85311606574478));
#2168=CARTESIAN_POINT('',(22.1291043974704,13.095238073915,1.85121968504782));
#2169=CARTESIAN_POINT('',(22.2243971779701,13.0952380902433,1.84929111228978));
#2170=CARTESIAN_POINT('',(22.4171361965441,13.0952380909732,1.84990755732796));
#2171=CARTESIAN_POINT('',(22.5297636323849,13.0952380950193,1.85255873656676));
#2172=CARTESIAN_POINT('',(22.6419582741643,13.0952380950614,1.85658008903066));
#2173=CARTESIAN_POINT('',(22.7870209220183,13.095238088141,1.86352677731528));
#2174=CARTESIAN_POINT('',(23.0114589885857,13.0952380938348,1.87750344722779));
#2175=CARTESIAN_POINT('',(23.2395149087838,13.0952380709023,1.89500432854271));
#2176=CARTESIAN_POINT('',(23.5609599976254,13.0952380895843,1.9243891311242));
#2177=CARTESIAN_POINT('',(23.9528616051132,13.0952380952802,1.9672131147541));
#2178=EDGE_CURVE('Edge_96',#2061,#2063,#2064,.T.);
#2179=CARTESIAN_POINT('',(24.067705943507,13.6309523810016,1.9672131147541));
#2180=VERTEX_POINT('',#2179);
#2181=CARTESIAN_POINT('',(21.747705943507,13.6309523810016,1.9672131147541));
#2182=VERTEX_POINT('',#2181);
#2183=B_SPLINE_CURVE_WITH_KNOTS('Curve_97',1,(#2184, #2185, #2186, #2187, #2188, #2189, #2190, #2191, #2192, #2193, #2194, #2195, #2196, #2197, #2198, #2199, #2200, #2201, #2202, #2203, #2204, #2205, #2206, #2207, #2208, #2209, #2210, #2211, #2212, #2213, #2214, #2215, #2216, #2217, #2218, #2219, #2220, #2221, #2222, #2223, #2224, #2225, #2226, #2227, #2228, #2229, #2230, #2231, #2232, #2233, #2234, #2235, #2236, #2237, #2238, #2239, #2240, #2241, #2242, #2243, #2244, #2245, #2246, #2247, #2248, #2249, #2250, #2251, #2252, #2253, #2254, #2255, #2256, #2257, #2258, #2259, #2260, #2261, #2262, #2263, #2264, #2265, #2266, #2267, #2268, #2269, #2270, #2271, #2272, #2273, #2274, #2275, #2276, #2277, #2278, #2279, #2280, #2281, #2282, #2283, #2284, #2285, #2286, #2287, #2288, #2289, #2290, #2291, #2292, #2293, #2294),.POLYLINE_FORM.,.F.,.F.,(2,1,1,1,1,1,1,1,1,1,1,1,1,1,1,1,1,1,1,1,1,1,1,1,1,1,1,1,1,1,1,1,1,1,1,1,1,1,1,1,1,1,1,1,1,1,1,1,1,1,1,1,1,1,1,1,1,1,1,1,1,1,1,1,1,1,1,1,1,1,1,1,1,1,1,1,1,1,1,1,1,1,1,1,1,1,1,1,1,1,1,1,1,1,1,1,1,1,1,1,1,1,1,1,1,1,1,1,1,1,2),(0.,1.,2.,3.,4.,5.,6.,7.,8.,9.,10.,11.,12.,13.,14.,15.,16.,17.,18.,19.,20.,21.,22.,23.,24.,25.,26.,27.,28.,29.,30.,31.,32.,33.,34.,35.,36.,37.,38.,39.,40.,41.,42.,43.,44.,45.,46.,47.,48.,49.,50.,51.,52.,53.,54.,55.,56.,57.,58.,59.,60.,61.,62.,63.,64.,65.,66.,67.,68.,69.,70.,71.,72.,73.,74.,75.,76.,77.,78.,79.,80.,81.,82.,83.,84.,85.,86.,87.,88.,89.,90.,91.,92.,93.,94.,95.,96.,97.,98.,99.,100.,101.,102.,103.,104.,105.,106.,107.,108.,109.,110.),.UNIFORM_KNOTS.);
#2184=CARTESIAN_POINT('',(24.067705943507,13.6309523810016,1.9672131147541));
#2185=CARTESIAN_POINT('',(23.6965698679927,13.6309522793474,1.92675822873114));
#2186=CARTESIAN_POINT('',(23.3893245447596,13.6309523694612,1.89881334535689));
#2187=CARTESIAN_POINT('',(23.1882959602296,13.6309523753852,1.88343997379817));
#2188=CARTESIAN_POINT('',(22.9750346812145,13.6309523802577,1.87015251628426));
#2189=CARTESIAN_POINT('',(22.8326794282577,13.6309523815571,1.86339621358119));
#2190=CARTESIAN_POINT('',(22.7266280222065,13.6309523804627,1.85969330199808));
#2191=CARTESIAN_POINT('',(22.63115466478,13.6309523779572,1.8574976809229));
#2192=CARTESIAN_POINT('',(22.4652858213415,13.6309523840113,1.85676697032254));
#2193=CARTESIAN_POINT('',(22.3703051049097,13.630952371108,1.85848420746382));
#2194=CARTESIAN_POINT('',(22.3179991360243,13.6309523627553,1.86023170593454));
#2195=CARTESIAN_POINT('',(22.2649987282248,13.6309523690461,1.86266593617801));
#2196=CARTESIAN_POINT('',(22.2146861867521,13.6309523690377,1.8656677001532));
#2197=CARTESIAN_POINT('',(22.1553841677636,13.6309523770395,1.87011811498721));
#2198=CARTESIAN_POINT('',(22.1047574405124,13.6309523571588,1.87463384158911));
#2199=CARTESIAN_POINT('',(22.0496801772528,13.6309523905164,1.88024600051663));
#2200=CARTESIAN_POINT('',(21.981453625907,13.6309524770069,1.8882811922063));
#2201=CARTESIAN_POINT('',(21.954620757748,13.6309524241677,1.8918492952503));
#2202=CARTESIAN_POINT('',(21.9315251332537,13.6309525724443,1.89515926629042));
#2203=CARTESIAN_POINT('',(21.9071141065352,13.630952407388,1.89896839779967));
#2204=CARTESIAN_POINT('',(21.8943033870125,13.6309524538624,1.90112629108284));
#2205=CARTESIAN_POINT('',(21.8817376023749,13.6309525919409,1.90337302020363));
#2206=CARTESIAN_POINT('',(21.8693428068836,13.6309524767328,1.90574216722369));
#2207=CARTESIAN_POINT('',(21.8571141767814,13.6309526939685,1.90825421920351));
#2208=CARTESIAN_POINT('',(21.843955863877,13.6309525726,1.91119941447112));
#2209=CARTESIAN_POINT('',(21.8373797060435,13.6309524798882,1.91278383978243));
#2210=CARTESIAN_POINT('',(21.8308676803145,13.6309523951327,1.9144393634478));
#2211=CARTESIAN_POINT('',(21.8247059179008,13.6309525293174,1.91609693035676));
#2212=CARTESIAN_POINT('',(21.8191657533325,13.6309525140832,1.9176725993922));
#2213=CARTESIAN_POINT('',(21.8161072813019,13.6309525875092,1.91858093462554));
#2214=CARTESIAN_POINT('',(21.8129926866463,13.630952618077,1.91953721766242));
#2215=CARTESIAN_POINT('',(21.8097699515821,13.6309525567006,1.92056277715439));
#2216=CARTESIAN_POINT('',(21.8065590529847,13.6309524893005,1.92162444806816));
#2217=CARTESIAN_POINT('',(21.803361445861,13.6309524143724,1.92272506720323));
#2218=CARTESIAN_POINT('',(21.7982716812426,13.630952504585,1.92457476781647));
#2219=CARTESIAN_POINT('',(21.7955767893505,13.6309530010477,1.92560808153272));
#2220=CARTESIAN_POINT('',(21.7923892373531,13.6309528526708,1.92688513613747));
#2221=CARTESIAN_POINT('',(21.7904465735033,13.6309529145473,1.92769551330215));
#2222=CARTESIAN_POINT('',(21.787273439149,13.6309527123681,1.92907647861214));
#2223=CARTESIAN_POINT('',(21.7849628676369,13.6309527294553,1.93013076393784));
#2224=CARTESIAN_POINT('',(21.7832256470437,13.6309524018116,1.93095333452326));
#2225=CARTESIAN_POINT('',(21.7820296478513,13.6309527959238,1.93153609049685));
#2226=CARTESIAN_POINT('',(21.7803366926642,13.6309524825417,1.93238500040984));
#2227=CARTESIAN_POINT('',(21.7790149557435,13.6309526958058,1.93306883964828));
#2228=CARTESIAN_POINT('',(21.7775127737153,13.6309526215054,1.93386970415343));
#2229=CARTESIAN_POINT('',(21.7760414227645,13.6309525829785,1.93468038144488));
#2230=CARTESIAN_POINT('',(21.7747284334907,13.6309527878414,1.93542788698091));
#2231=CARTESIAN_POINT('',(21.77311665983,13.6309524483384,1.93637894337657));
#2232=CARTESIAN_POINT('',(21.7719815968703,13.6309529637132,1.93707295617066));
#2233=CARTESIAN_POINT('',(21.7703395802192,13.6309524715766,1.93811468394313));
#2234=CARTESIAN_POINT('',(21.7691399622378,13.6309528500398,1.93890680114387));
#2235=CARTESIAN_POINT('',(21.7682915770808,13.630952483938,1.93948378175378));
#2236=CARTESIAN_POINT('',(21.7676944676764,13.6309526607774,1.93989908621492));
#2237=CARTESIAN_POINT('',(21.7671905221945,13.6309530675212,1.94025581638737));
#2238=CARTESIAN_POINT('',(21.7663703885968,13.630952710032,1.94084858801993));
#2239=CARTESIAN_POINT('',(21.7656121566171,13.6309524632592,1.9414113367798));
#2240=CARTESIAN_POINT('',(21.7651203903558,13.6309528931696,1.9417845381638));
#2241=CARTESIAN_POINT('',(21.764491827696,13.6309529708669,1.94227099818308));
#2242=CARTESIAN_POINT('',(21.763688592349,13.6309525333986,1.94290902481547));
#2243=CARTESIAN_POINT('',(21.7631055352996,13.6309526889706,1.94338473415817));
#2244=CARTESIAN_POINT('',(21.7626313283268,13.6309531794692,1.94377990725782));
#2245=CARTESIAN_POINT('',(21.761881082034,13.6309528108344,1.94442029558913));
#2246=CARTESIAN_POINT('',(21.7611533077174,13.6309524497748,1.94506104491916));
#2247=CARTESIAN_POINT('',(21.7606953173809,13.630952976189,1.94547520826183));
#2248=CARTESIAN_POINT('',(21.7601303580144,13.6309531460277,1.94599790894986));
#2249=CARTESIAN_POINT('',(21.7593878647662,13.6309526078132,1.94670614597405));
#2250=CARTESIAN_POINT('',(21.7588337377774,13.6309527311668,1.94725228231528));
#2251=CARTESIAN_POINT('',(21.7583998110101,13.6309533556673,1.94769135933207));
#2252=CARTESIAN_POINT('',(21.757734251066,13.6309529705097,1.94838452221951));
#2253=CARTESIAN_POINT('',(21.7570591660688,13.630952429394,1.94911495920209));
#2254=CARTESIAN_POINT('',(21.7566480330242,13.6309531029417,1.94957515226115));
#2255=CARTESIAN_POINT('',(21.7561601823026,13.6309534082754,1.95013665230501));
#2256=CARTESIAN_POINT('',(21.7555019170268,13.6309527204816,1.95092302738302));
#2257=CARTESIAN_POINT('',(21.7549990105743,13.6309527873489,1.9515492837345));
#2258=CARTESIAN_POINT('',(21.754620487557,13.6309535954157,1.95203694307223));
#2259=CARTESIAN_POINT('',(21.7542172881618,13.630952600572,1.95257126223524));
#2260=CARTESIAN_POINT('',(21.7540595015455,13.6309531992242,1.95278589972765));
#2261=CARTESIAN_POINT('',(21.7538535239021,13.6309534424023,1.95307002821798));
#2262=CARTESIAN_POINT('',(21.7534668000119,13.6309523924453,1.9536163065284));
#2263=CARTESIAN_POINT('',(21.7531188071253,13.6309532697181,1.95412601366957));
#2264=CARTESIAN_POINT('',(21.7527988190663,13.6309527471169,1.95460891629498));
#2265=CARTESIAN_POINT('',(21.7525596558215,13.6309535383031,1.95498113800129));
#2266=CARTESIAN_POINT('',(21.7521302838849,13.6309536397109,1.95567260738747));
#2267=CARTESIAN_POINT('',(21.7518881083668,13.6309533453353,1.95607734909102));
#2268=CARTESIAN_POINT('',(21.7516104342528,13.6309526748131,1.95655584091748));
#2269=CARTESIAN_POINT('',(21.7515359813657,13.6309539897987,1.95668840168359));
#2270=CARTESIAN_POINT('',(21.7512547024795,13.6309531262795,1.95719549175313));
#2271=CARTESIAN_POINT('',(21.7509655105148,13.630954271103,1.95773987745204));
#2272=CARTESIAN_POINT('',(21.7505345164065,13.6309527190605,1.95859311935475));
#2273=CARTESIAN_POINT('',(21.7503296124889,13.6309524583541,1.95902086281154));
#2274=CARTESIAN_POINT('',(21.7501998501698,13.6309528882053,1.95930045651419));
#2275=CARTESIAN_POINT('',(21.750037398429,13.6309529728403,1.95965948165471));
#2276=CARTESIAN_POINT('',(21.7498321668782,13.6309525371807,1.96012883267491));
#2277=CARTESIAN_POINT('',(21.7496852640185,13.6309526777418,1.96047771463609));
#2278=CARTESIAN_POINT('',(21.7495687322148,13.6309531524644,1.960762989822));
#2279=CARTESIAN_POINT('',(21.7493884690492,13.630952801072,1.96121821922925));
#2280=CARTESIAN_POINT('',(21.7492159051417,13.6309524405391,1.96167334650189));
#2281=CARTESIAN_POINT('',(21.7491105037606,13.63095293573,1.96196279280799));
#2282=CARTESIAN_POINT('',(21.7489836453158,13.6309530952561,1.9623221923833));
#2283=CARTESIAN_POINT('',(21.7488195639529,13.6309525923973,1.96280702681645));
#2284=CARTESIAN_POINT('',(21.7486996658882,13.6309526891377,1.96317892751184));
#2285=CARTESIAN_POINT('',(21.7486086171945,13.6309532321181,1.96347282447197));
#2286=CARTESIAN_POINT('',(21.7484726422106,13.630952895324,1.96392910109225));
#2287=CARTESIAN_POINT('',(21.7483374301852,13.6309524150376,1.9644088624433));
#2288=CARTESIAN_POINT('',(21.7482581535812,13.6309529778119,1.96470595899029));
#2289=CARTESIAN_POINT('',(21.748166837921,13.6309532257318,1.96506234697017));
#2290=CARTESIAN_POINT('',(21.7480462907096,13.6309526566596,1.96555923210156));
#2291=CARTESIAN_POINT('',(21.7479570650365,13.6309526931437,1.96595261063866));
#2292=CARTESIAN_POINT('',(21.7478926002255,13.6309533000295,1.96625374841459));
#2293=CARTESIAN_POINT('',(21.7478002871543,13.6309529935397,1.96670891504949));
#2294=CARTESIAN_POINT('',(21.747705943507,13.6309523810016,1.9672131147541));
#2295=EDGE_CURVE('Edge_97',#2180,#2182,#2183,.T.);
#2296=CARTESIAN_POINT('',(22.0325502819009,14.166666666723,1.9672131147541));
#2297=VERTEX_POINT('',#2296);
#2298=CARTESIAN_POINT('',(24.1825502819009,14.166666666723,1.9672131147541));
#2299=VERTEX_POINT('',#2298);
#2300=B_SPLINE_CURVE_WITH_KNOTS('Curve_98',1,(#2301, #2302, #2303, #2304, #2305, #2306, #2307, #2308, #2309, #2310, #2311, #2312, #2313, #2314, #2315, #2316, #2317, #2318, #2319, #2320, #2321, #2322, #2323, #2324, #2325, #2326, #2327, #2328, #2329, #2330, #2331, #2332, #2333, #2334, #2335, #2336, #2337, #2338, #2339, #2340, #2341, #2342, #2343, #2344, #2345, #2346, #2347, #2348, #2349, #2350, #2351, #2352, #2353, #2354, #2355, #2356, #2357, #2358, #2359, #2360, #2361, #2362, #2363, #2364, #2365, #2366, #2367, #2368, #2369, #2370, #2371, #2372, #2373, #2374, #2375, #2376, #2377, #2378, #2379, #2380, #2381, #2382, #2383, #2384, #2385, #2386, #2387, #2388, #2389, #2390, #2391, #2392, #2393, #2394, #2395, #2396, #2397, #2398, #2399, #2400, #2401, #2402, #2403, #2404, #2405, #2406, #2407, #2408, #2409, #2410, #2411),.POLYLINE_FORM.,.F.,.F.,(2,1,1,1,1,1,1,1,1,1,1,1,1,1,1,1,1,1,1,1,1,1,1,1,1,1,1,1,1,1,1,1,1,1,1,1,1,1,1,1,1,1,1,1,1,1,1,1,1,1,1,1,1,1,1,1,1,1,1,1,1,1,1,1,1,1,1,1,1,1,1,1,1,1,1,1,1,1,1,1,1,1,1,1,1,1,1,1,1,1,1,1,1,1,1,1,1,1,1,1,1,1,1,1,1,1,1,1,1,1,2),(0.,1.,2.,3.,4.,5.,6.,7.,8.,9.,10.,11.,12.,13.,14.,15.,16.,17.,18.,19.,20.,21.,22.,23.,24.,25.,26.,27.,28.,29.,30.,31.,32.,33.,34.,35.,36.,37.,38.,39.,40.,41.,42.,43.,44.,45.,46.,47.,48.,49.,50.,51.,52.,53.,54.,55.,56.,57.,58.,59.,60.,61.,62.,63.,64.,65.,66.,67.,68.,69.,70.,71.,72.,73.,74.,75.,76.,77.,78.,79.,80.,81.,82.,83.,84.,85.,86.,87.,88.,89.,90.,91.,92.,93.,94.,95.,96.,97.,98.,99.,100.,101.,102.,103.,104.,105.,106.,107.,108.,109.,110.),.UNIFORM_KNOTS.);
#2301=CARTESIAN_POINT('',(22.0325502819009,14.166666666723,1.9672131147541));
#2302=CARTESIAN_POINT('',(22.0326136931859,14.166666666723,1.96683296237711));
#2303=CARTESIAN_POINT('',(22.0326821390651,14.166666666723,1.96645400953142));
#2304=CARTESIAN_POINT('',(22.032755601163,14.166666666723,1.96607626354383));
#2305=CARTESIAN_POINT('',(22.0328340611037,14.166666666723,1.96569973174111));
#2306=CARTESIAN_POINT('',(22.0329175005115,14.166666666723,1.96532442145006));
#2307=CARTESIAN_POINT('',(22.0330059010107,14.166666666723,1.96495033999747));
#2308=CARTESIAN_POINT('',(22.0330992442256,14.166666666723,1.96457749471014));
#2309=CARTESIAN_POINT('',(22.0331975117803,14.166666666723,1.96420589291483));
#2310=CARTESIAN_POINT('',(22.0333006852992,14.166666666723,1.96383554193836));
#2311=CARTESIAN_POINT('',(22.0334087464065,14.166666666723,1.96346644910751));
#2312=CARTESIAN_POINT('',(22.0335216767264,14.166666666723,1.96309862174906));
#2313=CARTESIAN_POINT('',(22.0336394560096,14.166666666723,1.96273216753544));
#2314=CARTESIAN_POINT('',(22.0337620382435,14.166666666723,1.96236722701737));
#2315=CARTESIAN_POINT('',(22.0338893661138,14.166666666723,1.96200385075155));
#2316=CARTESIAN_POINT('',(22.0340213823051,14.166666666723,1.96164208928363));
#2317=CARTESIAN_POINT('',(22.0341580295024,14.166666666723,1.96128199315929));
#2318=CARTESIAN_POINT('',(22.0342992503906,14.166666666723,1.96092361292418));
#2319=CARTESIAN_POINT('',(22.0344449876546,14.166666666723,1.96056699912398));
#2320=CARTESIAN_POINT('',(22.0345951839791,14.166666666723,1.96021220230435));
#2321=CARTESIAN_POINT('',(22.0347497820492,14.166666666723,1.95985927301095));
#2322=CARTESIAN_POINT('',(22.0349087245496,14.166666666723,1.95950826178945));
#2323=CARTESIAN_POINT('',(22.0350719541653,14.166666666723,1.95915921918551));
#2324=CARTESIAN_POINT('',(22.0352357824864,14.166666666723,1.95881964559696));
#2325=CARTESIAN_POINT('',(22.0354073630606,14.166666666723,1.95847464911678));
#2326=CARTESIAN_POINT('',(22.0355830715752,14.166666666723,1.95813172638394));
#2327=CARTESIAN_POINT('',(22.0357628387088,14.166666666723,1.95779088877888));
#2328=CARTESIAN_POINT('',(22.0359465951395,14.166666666723,1.95745214768202));
#2329=CARTESIAN_POINT('',(22.0361342715458,14.166666666723,1.95711551447381));
#2330=CARTESIAN_POINT('',(22.036325798606,14.166666666723,1.95678100053469));
#2331=CARTESIAN_POINT('',(22.0365211069983,14.166666666723,1.95644861724508));
#2332=CARTESIAN_POINT('',(22.0367201274011,14.166666666723,1.95611837598543));
#2333=CARTESIAN_POINT('',(22.0369227904928,14.166666666723,1.95579028813617));
#2334=CARTESIAN_POINT('',(22.0371290269516,14.166666666723,1.95546436507773));
#2335=CARTESIAN_POINT('',(22.0373265460207,14.166666666723,1.95515927778548));
#2336=CARTESIAN_POINT('',(22.0376923318025,14.166666666723,1.95461119996031));
#2337=CARTESIAN_POINT('',(22.0377188814883,14.166666666723,1.95457222759752));
#2338=CARTESIAN_POINT('',(22.0380431886137,14.166666666723,1.95410445562026));
#2339=CARTESIAN_POINT('',(22.0384940304931,14.166666666723,1.95347793712522));
#2340=CARTESIAN_POINT('',(22.038957156258,14.166666666723,1.95286040770378));
#2341=CARTESIAN_POINT('',(22.0394320113351,14.166666666723,1.95225195839942));
#2342=CARTESIAN_POINT('',(22.0399180482819,14.166666666723,1.95165264024214));
#2343=CARTESIAN_POINT('',(22.0404148049285,14.166666666723,1.95106228499686));
#2344=CARTESIAN_POINT('',(22.0409218732756,14.166666666723,1.95048075827904));
#2345=CARTESIAN_POINT('',(22.041438846018,14.166666666723,1.94990793889921));
#2346=CARTESIAN_POINT('',(22.0419653158505,14.166666666723,1.9493437056679));
#2347=CARTESIAN_POINT('',(22.0424619698812,14.166666666723,1.94882772408209));
#2348=CARTESIAN_POINT('',(22.0428982129773,14.166666666723,1.94838662993759));
#2349=CARTESIAN_POINT('',(22.0439462248817,14.166666666723,1.94736914394454));
#2350=CARTESIAN_POINT('',(22.0445113106457,14.166666666723,1.94684303453443));
#2351=CARTESIAN_POINT('',(22.0450836029551,14.166666666723,1.94632482974497));
#2352=CARTESIAN_POINT('',(22.0456626964249,14.166666666723,1.94581440707421));
#2353=CARTESIAN_POINT('',(22.0462482863552,14.166666666723,1.94531159749122));
#2354=CARTESIAN_POINT('',(22.0468401486618,14.166666666723,1.94481623705526));
#2355=CARTESIAN_POINT('',(22.0474380483109,14.166666666723,1.94432817903983));
#2356=CARTESIAN_POINT('',(22.0480417502686,14.166666666723,1.94384727671846));
#2357=CARTESIAN_POINT('',(22.0486510195012,14.166666666723,1.94337338336466));
#2358=CARTESIAN_POINT('',(22.0492656209749,14.166666666723,1.94290635225196));
#2359=CARTESIAN_POINT('',(22.0498853196559,14.166666666723,1.94244603665387));
#2360=CARTESIAN_POINT('',(22.0505098805106,14.166666666723,1.9419922898439));
#2361=CARTESIAN_POINT('',(22.051139068505,14.166666666723,1.94154496509557));
#2362=CARTESIAN_POINT('',(22.0524103860822,14.166666666723,1.94066899398717));
#2363=CARTESIAN_POINT('',(22.0536976031046,14.166666666723,1.93981689005536));
#2364=CARTESIAN_POINT('',(22.0549996107379,14.166666666723,1.93898762719671));
#2365=CARTESIAN_POINT('',(22.0563153908995,14.166666666723,1.93818029235707));
#2366=CARTESIAN_POINT('',(22.0576439255071,14.166666666723,1.93739397248229));
#2367=CARTESIAN_POINT('',(22.0589841964783,14.166666666723,1.93662775451821));
#2368=CARTESIAN_POINT('',(22.0603351513435,14.166666666723,1.93588066263352));
#2369=CARTESIAN_POINT('',(22.0616958221416,14.166666666723,1.93515162956659));
#2370=CARTESIAN_POINT('',(22.0630656257093,14.166666666723,1.93443997032719));
#2371=CARTESIAN_POINT('',(22.0644440082165,14.166666666723,1.93374503727754));
#2372=CARTESIAN_POINT('',(22.0658304158332,14.166666666723,1.93306618277987));
#2373=CARTESIAN_POINT('',(22.0673445240813,14.166666666723,1.93234638423393));
#2374=CARTESIAN_POINT('',(22.0701531251852,14.166666666723,1.93106497752161));
#2375=CARTESIAN_POINT('',(22.0729854059937,14.166666666723,1.92983709588349));
#2376=CARTESIAN_POINT('',(22.0758388641513,14.166666666723,1.92865890386731));
#2377=CARTESIAN_POINT('',(22.0787109973023,14.166666666723,1.92752656602084));
#2378=CARTESIAN_POINT('',(22.0836575732872,14.166666666723,1.9256859460651));
#2379=CARTESIAN_POINT('',(22.0865692634591,14.166666666723,1.92466052532785));
#2380=CARTESIAN_POINT('',(22.0894932472773,14.166666666723,1.92367027534322));
#2381=CARTESIAN_POINT('',(22.0924281728566,14.166666666723,1.92271264311541));
#2382=CARTESIAN_POINT('',(22.095372871576,14.166666666723,1.92178529233222));
#2383=CARTESIAN_POINT('',(22.0983263851764,14.166666666723,1.92088625692398));
#2384=CARTESIAN_POINT('',(22.1036171954304,14.166666666723,1.91934563025185));
#2385=CARTESIAN_POINT('',(22.1095705916921,14.166666666723,1.9177080802851));
#2386=CARTESIAN_POINT('',(22.1134881648614,14.166666666723,1.91668039871518));
#2387=CARTESIAN_POINT('',(22.1194773091341,14.166666666723,1.91517717834235));
#2388=CARTESIAN_POINT('',(22.1315046380263,14.166666666723,1.91237232560765));
#2389=CARTESIAN_POINT('',(22.143584170092,14.166666666723,1.90979578950052));
#2390=CARTESIAN_POINT('',(22.1536154634691,14.166666666723,1.90780455598099));
#2391=CARTESIAN_POINT('',(22.1652800271274,14.166666666723,1.90563332612836));
#2392=CARTESIAN_POINT('',(22.1758349287892,14.166666666723,1.90378150899234));
#2393=CARTESIAN_POINT('',(22.1940571817468,14.166666666723,1.90079649114397));
#2394=CARTESIAN_POINT('',(22.2184948611536,14.166666666723,1.89713354875514));
#2395=CARTESIAN_POINT('',(22.2429776009212,14.166666666723,1.8937723806417));
#2396=CARTESIAN_POINT('',(22.3073550249628,14.166666666723,1.88604314405651));
#2397=CARTESIAN_POINT('',(22.3612859738073,14.166666666723,1.8805426300247));
#2398=CARTESIAN_POINT('',(22.4084038276015,14.166666666723,1.87639024252385));
#2399=CARTESIAN_POINT('',(22.4629953117627,14.166666666723,1.87236528268572));
#2400=CARTESIAN_POINT('',(22.5123378311014,14.166666666723,1.86950086409177));
#2401=CARTESIAN_POINT('',(22.5617157588002,14.166666666723,1.867325316454));
#2402=CARTESIAN_POINT('',(22.6111174474337,14.166666666723,1.86576605142557));
#2403=CARTESIAN_POINT('',(22.690294747669,14.166666666723,1.86440027534669));
#2404=CARTESIAN_POINT('',(22.8486687618519,14.166666666723,1.86514214907241));
#2405=CARTESIAN_POINT('',(22.9474947383604,14.166666666723,1.86753663292755));
#2406=CARTESIAN_POINT('',(23.0462840693445,14.166666666723,1.87115243634794));
#2407=CARTESIAN_POINT('',(23.191731466918,14.166666666723,1.87835559315952));
#2408=CARTESIAN_POINT('',(23.3720685871705,14.166666666723,1.88986430340238));
#2409=CARTESIAN_POINT('',(23.5691910979106,14.166666666723,1.90511716598901));
#2410=CARTESIAN_POINT('',(23.8311850979315,14.1666665719695,1.92903139752293));
#2411=CARTESIAN_POINT('',(24.1825502819009,14.166666666723,1.9672131147541));
#2412=EDGE_CURVE('Edge_98',#2297,#2299,#2300,.T.);
#2413=CARTESIAN_POINT('',(22.3173946202948,14.7023809524444,1.9672131147541));
#2414=VERTEX_POINT('',#2413);
#2415=CARTESIAN_POINT('',(24.2973946202948,14.7023809524444,1.9672131147541));
#2416=VERTEX_POINT('',#2415);
#2417=B_SPLINE_CURVE_WITH_KNOTS('Curve_99',1,(#2418, #2419, #2420, #2421, #2422, #2423, #2424, #2425, #2426, #2427, #2428, #2429, #2430, #2431, #2432, #2433, #2434, #2435, #2436, #2437, #2438, #2439, #2440, #2441, #2442, #2443, #2444, #2445, #2446, #2447, #2448, #2449, #2450, #2451, #2452, #2453, #2454, #2455, #2456, #2457, #2458, #2459, #2460, #2461, #2462, #2463, #2464, #2465, #2466, #2467, #2468, #2469, #2470, #2471, #2472, #2473, #2474, #2475, #2476, #2477, #2478, #2479, #2480, #2481, #2482, #2483, #2484, #2485, #2486, #2487, #2488, #2489, #2490, #2491, #2492, #2493, #2494, #2495, #2496, #2497, #2498, #2499, #2500, #2501, #2502, #2503, #2504, #2505, #2506, #2507, #2508, #2509, #2510, #2511, #2512, #2513, #2514, #2515, #2516, #2517, #2518, #2519, #2520, #2521, #2522, #2523, #2524),.POLYLINE_FORM.,.F.,.F.,(2,1,1,1,1,1,1,1,1,1,1,1,1,1,1,1,1,1,1,1,1,1,1,1,1,1,1,1,1,1,1,1,1,1,1,1,1,1,1,1,1,1,1,1,1,1,1,1,1,1,1,1,1,1,1,1,1,1,1,1,1,1,1,1,1,1,1,1,1,1,1,1,1,1,1,1,1,1,1,1,1,1,1,1,1,1,1,1,1,1,1,1,1,1,1,1,1,1,1,1,1,1,1,1,1,1,2),(0.,1.,2.,3.,4.,5.,6.,7.,8.,9.,10.,11.,12.,13.,14.,15.,16.,17.,18.,19.,20.,21.,22.,23.,24.,25.,26.,27.,28.,29.,30.,31.,32.,33.,34.,35.,36.,37.,38.,39.,40.,41.,42.,43.,44.,45.,46.,47.,48.,49.,50.,51.,52.,53.,54.,55.,56.,57.,58.,59.,60.,61.,62.,63.,64.,65.,66.,67.,68.,69.,70.,71.,72.,73.,74.,75.,76.,77.,78.,79.,80.,81.,82.,83.,84.,85.,86.,87.,88.,89.,90.,91.,92.,93.,94.,95.,96.,97.,98.,99.,100.,101.,102.,103.,104.,105.,106.),.UNIFORM_KNOTS.);
#2418=CARTESIAN_POINT('',(22.3173946202948,14.7023809524444,1.9672131147541));
#2419=CARTESIAN_POINT('',(22.3174332738421,14.7023816542984,1.96694725201406));
#2420=CARTESIAN_POINT('',(22.3174809731336,14.7023819719935,1.9666415088238));
#2421=CARTESIAN_POINT('',(22.3175521764078,14.7023812775302,1.96622077985211));
#2422=CARTESIAN_POINT('',(22.3176150736596,14.7023813004235,1.96588183583123));
#2423=CARTESIAN_POINT('',(22.3176674536656,14.7023819513183,1.9656188010744));
#2424=CARTESIAN_POINT('',(22.3177479929231,14.7023815740932,1.96523629272837));
#2425=CARTESIAN_POINT('',(22.3178410814437,14.7023809743335,1.96482567572829));
#2426=CARTESIAN_POINT('',(22.3179043426216,14.7023816020284,1.96456506305353));
#2427=CARTESIAN_POINT('',(22.3179816965963,14.7023818397675,1.96426019925163));
#2428=CARTESIAN_POINT('',(22.3180920066607,14.7023812200001,1.96384807838634));
#2429=CARTESIAN_POINT('',(22.3181848530254,14.7023812808082,1.96352149268531));
#2430=CARTESIAN_POINT('',(22.3182615183857,14.7023818530299,1.96326416210575));
#2431=CARTESIAN_POINT('',(22.3183790418262,14.7023814780891,1.96288512690238));
#2432=CARTESIAN_POINT('',(22.3185083880714,14.7023809908127,1.96248941022369));
#2433=CARTESIAN_POINT('',(22.3185955364491,14.7023815374819,1.96223528631914));
#2434=CARTESIAN_POINT('',(22.3187025698617,14.7023817050994,1.96193324297801));
#2435=CARTESIAN_POINT('',(22.3188504742403,14.7023811667592,1.96153237337967));
#2436=CARTESIAN_POINT('',(22.3189708887652,14.7023812545931,1.96122022053655));
#2437=CARTESIAN_POINT('',(22.3190705612124,14.702381747162,1.9609705988983));
#2438=CARTESIAN_POINT('',(22.3192238756735,14.7023813894772,1.96059832248173));
#2439=CARTESIAN_POINT('',(22.3193860087068,14.7023810021073,1.96022034247089));
#2440=CARTESIAN_POINT('',(22.319495289907,14.7023814730268,1.95997470998373));
#2441=CARTESIAN_POINT('',(22.3196666662865,14.7023826430047,1.95960212401512));
#2442=CARTESIAN_POINT('',(22.3200394613856,14.7023813919823,1.95883270929635));
#2443=CARTESIAN_POINT('',(22.3201084420355,14.7023828244048,1.95869815358436));
#2444=CARTESIAN_POINT('',(22.3203424422104,14.7023816666935,1.95824790864093));
#2445=CARTESIAN_POINT('',(22.3205075010319,14.7023816294355,1.95794186836773));
#2446=CARTESIAN_POINT('',(22.3205996858193,14.7023827133611,1.9577755813845));
#2447=CARTESIAN_POINT('',(22.3208680140256,14.7023813630784,1.95730075129284));
#2448=CARTESIAN_POINT('',(22.3210049772331,14.7023818386162,1.95706669272322));
#2449=CARTESIAN_POINT('',(22.321141760486,14.7023823654348,1.9568374975199));
#2450=CARTESIAN_POINT('',(22.3214264237013,14.702381091999,1.95637195527621));
#2451=CARTESIAN_POINT('',(22.3217157264524,14.7023820521988,1.95591793158421));
#2452=CARTESIAN_POINT('',(22.3220821198507,14.7023821842157,1.95536434975813));
#2453=CARTESIAN_POINT('',(22.3225570609302,14.7023811043938,1.95467890190968));
#2454=CARTESIAN_POINT('',(22.3226447986756,14.7023821799048,1.95455696236991));
#2455=CARTESIAN_POINT('',(22.3231298872422,14.7023810248939,1.95389663436925));
#2456=CARTESIAN_POINT('',(22.3234745307279,14.7023816992316,1.95344677202738));
#2457=CARTESIAN_POINT('',(22.3238420635244,14.7023821685383,1.95298198679793));
#2458=CARTESIAN_POINT('',(22.3243851734711,14.7023813729076,1.95232010350269));
#2459=CARTESIAN_POINT('',(22.3248529989632,14.7023812677918,1.95177282575767));
#2460=CARTESIAN_POINT('',(22.3252093381203,14.70238195203,1.95136916657207));
#2461=CARTESIAN_POINT('',(22.3257185074411,14.7023816542591,1.95080919900282));
#2462=CARTESIAN_POINT('',(22.3263062431951,14.7023809869181,1.95018626239269));
#2463=CARTESIAN_POINT('',(22.3266943703824,14.7023815514237,1.9497881877525));
#2464=CARTESIAN_POINT('',(22.3271210481055,14.7023818799243,1.94936123946927));
#2465=CARTESIAN_POINT('',(22.3277355761611,14.7023812614665,1.94876427168641));
#2466=CARTESIAN_POINT('',(22.3282525134885,14.7023812184381,1.94827802144747));
#2467=CARTESIAN_POINT('',(22.3286495534665,14.7023817548739,1.94791385505188));
#2468=CARTESIAN_POINT('',(22.3292216381398,14.702381488946,1.94740150704726));
#2469=CARTESIAN_POINT('',(22.3298680553799,14.702380962786,1.94683955951891));
#2470=CARTESIAN_POINT('',(22.3302840360624,14.702381448841,1.94648730540803));
#2471=CARTESIAN_POINT('',(22.3307567155173,14.7023816870594,1.94609496971179));
#2472=CARTESIAN_POINT('',(22.3314223216457,14.7023811897774,1.94555592398337));
#2473=CARTESIAN_POINT('',(22.3319709096986,14.7023811865702,1.94512324912591));
#2474=CARTESIAN_POINT('',(22.332397208906,14.702381633696,1.9447939456128));
#2475=CARTESIAN_POINT('',(22.3337039147244,14.7023809584287,1.94381775572086));
#2476=CARTESIAN_POINT('',(22.3346504812027,14.7023815575224,1.94314041655737));
#2477=CARTESIAN_POINT('',(22.335922511536,14.7023811642169,1.94226448958296));
#2478=CARTESIAN_POINT('',(22.3370300691949,14.7023813111515,1.94153160614786));
#2479=CARTESIAN_POINT('',(22.3381932907742,14.7023813361321,1.94078910045348));
#2480=CARTESIAN_POINT('',(22.3394644838132,14.7023811035524,1.94000699219849));
#2481=CARTESIAN_POINT('',(22.3405093965692,14.702381481719,1.9393855050959));
#2482=CARTESIAN_POINT('',(22.3419232002341,14.7023809793817,1.93857227892613));
#2483=CARTESIAN_POINT('',(22.3429588567661,14.7023813920706,1.93799554719405));
#2484=CARTESIAN_POINT('',(22.3442981887482,14.7023811364603,1.93727112497618));
#2485=CARTESIAN_POINT('',(22.3454934123675,14.7023812134954,1.936644161885));
#2486=CARTESIAN_POINT('',(22.3467034393883,14.7023812752155,1.93602695630328));
#2487=CARTESIAN_POINT('',(22.3480600316737,14.7023810545735,1.93535460311695));
#2488=CARTESIAN_POINT('',(22.349370490168,14.702382066876,1.93472391097265));
#2489=CARTESIAN_POINT('',(22.3523319599131,14.7023810501312,1.93335785260221));
#2490=CARTESIAN_POINT('',(22.3545423415271,14.7023817479644,1.93238822220264));
#2491=CARTESIAN_POINT('',(22.3573107245182,14.7023813327228,1.93122727255946));
#2492=CARTESIAN_POINT('',(22.3598566047549,14.7023813782047,1.93020728182374));
#2493=CARTESIAN_POINT('',(22.3642784763465,14.702381013027,1.92852983015839));
#2494=CARTESIAN_POINT('',(22.3668759300351,14.7023810249008,1.92759495360705));
#2495=CARTESIAN_POINT('',(22.37169253783,14.7023810397481,1.9259495110569));
#2496=CARTESIAN_POINT('',(22.3769992238373,14.7023810424217,1.9242519197312));
#2497=CARTESIAN_POINT('',(22.3810175213502,14.7023813241234,1.92303634190005));
#2498=CARTESIAN_POINT('',(22.3862225358244,14.7023814569108,1.92153963878411));
#2499=CARTESIAN_POINT('',(22.3916657919936,14.7023813550317,1.9200589053234));
#2500=CARTESIAN_POINT('',(22.397228860822,14.7023811823409,1.91862417471907));
#2501=CARTESIAN_POINT('',(22.4083017412683,14.7023809898678,1.91596939885521));
#2502=CARTESIAN_POINT('',(22.4188832176217,14.7023811817189,1.913643245093));
#2503=CARTESIAN_POINT('',(22.4298053915321,14.702381155402,1.91141814627738));
#2504=CARTESIAN_POINT('',(22.4410974629698,14.7023809820017,1.90927631028634));
#2505=CARTESIAN_POINT('',(22.4519028816075,14.7023810484833,1.90735379579738));
#2506=CARTESIAN_POINT('',(22.4698085067131,14.7023809748018,1.90439636168093));
#2507=CARTESIAN_POINT('',(22.4912429705336,14.7023811086348,1.90116380831491));
#2508=CARTESIAN_POINT('',(22.513266068494,14.7023810670742,1.8981214295544));
#2509=CARTESIAN_POINT('',(22.5690583652223,14.7023809638779,1.89140052314783));
#2510=CARTESIAN_POINT('',(22.6181478228032,14.7023809253341,1.88641624757582));
#2511=CARTESIAN_POINT('',(22.6628615532079,14.7023809294147,1.88254204061606));
#2512=CARTESIAN_POINT('',(22.7091314297204,14.7023809079829,1.87919578069963));
#2513=CARTESIAN_POINT('',(22.754491326471,14.7023809495279,1.87659484406325));
#2514=CARTESIAN_POINT('',(22.7982225504582,14.7023809210287,1.87468586611923));
#2515=CARTESIAN_POINT('',(22.8434968591468,14.7023809436881,1.87326306456796));
#2516=CARTESIAN_POINT('',(22.9118772923762,14.7023809391932,1.87205739734691));
#2517=CARTESIAN_POINT('',(23.0643024144597,14.7023809501724,1.87274879110526));
#2518=CARTESIAN_POINT('',(23.1523792015957,14.7023809509172,1.87489646794326));
#2519=CARTESIAN_POINT('',(23.2434688725898,14.702380952535,1.8782239526719));
#2520=CARTESIAN_POINT('',(23.3581528656584,14.7023809524743,1.88377874568172));
#2521=CARTESIAN_POINT('',(23.5351232456198,14.7023809505083,1.89482926904621));
#2522=CARTESIAN_POINT('',(23.7063254854747,14.7023809486776,1.90787315065167));
#2523=CARTESIAN_POINT('',(23.9559862601712,14.7023809336258,1.93034729405332));
#2524=CARTESIAN_POINT('',(24.2973946202948,14.7023809524444,1.9672131147541));
#2525=EDGE_CURVE('Edge_99',#2414,#2416,#2417,.T.);
#2526=CARTESIAN_POINT('',(22.6022389586887,15.2380952381659,1.9672131147541));
#2527=VERTEX_POINT('',#2526);
#2528=CARTESIAN_POINT('',(24.4122389586887,15.2380952381659,1.9672131147541));
#2529=VERTEX_POINT('',#2528);
#2530=B_SPLINE_CURVE_WITH_KNOTS('Curve_100',1,(#2531, #2532, #2533, #2534, #2535, #2536, #2537, #2538, #2539, #2540, #2541, #2542, #2543, #2544, #2545, #2546, #2547, #2548, #2549, #2550, #2551, #2552, #2553, #2554, #2555, #2556, #2557, #2558, #2559, #2560, #2561, #2562, #2563, #2564, #2565, #2566, #2567, #2568, #2569, #2570, #2571, #2572, #2573, #2574, #2575, #2576, #2577, #2578, #2579, #2580, #2581, #2582, #2583, #2584, #2585, #2586, #2587, #2588, #2589, #2590, #2591, #2592, #2593, #2594, #2595, #2596, #2597, #2598, #2599, #2600, #2601, #2602, #2603, #2604, #2605, #2606, #2607, #2608, #2609, #2610, #2611, #2612, #2613, #2614, #2615, #2616, #2617, #2618, #2619, #2620, #2621, #2622, #2623, #2624, #2625, #2626, #2627, #2628, #2629, #2630, #2631, #2632, #2633, #2634, #2635, #2636, #2637, #2638, #2639, #2640, #2641, #2642, #2643),.POLYLINE_FORM.,.F.,.F.,(2,1,1,1,1,1,1,1,1,1,1,1,1,1,1,1,1,1,1,1,1,1,1,1,1,1,1,1,1,1,1,1,1,1,1,1,1,1,1,1,1,1,1,1,1,1,1,1,1,1,1,1,1,1,1,1,1,1,1,1,1,1,1,1,1,1,1,1,1,1,1,1,1,1,1,1,1,1,1,1,1,1,1,1,1,1,1,1,1,1,1,1,1,1,1,1,1,1,1,1,1,1,1,1,1,1,1,1,1,1,1,1,2),(0.,1.,2.,3.,4.,5.,6.,7.,8.,9.,10.,11.,12.,13.,14.,15.,16.,17.,18.,19.,20.,21.,22.,23.,24.,25.,26.,27.,28.,29.,30.,31.,32.,33.,34.,35.,36.,37.,38.,39.,40.,41.,42.,43.,44.,45.,46.,47.,48.,49.,50.,51.,52.,53.,54.,55.,56.,57.,58.,59.,60.,61.,62.,63.,64.,65.,66.,67.,68.,69.,70.,71.,72.,73.,74.,75.,76.,77.,78.,79.,80.,81.,82.,83.,84.,85.,86.,87.,88.,89.,90.,91.,92.,93.,94.,95.,96.,97.,98.,99.,100.,101.,102.,103.,104.,105.,106.,107.,108.,109.,110.,111.,112.),.UNIFORM_KNOTS.);
#2531=CARTESIAN_POINT('',(22.6022389586887,15.2380952381659,1.9672131147541));
#2532=CARTESIAN_POINT('',(22.6022753178742,15.2380963353801,1.96691544552374));
#2533=CARTESIAN_POINT('',(22.6023165450139,15.2380968435486,1.96660920816922));
#2534=CARTESIAN_POINT('',(22.6023652733483,15.2380957581058,1.96627639777191));
#2535=CARTESIAN_POINT('',(22.602416348569,15.2380957688632,1.9659626924558));
#2536=CARTESIAN_POINT('',(22.6024689984366,15.2380967841771,1.96566771411949));
#2537=CARTESIAN_POINT('',(22.6025300810845,15.2380962312137,1.9653460078951));
#2538=CARTESIAN_POINT('',(22.6025973121194,15.2380952484388,1.96501677843268));
#2539=CARTESIAN_POINT('',(22.6026622701515,15.2380962270934,1.96472419040755));
#2540=CARTESIAN_POINT('',(22.6027330212369,15.2380966541209,1.96442296814207));
#2541=CARTESIAN_POINT('',(22.6028138425821,15.2380956877354,1.96409623748102));
#2542=CARTESIAN_POINT('',(22.60289496781,15.2380957162292,1.96378902382973));
#2543=CARTESIAN_POINT('',(22.6029758574455,15.2380966045067,1.96350010556719));
#2544=CARTESIAN_POINT('',(22.6030678993691,15.2380960953574,1.9631850013579));
#2545=CARTESIAN_POINT('',(22.6031665450229,15.2380952560863,1.96286370861141));
#2546=CARTESIAN_POINT('',(22.603259269365,15.2380961047263,1.9625782208341));
#2547=CARTESIAN_POINT('',(22.6033586159405,15.2380964528425,1.96228432603678));
#2548=CARTESIAN_POINT('',(22.6034702423228,15.2380956172743,1.96196636784145));
#2549=CARTESIAN_POINT('',(22.6035799187511,15.2380956581853,1.96166817335899));
#2550=CARTESIAN_POINT('',(22.6036874791718,15.2380964205392,1.9613877724599));
#2551=CARTESIAN_POINT('',(22.6038086109566,15.2380959666061,1.96108194176191));
#2552=CARTESIAN_POINT('',(22.6039364102194,15.2380952612502,1.96077118630191));
#2553=CARTESIAN_POINT('',(22.604054802792,15.2380959891724,1.96049510443658));
#2554=CARTESIAN_POINT('',(22.604247357734,15.2380979050609,1.96006532037669));
#2555=CARTESIAN_POINT('',(22.6045347987051,15.2380960333292,1.95945536284333));
#2556=CARTESIAN_POINT('',(22.6046568758481,15.2380981703306,1.95921123304724));
#2557=CARTESIAN_POINT('',(22.6048206210966,15.2380961561118,1.95888834400714));
#2558=CARTESIAN_POINT('',(22.6049662382555,15.2380963849974,1.95861195731659));
#2559=CARTESIAN_POINT('',(22.605104043814,15.2380977133419,1.95835836190485));
#2560=CARTESIAN_POINT('',(22.6052805169508,15.2380957029489,1.95803907328709));
#2561=CARTESIAN_POINT('',(22.6054269905368,15.238096693008,1.95778374965389));
#2562=CARTESIAN_POINT('',(22.6055823421439,15.2380971926246,1.95751899836088));
#2563=CARTESIAN_POINT('',(22.6057697662556,15.2380953002944,1.95720578852343));
#2564=CARTESIAN_POINT('',(22.6060889302842,15.2380967257873,1.95669579725918));
#2565=CARTESIAN_POINT('',(22.6064299747636,15.2380971977903,1.95617399988288));
#2566=CARTESIAN_POINT('',(22.6066220969386,15.2380963076792,1.95588903478166));
#2567=CARTESIAN_POINT('',(22.6068107210807,15.2380958159766,1.95561597288562));
#2568=CARTESIAN_POINT('',(22.6069689784464,15.2380974038701,1.95539299030272));
#2569=CARTESIAN_POINT('',(22.6071801306034,15.2380959332766,1.95509898872545));
#2570=CARTESIAN_POINT('',(22.6075085651946,15.238097329483,1.9546575228209));
#2571=CARTESIAN_POINT('',(22.6076898165121,15.238096148916,1.95441892467139));
#2572=CARTESIAN_POINT('',(22.6080454370822,15.2380971653217,1.95396533435616));
#2573=CARTESIAN_POINT('',(22.6084707374248,15.2380959903488,1.95344078769426));
#2574=CARTESIAN_POINT('',(22.6088914201039,15.2380955663241,1.95294146311797));
#2575=CARTESIAN_POINT('',(22.6092872260888,15.238096577945,1.95248827064443));
#2576=CARTESIAN_POINT('',(22.6097174375413,15.2380964031013,1.95201075727251));
#2577=CARTESIAN_POINT('',(22.6101776502993,15.2380954161929,1.95151627995799));
#2578=CARTESIAN_POINT('',(22.6106048336288,15.2380959916017,1.95107240611204));
#2579=CARTESIAN_POINT('',(22.6110317563792,15.2380967352422,1.95064154392413));
#2580=CARTESIAN_POINT('',(22.6115139240571,15.2380958194786,1.95016808865794));
#2581=CARTESIAN_POINT('',(22.6119864261896,15.2380955042394,1.94971786403473));
#2582=CARTESIAN_POINT('',(22.6129056385867,15.2380961558718,1.94887707539843));
#2583=CARTESIAN_POINT('',(22.6135365951367,15.2380959346737,1.94832345668143));
#2584=CARTESIAN_POINT('',(22.6140466937294,15.2380952919404,1.94788864102929));
#2585=CARTESIAN_POINT('',(22.6145096466378,15.2380960149696,1.94750399419956));
#2586=CARTESIAN_POINT('',(22.6149952945052,15.2380962355925,1.94710931454834));
#2587=CARTESIAN_POINT('',(22.6155242506825,15.2380955251849,1.94668901251899));
#2588=CARTESIAN_POINT('',(22.6160244973806,15.2380956293451,1.94630088680898));
#2589=CARTESIAN_POINT('',(22.6165039799483,15.2380962740155,1.94593687845562));
#2590=CARTESIAN_POINT('',(22.6170359501154,15.2380958230006,1.94554099456502));
#2591=CARTESIAN_POINT('',(22.6175772536411,15.2380952903444,1.94514675985162));
#2592=CARTESIAN_POINT('',(22.618580706064,15.2380960894066,1.94443798009047));
#2593=CARTESIAN_POINT('',(22.6196620666,15.2380955822098,1.9437023445293));
#2594=CARTESIAN_POINT('',(22.6207207969136,15.2380957428611,1.94300884618694));
#2595=CARTESIAN_POINT('',(22.6217949234067,15.2380958302289,1.94232985498619));
#2596=CARTESIAN_POINT('',(22.6229069541152,15.2380954463359,1.94165076201922));
#2597=CARTESIAN_POINT('',(22.623969123807,15.2380960455247,1.94102340199896));
#2598=CARTESIAN_POINT('',(22.6251255781819,15.2380952886121,1.94036124989049));
#2599=CARTESIAN_POINT('',(22.6262009268896,15.2380958993635,1.93976428559254));
#2600=CARTESIAN_POINT('',(22.6273506467904,15.2380955213901,1.93914407591784));
#2601=CARTESIAN_POINT('',(22.6284730161208,15.2380956371127,1.93855594659906));
#2602=CARTESIAN_POINT('',(22.629603736461,15.2380957294877,1.93797955088352));
#2603=CARTESIAN_POINT('',(22.6308474419788,15.2380956324489,1.93736300655588));
#2604=CARTESIAN_POINT('',(22.633071160006,15.2380968397221,1.93630241303546));
#2605=CARTESIAN_POINT('',(22.6354970505972,15.238095354908,1.93519982533455));
#2606=CARTESIAN_POINT('',(22.6377565235702,15.2380964392496,1.93422019584982));
#2607=CARTESIAN_POINT('',(22.6401666387034,15.2380957659963,1.93321944501433));
#2608=CARTESIAN_POINT('',(22.6443643205831,15.2380956128517,1.93157235856127));
#2609=CARTESIAN_POINT('',(22.6467411373999,15.238095753734,1.9306881160737));
#2610=CARTESIAN_POINT('',(22.6491559517243,15.238095644493,1.92982252231588));
#2611=CARTESIAN_POINT('',(22.6515879107531,15.2380954825185,1.92898121665271));
#2612=CARTESIAN_POINT('',(22.6540284305527,15.2380953328144,1.9281650242189));
#2613=CARTESIAN_POINT('',(22.6564653131494,15.2380952822634,1.92737622447272));
#2614=CARTESIAN_POINT('',(22.6604088615781,15.2380956123735,1.92615013176249));
#2615=CARTESIAN_POINT('',(22.6652737687585,15.2380958407718,1.92471414571609));
#2616=CARTESIAN_POINT('',(22.6701592078971,15.2380960243971,1.92334870049621));
#2617=CARTESIAN_POINT('',(22.6751244360577,15.2380957986122,1.92203043850379));
#2618=CARTESIAN_POINT('',(22.684165322513,15.2380957781918,1.91978486282669));
#2619=CARTESIAN_POINT('',(22.6941590829245,15.238095563529,1.91750055038518));
#2620=CARTESIAN_POINT('',(22.7042335479621,15.2380952454235,1.91537237069049));
#2621=CARTESIAN_POINT('',(22.7141953701361,15.2380954642286,1.91341320250659));
#2622=CARTESIAN_POINT('',(22.7242123815388,15.2380955282669,1.9115671652768));
#2623=CARTESIAN_POINT('',(22.7397600557915,15.2380956549879,1.90890996382354));
#2624=CARTESIAN_POINT('',(22.7599727527914,15.238095508889,1.90576890488015));
#2625=CARTESIAN_POINT('',(22.7784063043198,15.2380954703429,1.90315584624605));
#2626=CARTESIAN_POINT('',(22.8014633016812,15.2380952400292,1.90017070846487));
#2627=CARTESIAN_POINT('',(22.8311931979409,15.2380952579981,1.89671041952417));
#2628=CARTESIAN_POINT('',(22.856320268904,15.2380952288471,1.89408117963951));
#2629=CARTESIAN_POINT('',(22.876661094718,15.238095215653,1.89213328430661));
#2630=CARTESIAN_POINT('',(22.9174624970506,15.2380952268351,1.8886817130379));
#2631=CARTESIAN_POINT('',(22.9617230007207,15.2380952256303,1.8856070528683));
#2632=CARTESIAN_POINT('',(23.0007400778239,15.2380952155131,1.88347582215719));
#2633=CARTESIAN_POINT('',(23.0415391113887,15.2380952042227,1.88178519088638));
#2634=CARTESIAN_POINT('',(23.0824203250649,15.2380952103204,1.8805853114621));
#2635=CARTESIAN_POINT('',(23.1488618951694,15.2380952267175,1.8795635956293));
#2636=CARTESIAN_POINT('',(23.2844747235305,15.2380952369832,1.88043225148975));
#2637=CARTESIAN_POINT('',(23.3658294367174,15.2380952358197,1.88251646191563));
#2638=CARTESIAN_POINT('',(23.447958523172,15.2380952389085,1.88559977222442));
#2639=CARTESIAN_POINT('',(23.55999734469,15.2380952412449,1.89115523065437));
#2640=CARTESIAN_POINT('',(23.7233960349844,15.2380952386991,1.90156736255912));
#2641=CARTESIAN_POINT('',(23.8724891639171,15.2380952353317,1.91303280924874));
#2642=CARTESIAN_POINT('',(24.1136319690109,15.2380951277209,1.93488570199322));
#2643=CARTESIAN_POINT('',(24.4122389586887,15.2380952381659,1.9672131147541));
#2644=EDGE_CURVE('Edge_100',#2527,#2529,#2530,.T.);
#2645=CARTESIAN_POINT('',(22.8870832970825,15.7738095238873,1.9672131147541));
#2646=VERTEX_POINT('',#2645);
#2647=CARTESIAN_POINT('',(24.5270832970825,15.7738095238873,1.9672131147541));
#2648=VERTEX_POINT('',#2647);
#2649=B_SPLINE_CURVE_WITH_KNOTS('Curve_101',1,(#2650, #2651, #2652, #2653, #2654, #2655, #2656, #2657, #2658, #2659, #2660, #2661, #2662, #2663, #2664, #2665, #2666, #2667, #2668, #2669, #2670, #2671, #2672, #2673, #2674, #2675, #2676, #2677, #2678, #2679, #2680, #2681, #2682, #2683, #2684, #2685, #2686, #2687, #2688, #2689, #2690, #2691, #2692, #2693, #2694, #2695, #2696, #2697, #2698, #2699, #2700, #2701, #2702, #2703, #2704, #2705, #2706, #2707, #2708, #2709, #2710, #2711, #2712, #2713, #2714, #2715, #2716, #2717, #2718, #2719, #2720, #2721, #2722, #2723, #2724, #2725, #2726, #2727, #2728, #2729, #2730, #2731, #2732, #2733, #2734, #2735, #2736, #2737, #2738, #2739, #2740, #2741, #2742, #2743, #2744, #2745, #2746, #2747, #2748, #2749, #2750, #2751, #2752, #2753, #2754, #2755, #2756, #2757, #2758, #2759, #2760, #2761, #2762, #2763, #2764, #2765, #2766, #2767, #2768),.POLYLINE_FORM.,.F.,.F.,(2,1,1,1,1,1,1,1,1,1,1,1,1,1,1,1,1,1,1,1,1,1,1,1,1,1,1,1,1,1,1,1,1,1,1,1,1,1,1,1,1,1,1,1,1,1,1,1,1,1,1,1,1,1,1,1,1,1,1,1,1,1,1,1,1,1,1,1,1,1,1,1,1,1,1,1,1,1,1,1,1,1,1,1,1,1,1,1,1,1,1,1,1,1,1,1,1,1,1,1,1,1,1,1,1,1,1,1,1,1,1,1,1,1,1,1,1,1,2),(0.,1.,2.,3.,4.,5.,6.,7.,8.,9.,10.,11.,12.,13.,14.,15.,16.,17.,18.,19.,20.,21.,22.,23.,24.,25.,26.,27.,28.,29.,30.,31.,32.,33.,34.,35.,36.,37.,38.,39.,40.,41.,42.,43.,44.,45.,46.,47.,48.,49.,50.,51.,52.,53.,54.,55.,56.,57.,58.,59.,60.,61.,62.,63.,64.,65.,66.,67.,68.,69.,70.,71.,72.,73.,74.,75.,76.,77.,78.,79.,80.,81.,82.,83.,84.,85.,86.,87.,88.,89.,90.,91.,92.,93.,94.,95.,96.,97.,98.,99.,100.,101.,102.,103.,104.,105.,106.,107.,108.,109.,110.,111.,112.,113.,114.,115.,116.,117.,118.),.UNIFORM_KNOTS.);
#2650=CARTESIAN_POINT('',(22.8870832970825,15.7738095238873,1.9672131147541));
#2651=CARTESIAN_POINT('',(22.887112893616,15.7738106839955,1.9668959668622));
#2652=CARTESIAN_POINT('',(22.8871454750354,15.7738112198305,1.96659451016032));
#2653=CARTESIAN_POINT('',(22.8871759693829,15.773810072731,1.96633826059728));
#2654=CARTESIAN_POINT('',(22.8872146769571,15.7738100840864,1.96605218900102));
#2655=CARTESIAN_POINT('',(22.8872627318278,15.7738111546977,1.96573722086856));
#2656=CARTESIAN_POINT('',(22.8873070833483,15.7738105707348,1.96546799021439));
#2657=CARTESIAN_POINT('',(22.8873523001312,15.7738095347168,1.96521307126269));
#2658=CARTESIAN_POINT('',(22.8874136634051,15.7738105657747,1.9649002728831));
#2659=CARTESIAN_POINT('',(22.887476296602,15.7738110148331,1.9646038917897));
#2660=CARTESIAN_POINT('',(22.8875325372003,15.7738099970052,1.96435169089229));
#2661=CARTESIAN_POINT('',(22.8876000072865,15.7738100269915,1.96407005358943));
#2662=CARTESIAN_POINT('',(22.88767944598,15.7738109587701,1.96376111755799));
#2663=CARTESIAN_POINT('',(22.8877504872979,15.7738104233965,1.96349802594027));
#2664=CARTESIAN_POINT('',(22.8878212659519,15.7738095426924,1.9632481313971));
#2665=CARTESIAN_POINT('',(22.8879134781227,15.7738104324915,1.96294265182647));
#2666=CARTESIAN_POINT('',(22.8880049936646,15.7738107964018,1.96265423600244));
#2667=CARTESIAN_POINT('',(22.888085906416,15.7738099206859,1.96240865788088));
#2668=CARTESIAN_POINT('',(22.8881808517881,15.7738099635059,1.9621341578933));
#2669=CARTESIAN_POINT('',(22.8882898477494,15.7738107602457,1.96183409484682));
#2670=CARTESIAN_POINT('',(22.8883857010655,15.7738102848187,1.96157944762419));
#2671=CARTESIAN_POINT('',(22.8884803325735,15.7738095480013,1.96133671433266));
#2672=CARTESIAN_POINT('',(22.8886010055273,15.7738103075617,1.9610410739362));
#2673=CARTESIAN_POINT('',(22.888659411746,15.7738099205335,1.96090129042178));
#2674=CARTESIAN_POINT('',(22.8888053401494,15.7738122035919,1.96056712642766));
#2675=CARTESIAN_POINT('',(22.8889063157232,15.7738109574355,1.96034096052906));
#2676=CARTESIAN_POINT('',(22.8890193552257,15.7738103211977,1.96009617580158));
#2677=CARTESIAN_POINT('',(22.8891780955617,15.7738124639693,1.9597678433492));
#2678=CARTESIAN_POINT('',(22.8892738696795,15.7738104443118,1.95957236854184));
#2679=CARTESIAN_POINT('',(22.8894099571986,15.7738106714777,1.95930531856326));
#2680=CARTESIAN_POINT('',(22.8895683962877,15.773812000701,1.95900544717029));
#2681=CARTESIAN_POINT('',(22.8896690496773,15.7738099889779,1.95881727181373));
#2682=CARTESIAN_POINT('',(22.8898295275235,15.7738109768746,1.95852900146189));
#2683=CARTESIAN_POINT('',(22.8899832152627,15.7738114758542,1.95826061627663));
#2684=CARTESIAN_POINT('',(22.890090330259,15.7738095859366,1.95807591421315));
#2685=CARTESIAN_POINT('',(22.8902763762116,15.7738112427657,1.95776750542099));
#2686=CARTESIAN_POINT('',(22.8904229931218,15.7738110069366,1.95752971391936));
#2687=CARTESIAN_POINT('',(22.8905498763925,15.7738098008829,1.95732750116157));
#2688=CARTESIAN_POINT('',(22.8907488136579,15.7738114743023,1.95702110975475));
#2689=CARTESIAN_POINT('',(22.8908862045333,15.7738105883744,1.95681298556985));
#2690=CARTESIAN_POINT('',(22.8910365975491,15.7738100981611,1.9565900923659));
#2691=CARTESIAN_POINT('',(22.8912451508132,15.7738116763346,1.95629009239829));
#2692=CARTESIAN_POINT('',(22.8913713239079,15.773810214743,1.95611067847301));
#2693=CARTESIAN_POINT('',(22.8917488923866,15.7738113719627,1.95559420563332));
#2694=CARTESIAN_POINT('',(22.8920770889143,15.7738105930915,1.955162117069));
#2695=CARTESIAN_POINT('',(22.8924012079814,15.7738095815782,1.95475006243524));
#2696=CARTESIAN_POINT('',(22.8925982774767,15.7738108264565,1.95450738642549));
#2697=CARTESIAN_POINT('',(22.8928882691044,15.7738098494544,1.95415693407994));
#2698=CARTESIAN_POINT('',(22.8933047349535,15.7738108536905,1.95367154655421));
#2699=CARTESIAN_POINT('',(22.8936844580752,15.7738106809477,1.95324373235254));
#2700=CARTESIAN_POINT('',(22.8940340829726,15.773809700878,1.95286128426977));
#2701=CARTESIAN_POINT('',(22.8944575836224,15.7738102729373,1.95241311516592));
#2702=CARTESIAN_POINT('',(22.8948994778055,15.7738110140571,1.95196064590151));
#2703=CARTESIAN_POINT('',(22.8952666260583,15.7738101033848,1.95159470526468));
#2704=CARTESIAN_POINT('',(22.8956661473975,15.77380978913,1.95120718959853));
#2705=CARTESIAN_POINT('',(22.8961320344664,15.7738105864271,1.95076848369179));
#2706=CARTESIAN_POINT('',(22.896552856605,15.7738104419967,1.9503825770588));
#2707=CARTESIAN_POINT('',(22.8969388203367,15.7738096599334,1.95003673559481));
#2708=CARTESIAN_POINT('',(22.8974042103943,15.773810139945,1.94963045711313));
#2709=CARTESIAN_POINT('',(22.8978849593763,15.7738107441793,1.94922166206041));
#2710=CARTESIAN_POINT('',(22.8982833363022,15.7738100008054,1.94889021818067));
#2711=CARTESIAN_POINT('',(22.8987158743167,15.7738097527116,1.94853822055139));
#2712=CARTESIAN_POINT('',(22.8992168987872,15.7738104306063,1.94814024980233));
#2713=CARTESIAN_POINT('',(22.8996667781518,15.7738103024672,1.94779065360681));
#2714=CARTESIAN_POINT('',(22.9000789810592,15.7738096342673,1.94747644038206));
#2715=CARTESIAN_POINT('',(22.9005752408328,15.7738100603341,1.94710623541109));
#2716=CARTESIAN_POINT('',(22.9010839880179,15.773810573018,1.9467348563912));
#2717=CARTESIAN_POINT('',(22.9019621435413,15.7738097301538,1.9461111900074));
#2718=CARTESIAN_POINT('',(22.9029594541442,15.7738102043367,1.94542928040239));
#2719=CARTESIAN_POINT('',(22.903909982402,15.7738100046166,1.94480261382018));
#2720=CARTESIAN_POINT('',(22.9048773121294,15.7738098826793,1.94418647828388));
#2721=CARTESIAN_POINT('',(22.9058992519056,15.7738102449955,1.94355739629073));
#2722=CARTESIAN_POINT('',(22.9068313897776,15.7738096011955,1.94300110229898));
#2723=CARTESIAN_POINT('',(22.9079124550717,15.7738103569122,1.94237581797201));
#2724=CARTESIAN_POINT('',(22.9088535710317,15.7738097007049,1.94184688641884));
#2725=CARTESIAN_POINT('',(22.9099117152107,15.7738100736287,1.94126899440966));
#2726=CARTESIAN_POINT('',(22.910919356051,15.7738099320798,1.94073377285573));
#2727=CARTESIAN_POINT('',(22.9119357329704,15.7738098158331,1.94020803788711));
#2728=CARTESIAN_POINT('',(22.9135270517382,15.7738109691784,1.93941154102452));
#2729=CARTESIAN_POINT('',(22.915478965012,15.7738096513879,1.93847360022314));
#2730=CARTESIAN_POINT('',(22.9177494369947,15.7738110632236,1.9374333931043));
#2731=CARTESIAN_POINT('',(22.9197313722693,15.7738098668253,1.93656450140808));
#2732=CARTESIAN_POINT('',(22.921949600706,15.7738104751851,1.93563176885351));
#2733=CARTESIAN_POINT('',(22.9252726800193,15.7738097418642,1.93430224589067));
#2734=CARTESIAN_POINT('',(22.9274076384503,15.7738095609213,1.93348781839978));
#2735=CARTESIAN_POINT('',(22.9295973651328,15.7738096544297,1.93268209611488));
#2736=CARTESIAN_POINT('',(22.9318083498275,15.7738098101412,1.93189607659686));
#2737=CARTESIAN_POINT('',(22.9340272826828,15.7738099543351,1.93113276210056));
#2738=CARTESIAN_POINT('',(22.9362346569864,15.7738099883122,1.93039723772411));
#2739=CARTESIAN_POINT('',(22.9402574091028,15.7738101622089,1.9291119609726));
#2740=CARTESIAN_POINT('',(22.9439238358519,15.7738101818546,1.92799644554128));
#2741=CARTESIAN_POINT('',(22.948432054709,15.7738103865425,1.92669107688996));
#2742=CARTESIAN_POINT('',(22.9528549910413,15.7738101409217,1.92547375310152));
#2743=CARTESIAN_POINT('',(22.9617090292153,15.7738096455787,1.92319824070528));
#2744=CARTESIAN_POINT('',(22.9707753269245,15.7738097714844,1.92105938008819));
#2745=CARTESIAN_POINT('',(22.9799489012673,15.7738100329351,1.91905932426009));
#2746=CARTESIAN_POINT('',(22.9889166834633,15.7738097144358,1.91723927625992));
#2747=CARTESIAN_POINT('',(22.9979593856746,15.7738095767744,1.91552110667377));
#2748=CARTESIAN_POINT('',(23.0147805165219,15.7738099526925,1.91258769659849));
#2749=CARTESIAN_POINT('',(23.033088753505,15.7738097987259,1.90971940711825));
#2750=CARTESIAN_POINT('',(23.0510742877299,15.7738095374405,1.90716912157314));
#2751=CARTESIAN_POINT('',(23.0686368217642,15.77380952577,1.90489913122404));
#2752=CARTESIAN_POINT('',(23.0977218010568,15.7738095314757,1.90154235185865));
#2753=CARTESIAN_POINT('',(23.1184681491936,15.7738095126075,1.89941605337946));
#2754=CARTESIAN_POINT('',(23.136961103861,15.773809498245,1.89769016425955));
#2755=CARTESIAN_POINT('',(23.17317508619,15.7738094701744,1.89473829401612));
#2756=CARTESIAN_POINT('',(23.2143200531822,15.7738094275,1.89203091451191));
#2757=CARTESIAN_POINT('',(23.251099320308,15.7738094992176,1.8901702847086));
#2758=CARTESIAN_POINT('',(23.2865962938585,15.7738094945866,1.8888293319446));
#2759=CARTESIAN_POINT('',(23.3236495908517,15.7738095034001,1.8878572095338));
#2760=CARTESIAN_POINT('',(23.3859429447477,15.7738094839844,1.88708784365366));
#2761=CARTESIAN_POINT('',(23.511478997237,15.7738095227154,1.88826002198616));
#2762=CARTESIAN_POINT('',(23.5863271985756,15.7738095228898,1.89037673867292));
#2763=CARTESIAN_POINT('',(23.6598187900151,15.7738095251022,1.89330219996182));
#2764=CARTESIAN_POINT('',(23.7622966622784,15.7738095279957,1.89857466308392));
#2765=CARTESIAN_POINT('',(23.8975111490102,15.7738095275522,1.9073051240045));
#2766=CARTESIAN_POINT('',(24.0457621633882,15.7738095220311,1.91878403087081));
#2767=CARTESIAN_POINT('',(24.2714314083893,15.7738095051471,1.93945342004265));
#2768=CARTESIAN_POINT('',(24.5270832970825,15.7738095238873,1.9672131147541));
#2769=EDGE_CURVE('Edge_101',#2646,#2648,#2649,.T.);
#2770=CARTESIAN_POINT('',(24.6419276354764,16.3095238096087,1.9672131147541));
#2771=VERTEX_POINT('',#2770);
#2772=CARTESIAN_POINT('',(23.1719276354764,16.3095238096087,1.9672131147541));
#2773=VERTEX_POINT('',#2772);
#2774=B_SPLINE_CURVE_WITH_KNOTS('Curve_102',1,(#2775, #2776, #2777, #2778, #2779, #2780, #2781, #2782, #2783, #2784, #2785, #2786, #2787, #2788, #2789, #2790, #2791, #2792, #2793, #2794, #2795, #2796, #2797, #2798, #2799, #2800, #2801, #2802, #2803, #2804, #2805, #2806, #2807, #2808, #2809, #2810, #2811, #2812, #2813, #2814, #2815, #2816, #2817, #2818, #2819, #2820, #2821, #2822, #2823, #2824, #2825, #2826, #2827, #2828, #2829, #2830, #2831, #2832, #2833, #2834, #2835, #2836, #2837, #2838, #2839, #2840, #2841, #2842, #2843, #2844, #2845, #2846, #2847, #2848, #2849, #2850, #2851, #2852, #2853, #2854, #2855, #2856, #2857, #2858, #2859, #2860, #2861, #2862, #2863, #2864, #2865, #2866, #2867, #2868, #2869, #2870, #2871, #2872, #2873, #2874, #2875, #2876, #2877, #2878, #2879, #2880, #2881, #2882, #2883, #2884, #2885, #2886, #2887, #2888, #2889),.POLYLINE_FORM.,.F.,.F.,(2,1,1,1,1,1,1,1,1,1,1,1,1,1,1,1,1,1,1,1,1,1,1,1,1,1,1,1,1,1,1,1,1,1,1,1,1,1,1,1,1,1,1,1,1,1,1,1,1,1,1,1,1,1,1,1,1,1,1,1,1,1,1,1,1,1,1,1,1,1,1,1,1,1,1,1,1,1,1,1,1,1,1,1,1,1,1,1,1,1,1,1,1,1,1,1,1,1,1,1,1,1,1,1,1,1,1,1,1,1,1,1,1,1,2),(0.,1.,2.,3.,4.,5.,6.,7.,8.,9.,10.,11.,12.,13.,14.,15.,16.,17.,18.,19.,20.,21.,22.,23.,24.,25.,26.,27.,28.,29.,30.,31.,32.,33.,34.,35.,36.,37.,38.,39.,40.,41.,42.,43.,44.,45.,46.,47.,48.,49.,50.,51.,52.,53.,54.,55.,56.,57.,58.,59.,60.,61.,62.,63.,64.,65.,66.,67.,68.,69.,70.,71.,72.,73.,74.,75.,76.,77.,78.,79.,80.,81.,82.,83.,84.,85.,86.,87.,88.,89.,90.,91.,92.,93.,94.,95.,96.,97.,98.,99.,100.,101.,102.,103.,104.,105.,106.,107.,108.,109.,110.,111.,112.,113.,114.),.UNIFORM_KNOTS.);
#2775=CARTESIAN_POINT('',(24.6419276354764,16.3095238096087,1.9672131147541));
#2776=CARTESIAN_POINT('',(24.3962198905854,16.3095237294269,1.94075460910459));
#2777=CARTESIAN_POINT('',(24.2052108433652,16.3095238106486,1.92338674059126));
#2778=CARTESIAN_POINT('',(24.0730133060773,16.3095238142896,1.91313765935682));
#2779=CARTESIAN_POINT('',(23.9455671571653,16.3095238126123,1.90490665607624));
#2780=CARTESIAN_POINT('',(23.857529352733,16.3095238143041,1.90037430115034));
#2781=CARTESIAN_POINT('',(23.793960487023,16.3095238093183,1.89780540117093));
#2782=CARTESIAN_POINT('',(23.7265170475692,16.3095238066455,1.89583555781729));
#2783=CARTESIAN_POINT('',(23.6167951728159,16.3095237896472,1.8946467167184));
#2784=CARTESIAN_POINT('',(23.5618380860024,16.3095237978286,1.89519556082152));
#2785=CARTESIAN_POINT('',(23.5291693811224,16.3095237666817,1.89595809987173));
#2786=CARTESIAN_POINT('',(23.4952196664551,16.309523805576,1.89714372293434));
#2787=CARTESIAN_POINT('',(23.4626971876215,16.3095237474271,1.89869890359077));
#2788=CARTESIAN_POINT('',(23.4266678974366,16.3095237915387,1.90095890743691));
#2789=CARTESIAN_POINT('',(23.3933892698695,16.3095238096087,1.90359343974083));
#2790=CARTESIAN_POINT('',(23.3772361766454,16.3095237903819,1.90508195026022));
#2791=CARTESIAN_POINT('',(23.3582987119545,16.3095238164032,1.90702034793062));
#2792=CARTESIAN_POINT('',(23.3332626532363,16.3095238342241,1.90994280588103));
#2793=CARTESIAN_POINT('',(23.3170590493182,16.3095239528397,1.91208590024531));
#2794=CARTESIAN_POINT('',(23.3005450435998,16.3095240129447,1.91451078411706));
#2795=CARTESIAN_POINT('',(23.2836113424216,16.3095238390657,1.91729159637734));
#2796=CARTESIAN_POINT('',(23.2699535400816,16.3095239606109,1.91979781004695));
#2797=CARTESIAN_POINT('',(23.2619723650943,16.3095241070065,1.92139104890241));
#2798=CARTESIAN_POINT('',(23.2535834425966,16.3095239224371,1.92318585576629));
#2799=CARTESIAN_POINT('',(23.2463894768716,16.3095241260954,1.92483635111396));
#2800=CARTESIAN_POINT('',(23.2422209147616,16.3095240061141,1.92584613695879));
#2801=CARTESIAN_POINT('',(23.2380630463279,16.3095238605054,1.92689784013282));
#2802=CARTESIAN_POINT('',(23.2341010424259,16.3095239253978,1.92794407219824));
#2803=CARTESIAN_POINT('',(23.230235473106,16.3095241174635,1.92900955662786));
#2804=CARTESIAN_POINT('',(23.2263828066858,16.3095243431874,1.93012058080564));
#2805=CARTESIAN_POINT('',(23.222461042856,16.3095244685545,1.93130814396794));
#2806=CARTESIAN_POINT('',(23.2183760632233,16.3095242876369,1.9326130588674));
#2807=CARTESIAN_POINT('',(23.2150391757039,16.3095239316907,1.9337357169303));
#2808=CARTESIAN_POINT('',(23.2130155442361,16.3095238159513,1.93444456189341));
#2809=CARTESIAN_POINT('',(23.2111232951919,16.3095239263346,1.93512832792405));
#2810=CARTESIAN_POINT('',(23.2092447730774,16.3095240577947,1.9358282634559));
#2811=CARTESIAN_POINT('',(23.2073738333893,16.3095242003767,1.9365482023287));
#2812=CARTESIAN_POINT('',(23.2054366431987,16.3095241959516,1.93732010193048));
#2813=CARTESIAN_POINT('',(23.2020545328979,16.3095243927714,1.93873813550911));
#2814=CARTESIAN_POINT('',(23.2001939283854,16.3095245090026,1.93956018212074));
#2815=CARTESIAN_POINT('',(23.1981468263071,16.3095240929393,1.94050416745547));
#2816=CARTESIAN_POINT('',(23.1965655147745,16.3095249513278,1.94126526059342));
#2817=CARTESIAN_POINT('',(23.1943561171955,16.3095238902823,1.9423794726087));
#2818=CARTESIAN_POINT('',(23.193555673571,16.3095242725937,1.94279952441265));
#2819=CARTESIAN_POINT('',(23.1925533029035,16.3095240233761,1.94333875165665));
#2820=CARTESIAN_POINT('',(23.1916729041479,16.3095241106477,1.94382557005195));
#2821=CARTESIAN_POINT('',(23.1908044282747,16.3095242167162,1.94431863219796));
#2822=CARTESIAN_POINT('',(23.1898153688587,16.3095239342983,1.94489658496448));
#2823=CARTESIAN_POINT('',(23.1890789572573,16.3095244284031,1.94533930774889));
#2824=CARTESIAN_POINT('',(23.1880269436628,16.30952387667,1.94599095039741));
#2825=CARTESIAN_POINT('',(23.1872816063163,16.3095243236791,1.94646814339344));
#2826=CARTESIAN_POINT('',(23.186347296587,16.3095240883326,1.94708564123385));
#2827=CARTESIAN_POINT('',(23.1855022774022,16.3095241408462,1.94766469569404));
#2828=CARTESIAN_POINT('',(23.1847029081636,16.309524329988,1.94823210451088));
#2829=CARTESIAN_POINT('',(23.1839916163384,16.3095243377854,1.94875428365993));
#2830=CARTESIAN_POINT('',(23.183203439098,16.3095238158437,1.94935330521175));
#2831=CARTESIAN_POINT('',(23.182545994528,16.3095245135315,1.94987174807447));
#2832=CARTESIAN_POINT('',(23.1820386884606,16.3095240496643,1.95028387158371));
#2833=CARTESIAN_POINT('',(23.1816409768582,16.3095240529527,1.95061534190975));
#2834=CARTESIAN_POINT('',(23.1813487548616,16.3095245574692,1.95086401204673));
#2835=CARTESIAN_POINT('',(23.1809039223842,16.3095243116537,1.95125051720721));
#2836=CARTESIAN_POINT('',(23.1804208253547,16.309523820068,1.95168244247828));
#2837=CARTESIAN_POINT('',(23.1801381338036,16.3095243489857,1.95194191756316));
#2838=CARTESIAN_POINT('',(23.1798031046059,16.3095246120114,1.95225569368506));
#2839=CARTESIAN_POINT('',(23.1793321052384,16.3095240741599,1.95270901630946));
#2840=CARTESIAN_POINT('',(23.1789711668806,16.3095241169549,1.95306750448113));
#2841=CARTESIAN_POINT('',(23.1787023318464,16.3095247278922,1.95334145815028));
#2842=CARTESIAN_POINT('',(23.1782887095818,16.3095244004694,1.9537742067302));
#2843=CARTESIAN_POINT('',(23.177855691213,16.3095238436151,1.95424402335991));
#2844=CARTESIAN_POINT('',(23.1776662895071,16.3095248789899,1.95445619186745));
#2845=CARTESIAN_POINT('',(23.177391636115,16.309523982253,1.95476931793914));
#2846=CARTESIAN_POINT('',(23.1771831170623,16.3095247113129,1.955013694678));
#2847=CARTESIAN_POINT('',(23.1768395351725,16.3095246534747,1.95542732694871));
#2848=CARTESIAN_POINT('',(23.1764321835866,16.3095239385129,1.95593806525903));
#2849=CARTESIAN_POINT('',(23.1761711679968,16.309524438661,1.95627910861924));
#2850=CARTESIAN_POINT('',(23.1759285111805,16.3095251391295,1.95660650764498));
#2851=CARTESIAN_POINT('',(23.1755492632562,16.3095243661077,1.95713884742056));
#2852=CARTESIAN_POINT('',(23.1752353366495,16.3095241052488,1.957602729744));
#2853=CARTESIAN_POINT('',(23.1750267353794,16.3095250282642,1.95792492215436));
#2854=CARTESIAN_POINT('',(23.1747999826418,16.3095239050085,1.95828660990549));
#2855=CARTESIAN_POINT('',(23.1747377955844,16.3095249029135,1.95838954772264));
#2856=CARTESIAN_POINT('',(23.1746025809131,16.3095248734532,1.95861563301378));
#2857=CARTESIAN_POINT('',(23.1744068514706,16.3095239490868,1.95895296308699));
#2858=CARTESIAN_POINT('',(23.1742032853416,16.3095246952945,1.95932055624739));
#2859=CARTESIAN_POINT('',(23.1740086414914,16.3095255796843,1.95968865437597));
#2860=CARTESIAN_POINT('',(23.1738305932442,16.309524490121,1.96003940380545));
#2861=CARTESIAN_POINT('',(23.1737171107543,16.3095245319131,1.9602727153341));
#2862=CARTESIAN_POINT('',(23.1736645090251,16.309525702681,1.96038476219387));
#2863=CARTESIAN_POINT('',(23.1734862494615,16.3095242541037,1.96077188644799));
#2864=CARTESIAN_POINT('',(23.1734082892466,16.3095248815958,1.96094990045821));
#2865=CARTESIAN_POINT('',(23.1733342404767,16.3095255298725,1.96112362033937));
#2866=CARTESIAN_POINT('',(23.1731719989094,16.3095239833299,1.96151771357468));
#2867=CARTESIAN_POINT('',(23.1731397125706,16.3095244026119,1.96160022586875));
#2868=CARTESIAN_POINT('',(23.1730231602795,16.3095238663577,1.9619050405323));
#2869=CARTESIAN_POINT('',(23.1729528800917,16.3095243089995,1.96209802293533));
#2870=CARTESIAN_POINT('',(23.1728823089534,16.3095247204307,1.9622986745778));
#2871=CARTESIAN_POINT('',(23.1727779554978,16.3095241568816,1.96260782700247));
#2872=CARTESIAN_POINT('',(23.1726958158737,16.3095240559302,1.96286543574379));
#2873=CARTESIAN_POINT('',(23.1726402627452,16.3095246769913,1.96304880319614));
#2874=CARTESIAN_POINT('',(23.1725614261414,16.3095244855318,1.96331982639452));
#2875=CARTESIAN_POINT('',(23.172475440122,16.3095238540429,1.96363448047311));
#2876=CARTESIAN_POINT('',(23.1724258777532,16.3095244183575,1.96382899908586));
#2877=CARTESIAN_POINT('',(23.1723746627311,16.3095248548948,1.96404008763943));
#2878=CARTESIAN_POINT('',(23.1723020385248,16.3095241930933,1.9643580591671));
#2879=CARTESIAN_POINT('',(23.1722475512892,16.3095241220776,1.96461816659188));
#2880=CARTESIAN_POINT('',(23.1722111560777,16.309524847547,1.96480630996974));
#2881=CARTESIAN_POINT('',(23.1721599004127,16.3095245706989,1.96508850823733));
#2882=CARTESIAN_POINT('',(23.1721071136064,16.3095238352996,1.9654103497994));
#2883=CARTESIAN_POINT('',(23.1720788951047,16.3095245392303,1.96560448289425));
#2884=CARTESIAN_POINT('',(23.172049480463,16.3095249841773,1.9658242626035));
#2885=CARTESIAN_POINT('',(23.1720106416741,16.3095242196416,1.96614789664761));
#2886=CARTESIAN_POINT('',(23.1719842830902,16.3095241926657,1.9664074950107));
#2887=CARTESIAN_POINT('',(23.1719679085152,16.3095250137302,1.96659812521274));
#2888=CARTESIAN_POINT('',(23.1719462407037,16.3095246406411,1.96688818470912));
#2889=CARTESIAN_POINT('',(23.1719276354764,16.3095238096087,1.9672131147541));
#2890=EDGE_CURVE('Edge_102',#2771,#2773,#2774,.T.);
#2891=CARTESIAN_POINT('',(21.892975716136,1.14880952381159,1.9672131147541));
#2892=VERTEX_POINT('',#2891);
#2893=CARTESIAN_POINT('',(15.1108328589932,1.14880952381159,1.9672131147541));
#2894=VERTEX_POINT('',#2893);
#2895=B_SPLINE_CURVE_WITH_KNOTS('Curve_103',1,(#2896, #2897, #2898, #2899, #2900, #2901, #2902, #2903, #2904, #2905, #2906, #2907, #2908, #2909, #2910, #2911, #2912, #2913, #2914, #2915, #2916, #2917, #2918, #2919, #2920, #2921, #2922, #2923, #2924, #2925, #2926, #2927, #2928, #2929, #2930, #2931, #2932, #2933, #2934, #2935, #2936, #2937, #2938, #2939, #2940, #2941, #2942, #2943, #2944, #2945, #2946, #2947, #2948, #2949, #2950, #2951, #2952, #2953, #2954, #2955, #2956, #2957, #2958, #2959, #2960, #2961, #2962, #2963, #2964, #2965, #2966, #2967, #2968, #2969, #2970, #2971, #2972, #2973, #2974, #2975, #2976, #2977, #2978, #2979, #2980, #2981, #2982, #2983, #2984, #2985, #2986, #2987, #2988, #2989, #2990, #2991, #2992, #2993, #2994, #2995, #2996, #2997, #2998, #2999, #3000, #3001, #3002, #3003, #3004, #3005, #3006, #3007, #3008, #3009, #3010, #3011, #3012, #3013, #3014, #3015, #3016, #3017, #3018, #3019, #3020, #3021, #3022, #3023, #3024, #3025, #3026, #3027, #3028, #3029, #3030),.POLYLINE_FORM.,.F.,.F.,(2,1,1,1,1,1,1,1,1,1,1,1,1,1,1,1,1,1,1,1,1,1,1,1,1,1,1,1,1,1,1,1,1,1,1,1,1,1,1,1,1,1,1,1,1,1,1,1,1,1,1,1,1,1,1,1,1,1,1,1,1,1,1,1,1,1,1,1,1,1,1,1,1,1,1,1,1,1,1,1,1,1,1,1,1,1,1,1,1,1,1,1,1,1,1,1,1,1,1,1,1,1,1,1,1,1,1,1,1,1,1,1,1,1,1,1,1,1,1,1,1,1,1,1,1,1,1,1,1,1,1,1,1,1,2),(0.,1.,2.,3.,4.,5.,6.,7.,8.,9.,10.,11.,12.,13.,14.,15.,16.,17.,18.,19.,20.,21.,22.,23.,24.,25.,26.,27.,28.,29.,30.,31.,32.,33.,34.,35.,36.,37.,38.,39.,40.,41.,42.,43.,44.,45.,46.,47.,48.,49.,50.,51.,52.,53.,54.,55.,56.,57.,58.,59.,60.,61.,62.,63.,64.,65.,66.,67.,68.,69.,70.,71.,72.,73.,74.,75.,76.,77.,78.,79.,80.,81.,82.,83.,84.,85.,86.,87.,88.,89.,90.,91.,92.,93.,94.,95.,96.,97.,98.,99.,100.,101.,102.,103.,104.,105.,106.,107.,108.,109.,110.,111.,112.,113.,114.,115.,116.,117.,118.,119.,120.,121.,122.,123.,124.,125.,126.,127.,128.,129.,130.,131.,132.,133.,134.),.UNIFORM_KNOTS.);
#2896=CARTESIAN_POINT('',(21.892975716136,1.14880952381159,1.9672131147541));
#2897=CARTESIAN_POINT('',(20.9037009141023,1.14880919296048,2.11125402861444));
#2898=CARTESIAN_POINT('',(19.9957402147495,1.1488094690259,2.2270477555332));
#2899=CARTESIAN_POINT('',(19.4090844972389,1.14880951642824,2.29306404907235));
#2900=CARTESIAN_POINT('',(18.842454322826,1.14880947232339,2.34910087976789));
#2901=CARTESIAN_POINT('',(18.330845892189,1.14880951990649,2.39174535259212));
#2902=CARTESIAN_POINT('',(18.0250688809122,1.14880952385532,2.41287145728356));
#2903=CARTESIAN_POINT('',(17.740489146669,1.14880953620445,2.42906006996873));
#2904=CARTESIAN_POINT('',(17.2815396672123,1.14880964115136,2.44676323344867));
#2905=CARTESIAN_POINT('',(16.9034554493276,1.14880954965719,2.45175974553994));
#2906=CARTESIAN_POINT('',(16.7419237128801,1.14880952914216,2.45065437454152));
#2907=CARTESIAN_POINT('',(16.5848296416714,1.14880955401491,2.44741928295619));
#2908=CARTESIAN_POINT('',(16.431675356527,1.14880954318063,2.44191433000098));
#2909=CARTESIAN_POINT('',(16.3183491021947,1.14880955070924,2.43594535523257));
#2910=CARTESIAN_POINT('',(16.2380104338034,1.14880954195457,2.43046660710139));
#2911=CARTESIAN_POINT('',(16.1587428762867,1.14880954197374,2.42383004877838));
#2912=CARTESIAN_POINT('',(16.0810652273934,1.14880959284166,2.41597966350275));
#2913=CARTESIAN_POINT('',(16.0409431341969,1.14880958128011,2.41136258875336));
#2914=CARTESIAN_POINT('',(16.0049838394699,1.14880958437932,2.40684554198124));
#2915=CARTESIAN_POINT('',(15.9661792866958,1.1488096226812,2.40157322909736));
#2916=CARTESIAN_POINT('',(15.9253325490365,1.14880980281634,2.39554009097774));
#2917=CARTESIAN_POINT('',(15.8854604855913,1.14880975558938,2.38913208206159));
#2918=CARTESIAN_POINT('',(15.8456728871373,1.14880968791611,2.38221034286541));
#2919=CARTESIAN_POINT('',(15.8128287794097,1.14880954097619,2.37606937885896));
#2920=CARTESIAN_POINT('',(15.7932556006568,1.14880953405109,2.37221795996215));
#2921=CARTESIAN_POINT('',(15.7550341967174,1.14880959933696,2.36426384032114));
#2922=CARTESIAN_POINT('',(15.7169391214844,1.14880968142565,2.35572969954621));
#2923=CARTESIAN_POINT('',(15.6828945452767,1.1488103848338,2.34755419018903));
#2924=CARTESIAN_POINT('',(15.6443801718539,1.14881047395211,2.33763735174596));
#2925=CARTESIAN_POINT('',(15.6054646340689,1.14881038627354,2.32684687341659));
#2926=CARTESIAN_POINT('',(15.5680095389638,1.14880970949674,2.31567437550264));
#2927=CARTESIAN_POINT('',(15.5356068662071,1.14881043066541,2.305326719277));
#2928=CARTESIAN_POINT('',(15.5011448936706,1.14880984705495,2.29356081583477));
#2929=CARTESIAN_POINT('',(15.4843117405673,1.14880954480279,2.28750956536162));
#2930=CARTESIAN_POINT('',(15.4658493459671,1.14880958275766,2.28062907542595));
#2931=CARTESIAN_POINT('',(15.4476470855977,1.14880967486625,2.27358113397657));
#2932=CARTESIAN_POINT('',(15.4295395183519,1.14880978070378,2.26629341264481));
#2933=CARTESIAN_POINT('',(15.4115337514173,1.1488099013086,2.2587566777439));
#2934=CARTESIAN_POINT('',(15.393637541659,1.14881005554406,2.25096100791645));
#2935=CARTESIAN_POINT('',(15.3758640192531,1.14881022915645,2.24289083829623));
#2936=CARTESIAN_POINT('',(15.3576750010166,1.14881018393298,2.23426456036246));
#2937=CARTESIAN_POINT('',(15.3395880372305,1.14881009218653,2.22528899789691));
#2938=CARTESIAN_POINT('',(15.3216717944292,1.14880999052959,2.21597556023206));
#2939=CARTESIAN_POINT('',(15.3039447708663,1.14880987481364,2.20630476123264));
#2940=CARTESIAN_POINT('',(15.2905351950201,1.14881049031124,2.19865310535922));
#2941=CARTESIAN_POINT('',(15.2806849587034,1.14880960990409,2.19282852856667));
#2942=CARTESIAN_POINT('',(15.2737307298896,1.14881076913303,2.18860484876716));
#2943=CARTESIAN_POINT('',(15.2638412926767,1.14880965650663,2.18243204007482));
#2944=CARTESIAN_POINT('',(15.2571528453734,1.14880981414765,2.17813978225389));
#2945=CARTESIAN_POINT('',(15.248721590213,1.148809771397,2.17258341978606));
#2946=CARTESIAN_POINT('',(15.241948200693,1.14880983720525,2.16799156210431));
#2947=CARTESIAN_POINT('',(15.2348880506385,1.14880965376316,2.16307412098811));
#2948=CARTESIAN_POINT('',(15.2266896945013,1.14880958257676,2.15718203752462));
#2949=CARTESIAN_POINT('',(15.2186651246979,1.14880954689257,2.15120908242265));
#2950=CARTESIAN_POINT('',(15.2087255743279,1.14880998025657,2.14350059103607));
#2951=CARTESIAN_POINT('',(15.2017287513643,1.1488111835022,2.1378485072753));
#2952=CARTESIAN_POINT('',(15.193670317277,1.14881051767467,2.13107721481275));
#2953=CARTESIAN_POINT('',(15.1907234133813,1.1488120504883,2.12852271010537));
#2954=CARTESIAN_POINT('',(15.1864051368188,1.14881102778504,2.12469930158616));
#2955=CARTESIAN_POINT('',(15.1820028092331,1.14880957993,2.12069479073465));
#2956=CARTESIAN_POINT('',(15.1791495977531,1.14881123650802,2.11803641705946));
#2957=CARTESIAN_POINT('',(15.1718884562317,1.1488098316107,2.11103479438693));
#2958=CARTESIAN_POINT('',(15.168646776398,1.14881018849804,2.10778616263646));
#2959=CARTESIAN_POINT('',(15.1648118160423,1.14880969733299,2.10383289854109));
#2960=CARTESIAN_POINT('',(15.1618951730888,1.14881042703355,2.10073887303481));
#2961=CARTESIAN_POINT('',(15.1579513055225,1.14880953209219,2.09642612161155));
#2962=CARTESIAN_POINT('',(15.1552531752338,1.14881053065704,2.09338120622878));
#2963=CARTESIAN_POINT('',(15.1515361996493,1.1488097150062,2.08905075338498));
#2964=CARTESIAN_POINT('',(15.1487359960866,1.14881046769647,2.08566964352604));
#2965=CARTESIAN_POINT('',(15.1453846340758,1.14880996264521,2.08147418510591));
#2966=CARTESIAN_POINT('',(15.1425065327434,1.14881033558727,2.07772513854467));
#2967=CARTESIAN_POINT('',(15.1407077101395,1.14880957493422,2.07530697818429));
#2968=CARTESIAN_POINT('',(15.1395198196189,1.14881026224957,2.07367466983991));
#2969=CARTESIAN_POINT('',(15.1383278549379,1.14881095220879,2.07200743256496));
#2970=CARTESIAN_POINT('',(15.136600448369,1.14881016999821,2.06953724163478));
#2971=CARTESIAN_POINT('',(15.1350548725612,1.14880974127824,2.06726671250167));
#2972=CARTESIAN_POINT('',(15.1339749342911,1.14881065726831,2.06564250654517));
#2973=CARTESIAN_POINT('',(15.1326730917488,1.14881088130099,2.06364187154633));
#2974=CARTESIAN_POINT('',(15.1310611174678,1.14880995193793,2.06109433700824));
#2975=CARTESIAN_POINT('',(15.1287987036902,1.14881114910953,2.05736772666268));
#2976=CARTESIAN_POINT('',(15.1271259042154,1.14881168113297,2.05448532346221));
#2977=CARTESIAN_POINT('',(15.1257912116392,1.14881060278762,2.05209848059541));
#2978=CARTESIAN_POINT('',(15.1243839024722,1.1488095724872,2.04948594526131));
#2979=CARTESIAN_POINT('',(15.1234841313695,1.14881074886822,2.04775649202999));
#2980=CARTESIAN_POINT('',(15.1225081314563,1.1488115111692,2.04582515173414));
#2981=CARTESIAN_POINT('',(15.1211889965593,1.14881033595146,2.04311517600208));
#2982=CARTESIAN_POINT('',(15.1200781096679,1.14880998006995,2.04072941390252));
#2983=CARTESIAN_POINT('',(15.1194044193106,1.14881219449094,2.03922780023173));
#2984=CARTESIAN_POINT('',(15.1186212886455,1.14881045530502,2.03743241445133));
#2985=CARTESIAN_POINT('',(15.1180294812219,1.14881162817551,2.03602942434595));
#2986=CARTESIAN_POINT('',(15.1170251521866,1.14881121045154,2.03355572513792));
#2987=CARTESIAN_POINT('',(15.115945362938,1.14880977353507,2.03074176536721));
#2988=CARTESIAN_POINT('',(15.1152207361393,1.14881078328655,2.02874328067339));
#2989=CARTESIAN_POINT('',(15.1145835153845,1.14881240803164,2.02690071800131));
#2990=CARTESIAN_POINT('',(15.1136513904921,1.1488109125921,2.02404304889906));
#2991=CARTESIAN_POINT('',(15.112827375759,1.14880977096744,2.02131164698852));
#2992=CARTESIAN_POINT('',(15.1123005140074,1.14881149370758,2.01943399380037));
#2993=CARTESIAN_POINT('',(15.111850588746,1.14880985949347,2.01774038615719));
#2994=CARTESIAN_POINT('',(15.1117213339786,1.14881222193388,2.01722917481049));
#2995=CARTESIAN_POINT('',(15.1113322974572,1.14881094887618,2.01565019064491));
#2996=CARTESIAN_POINT('',(15.1110171341258,1.14881048839,2.01429761811136));
#2997=CARTESIAN_POINT('',(15.1104863066717,1.14881037107641,2.01183703001356));
#2998=CARTESIAN_POINT('',(15.110112176687,1.14881226018143,2.00992292691331));
#2999=CARTESIAN_POINT('',(15.1097671619419,1.1488097585492,2.00799847727643));
#3000=CARTESIAN_POINT('',(15.1096594448906,1.14881185637033,2.0073462266126));
#3001=CARTESIAN_POINT('',(15.1094581435367,1.14881168384379,2.00607320698934));
#3002=CARTESIAN_POINT('',(15.1092107459386,1.14880994977829,2.00436600040694));
#3003=CARTESIAN_POINT('',(15.1089378808694,1.1488110714906,2.00220403594446));
#3004=CARTESIAN_POINT('',(15.1087308611877,1.14881314510672,2.00026574369641));
#3005=CARTESIAN_POINT('',(15.1085560079768,1.14881042183437,1.99831938101795));
#3006=CARTESIAN_POINT('',(15.1084817831954,1.14881139996646,1.99732454238833));
#3007=CARTESIAN_POINT('',(15.1084198588601,1.148812533164,1.99637484331147));
#3008=CARTESIAN_POINT('',(15.1083171433365,1.14880973394094,1.99442321038071));
#3009=CARTESIAN_POINT('',(15.1082782168434,1.14881010325818,1.99337570645627));
#3010=CARTESIAN_POINT('',(15.1082484146702,1.14881036051454,1.99226337899459));
#3011=CARTESIAN_POINT('',(15.1082266725473,1.14880983322673,1.99075646205244));
#3012=CARTESIAN_POINT('',(15.1082257291008,1.14880974536811,1.9894712969369));
#3013=CARTESIAN_POINT('',(15.1082360573907,1.14881027978758,1.98849622152507));
#3014=CARTESIAN_POINT('',(15.1082633278947,1.14881020240964,1.98721510965668));
#3015=CARTESIAN_POINT('',(15.1083157538382,1.14880966717157,1.98570873835195));
#3016=CARTESIAN_POINT('',(15.1083693433317,1.14880991902018,1.98459323346107));
#3017=CARTESIAN_POINT('',(15.1084263628167,1.14881046230745,1.98361978432553));
#3018=CARTESIAN_POINT('',(15.1085278752607,1.1488100405081,1.98217357782147));
#3019=CARTESIAN_POINT('',(15.1086530292956,1.14880955121216,1.98069855983648));
#3020=CARTESIAN_POINT('',(15.1087481004077,1.14881011613227,1.97972732258499));
#3021=CARTESIAN_POINT('',(15.1088654327821,1.14881042696457,1.9786454639809));
#3022=CARTESIAN_POINT('',(15.1090476818823,1.14880986781273,1.97714476401552));
#3023=CARTESIAN_POINT('',(15.1092250574824,1.14880972317588,1.97583988860765));
#3024=CARTESIAN_POINT('',(15.1093681822486,1.14881025497026,1.97487172718811));
#3025=CARTESIAN_POINT('',(15.1095654670184,1.14881021844602,1.97362870313795));
#3026=CARTESIAN_POINT('',(15.1098220113722,1.14880968889259,1.97214014118905));
#3027=CARTESIAN_POINT('',(15.1100310217182,1.14880988023647,1.97101549690415));
#3028=CARTESIAN_POINT('',(15.1102187858558,1.14881039340332,1.97006045772151));
#3029=CARTESIAN_POINT('',(15.1105076118092,1.14881003656371,1.96867290394258));
#3030=CARTESIAN_POINT('',(15.1108328589932,1.14880952381159,1.9672131147541));
#3031=EDGE_CURVE('Edge_103',#2892,#2894,#2895,.T.);
#3032=CARTESIAN_POINT('',(22.0835704798911,2.29761904762317,1.9672131147541));
#3033=VERTEX_POINT('',#3032);
#3034=CARTESIAN_POINT('',(15.7216657179863,2.29761904762317,1.9672131147541));
#3035=VERTEX_POINT('',#3034);
#3036=B_SPLINE_CURVE_WITH_KNOTS('Curve_104',1,(#3037, #3038, #3039, #3040, #3041, #3042, #3043, #3044, #3045, #3046, #3047, #3048, #3049, #3050, #3051, #3052, #3053, #3054, #3055, #3056, #3057, #3058, #3059, #3060, #3061, #3062, #3063, #3064, #3065, #3066, #3067, #3068, #3069, #3070, #3071, #3072, #3073, #3074, #3075, #3076, #3077, #3078, #3079, #3080, #3081, #3082, #3083, #3084, #3085, #3086, #3087, #3088, #3089, #3090, #3091, #3092, #3093, #3094, #3095, #3096, #3097, #3098, #3099, #3100, #3101, #3102, #3103, #3104, #3105, #3106, #3107, #3108, #3109, #3110, #3111, #3112, #3113, #3114, #3115, #3116, #3117, #3118, #3119, #3120, #3121, #3122, #3123, #3124, #3125, #3126, #3127, #3128, #3129, #3130, #3131, #3132, #3133, #3134, #3135, #3136, #3137, #3138, #3139, #3140, #3141, #3142, #3143, #3144, #3145, #3146, #3147, #3148, #3149, #3150, #3151, #3152, #3153, #3154, #3155, #3156, #3157, #3158, #3159, #3160, #3161, #3162, #3163, #3164, #3165, #3166, #3167, #3168, #3169, #3170, #3171, #3172, #3173, #3174, #3175, #3176, #3177, #3178, #3179, #3180, #3181),.POLYLINE_FORM.,.F.,.F.,(2,1,1,1,1,1,1,1,1,1,1,1,1,1,1,1,1,1,1,1,1,1,1,1,1,1,1,1,1,1,1,1,1,1,1,1,1,1,1,1,1,1,1,1,1,1,1,1,1,1,1,1,1,1,1,1,1,1,1,1,1,1,1,1,1,1,1,1,1,1,1,1,1,1,1,1,1,1,1,1,1,1,1,1,1,1,1,1,1,1,1,1,1,1,1,1,1,1,1,1,1,1,1,1,1,1,1,1,1,1,1,1,1,1,1,1,1,1,1,1,1,1,1,1,1,1,1,1,1,1,1,1,1,1,1,1,1,1,1,1,1,1,1,1,2),(0.,1.,2.,3.,4.,5.,6.,7.,8.,9.,10.,11.,12.,13.,14.,15.,16.,17.,18.,19.,20.,21.,22.,23.,24.,25.,26.,27.,28.,29.,30.,31.,32.,33.,34.,35.,36.,37.,38.,39.,40.,41.,42.,43.,44.,45.,46.,47.,48.,49.,50.,51.,52.,53.,54.,55.,56.,57.,58.,59.,60.,61.,62.,63.,64.,65.,66.,67.,68.,69.,70.,71.,72.,73.,74.,75.,76.,77.,78.,79.,80.,81.,82.,83.,84.,85.,86.,87.,88.,89.,90.,91.,92.,93.,94.,95.,96.,97.,98.,99.,100.,101.,102.,103.,104.,105.,106.,107.,108.,109.,110.,111.,112.,113.,114.,115.,116.,117.,118.,119.,120.,121.,122.,123.,124.,125.,126.,127.,128.,129.,130.,131.,132.,133.,134.,135.,136.,137.,138.,139.,140.,141.,142.,143.,144.),.UNIFORM_KNOTS.);
#3037=CARTESIAN_POINT('',(22.0835704798911,2.29761904762317,1.9672131147541));
#3038=CARTESIAN_POINT('',(21.1156069998825,2.29761864576803,2.10775566500875));
#3039=CARTESIAN_POINT('',(20.2974957652679,2.29761896623045,2.21170690961765));
#3040=CARTESIAN_POINT('',(19.735711899585,2.29761896503411,2.27476452114268));
#3041=CARTESIAN_POINT('',(19.1919869680871,2.29761904762317,2.32817047373262));
#3042=CARTESIAN_POINT('',(18.7306981222181,2.2976190448562,2.36629546397872));
#3043=CARTESIAN_POINT('',(18.4474606954041,2.29761904880327,2.38575190269521));
#3044=CARTESIAN_POINT('',(18.1502109047685,2.29761905354674,2.40233112097241));
#3045=CARTESIAN_POINT('',(17.7632984044363,2.29761904762317,2.41690874710711));
#3046=CARTESIAN_POINT('',(17.3981984215708,2.29761908034503,2.4217331926787));
#3047=CARTESIAN_POINT('',(17.2493465570829,2.29761907685731,2.42066722923484));
#3048=CARTESIAN_POINT('',(17.1005224565326,2.29761906600035,2.417557793083));
#3049=CARTESIAN_POINT('',(16.9527898401189,2.29761916836354,2.41214671544595));
#3050=CARTESIAN_POINT('',(16.8524267890497,2.29761907697698,2.40678223487574));
#3051=CARTESIAN_POINT('',(16.7781704988025,2.29761908065503,2.40169906641874));
#3052=CARTESIAN_POINT('',(16.7040012930504,2.29761906755431,2.39547787800671));
#3053=CARTESIAN_POINT('',(16.630462266,2.29761914230575,2.38802777919689));
#3054=CARTESIAN_POINT('',(16.5933635593613,2.29761912268666,2.38374790508359));
#3055=CARTESIAN_POINT('',(16.5563165157793,2.29761907738284,2.37906708784828));
#3056=CARTESIAN_POINT('',(16.5229901256926,2.29761917009102,2.37451458898238));
#3057=CARTESIAN_POINT('',(16.4847222789132,2.29761935427905,2.36884921464876));
#3058=CARTESIAN_POINT('',(16.4478548486377,2.29761926722094,2.36291525153133));
#3059=CARTESIAN_POINT('',(16.4110645681368,2.29761914781473,2.35651262828497));
#3060=CARTESIAN_POINT('',(16.380537627203,2.29761906076979,2.35080770840545));
#3061=CARTESIAN_POINT('',(16.3624044254038,2.29761910372348,2.34724321033842));
#3062=CARTESIAN_POINT('',(16.3262172520457,2.2976192067669,2.33971911221235));
#3063=CARTESIAN_POINT('',(16.2901506575844,2.29761933544546,2.33164102552292));
#3064=CARTESIAN_POINT('',(16.2574476766029,2.29762008972858,2.32378036637271));
#3065=CARTESIAN_POINT('',(16.2212898873414,2.29761994736265,2.31445418348391));
#3066=CARTESIAN_POINT('',(16.1853086796023,2.29761975363538,2.30446519229445));
#3067=CARTESIAN_POINT('',(16.1495265407856,2.29761951347588,2.29377693353304));
#3068=CARTESIAN_POINT('',(16.1208964837383,2.29762096439265,2.28463209055475));
#3069=CARTESIAN_POINT('',(16.0878975801415,2.29761954366513,2.27337641351576));
#3070=CARTESIAN_POINT('',(16.0703304993105,2.29761946944421,2.26705049350473));
#3071=CARTESIAN_POINT('',(16.0528425224461,2.29761937902377,2.26050789236711));
#3072=CARTESIAN_POINT('',(16.0354407246288,2.29761927096828,2.25373942749309));
#3073=CARTESIAN_POINT('',(16.0181321810416,2.29761914378835,2.24673591656142));
#3074=CARTESIAN_POINT('',(16.0009828353194,2.29761909807689,2.23951345126838));
#3075=CARTESIAN_POINT('',(15.9872112103045,2.29761972038176,2.23349662201385));
#3076=CARTESIAN_POINT('',(15.970208506694,2.29761960004647,2.22577840805114));
#3077=CARTESIAN_POINT('',(15.9533381139456,2.29761944971697,2.21777817327881));
#3078=CARTESIAN_POINT('',(15.9366113247647,2.29761926507704,2.2094831269382));
#3079=CARTESIAN_POINT('',(15.920039790318,2.29761904762317,2.20088048003191));
#3080=CARTESIAN_POINT('',(15.9122677876445,2.29762024493957,2.19670295004287));
#3081=CARTESIAN_POINT('',(15.9038080302173,2.29761930329143,2.19204623351199));
#3082=CARTESIAN_POINT('',(15.8959564484316,2.29762013879504,2.18761418355546));
#3083=CARTESIAN_POINT('',(15.887766929801,2.297619636596,2.18287059015366));
#3084=CARTESIAN_POINT('',(15.8798538718816,2.29761993945199,2.17816292299865));
#3085=CARTESIAN_POINT('',(15.8719600378967,2.29762004586465,2.17333870194895));
#3086=CARTESIAN_POINT('',(15.8668180293036,2.29762022309222,2.17012407914347));
#3087=CARTESIAN_POINT('',(15.8591006254518,2.297619169959,2.1651879206393));
#3088=CARTESIAN_POINT('',(15.8513022659453,2.29761908069957,2.16005338106648));
#3089=CARTESIAN_POINT('',(15.8436307368969,2.29761911721365,2.15484468816189));
#3090=CARTESIAN_POINT('',(15.8360646664412,2.29761923492543,2.14954064748406));
#3091=CARTESIAN_POINT('',(15.8285836405172,2.29761936946672,2.14411859193256));
#3092=CARTESIAN_POINT('',(15.8248385141069,2.29761932150095,2.14133298017839));
#3093=CARTESIAN_POINT('',(15.8211938885405,2.2976195217732,2.13857364199641));
#3094=CARTESIAN_POINT('',(15.8171898928263,2.29761967508973,2.13548471888447));
#3095=CARTESIAN_POINT('',(15.8101770198772,2.29762173497791,2.12992148170677));
#3096=CARTESIAN_POINT('',(15.8064605960077,2.2976209441961,2.12688934746362));
#3097=CARTESIAN_POINT('',(15.8026769524062,2.29761915688488,2.12373725438425));
#3098=CARTESIAN_POINT('',(15.799329352428,2.2976208504414,2.12088814924615));
#3099=CARTESIAN_POINT('',(15.7959866094743,2.29762253392122,2.11798453607544));
#3100=CARTESIAN_POINT('',(15.7923042106876,2.29762058962601,2.11471549035944));
#3101=CARTESIAN_POINT('',(15.7887797097563,2.29761966442431,2.11151055799424));
#3102=CARTESIAN_POINT('',(15.7855863765682,2.29762198856144,2.10853699603645));
#3103=CARTESIAN_POINT('',(15.782242081381,2.29762236556626,2.10534972662909));
#3104=CARTESIAN_POINT('',(15.7772945722219,2.29761946002486,2.1004857411962));
#3105=CARTESIAN_POINT('',(15.7751704015727,2.29761959021638,2.09833588440887));
#3106=CARTESIAN_POINT('',(15.7719503615198,2.29761966783632,2.09500053882122));
#3107=CARTESIAN_POINT('',(15.7688009448472,2.29761990106429,2.09164250960876));
#3108=CARTESIAN_POINT('',(15.7656163296893,2.29761945601254,2.08814268200794));
#3109=CARTESIAN_POINT('',(15.7626349133548,2.29762026326061,2.08476159603885));
#3110=CARTESIAN_POINT('',(15.7595004864376,2.29761920331922,2.08108880986391));
#3111=CARTESIAN_POINT('',(15.756695545655,2.29762077268905,2.07768334760972));
#3112=CARTESIAN_POINT('',(15.7536633115074,2.29761921547897,2.07386473610307));
#3113=CARTESIAN_POINT('',(15.7509582113543,2.29762061116211,2.07031943852744));
#3114=CARTESIAN_POINT('',(15.7494930115913,2.29761957694766,2.06834094545913));
#3115=CARTESIAN_POINT('',(15.7481333450708,2.2976196080844,2.06646372818339));
#3116=CARTESIAN_POINT('',(15.7468715573742,2.29762075524081,2.06468365756164));
#3117=CARTESIAN_POINT('',(15.7455180269485,2.29762041120332,2.06273297254422));
#3118=CARTESIAN_POINT('',(15.7441368978786,2.29761922631011,2.06069410424538));
#3119=CARTESIAN_POINT('',(15.7429121812962,2.29762011974476,2.0588395500679));
#3120=CARTESIAN_POINT('',(15.7417255184361,2.2976214051685,2.05699849735583));
#3121=CARTESIAN_POINT('',(15.7405101339768,2.29761997324752,2.05506685449287));
#3122=CARTESIAN_POINT('',(15.7400432067734,2.29762151002274,2.05430907127653));
#3123=CARTESIAN_POINT('',(15.7388201744785,2.2976199472569,2.05228988244837));
#3124=CARTESIAN_POINT('',(15.7376251743329,2.29761957922492,2.05025710617602));
#3125=CARTESIAN_POINT('',(15.736544428228,2.29762109606771,2.04836202159268));
#3126=CARTESIAN_POINT('',(15.7354142297628,2.29762104959059,2.04632039140914));
#3127=CARTESIAN_POINT('',(15.7342521251373,2.29761951088427,2.04415040607812));
#3128=CARTESIAN_POINT('',(15.7332141142311,2.29762020577592,2.04214132161962));
#3129=CARTESIAN_POINT('',(15.7322400069553,2.29762191634644,2.04018926621842));
#3130=CARTESIAN_POINT('',(15.7311854217821,2.29762069930956,2.03799989775319));
#3131=CARTESIAN_POINT('',(15.7301586768515,2.29761914772538,2.03577925665826));
#3132=CARTESIAN_POINT('',(15.7292750702023,2.29762098444615,2.03378386402507));
#3133=CARTESIAN_POINT('',(15.7283966541724,2.29762211054473,2.0317165060701));
#3134=CARTESIAN_POINT('',(15.7274702045854,2.29762024655692,2.02943507921881));
#3135=CARTESIAN_POINT('',(15.7266249226063,2.29761984691234,2.02724235911965));
#3136=CARTESIAN_POINT('',(15.7258759905191,2.29762196470356,2.02519334613674));
#3137=CARTESIAN_POINT('',(15.7251092689848,2.29762177601425,2.02298081595361));
#3138=CARTESIAN_POINT('',(15.7243464567558,2.29761962824998,2.02064031215165));
#3139=CARTESIAN_POINT('',(15.7236905638982,2.29762072498949,2.01848420161355));
#3140=CARTESIAN_POINT('',(15.723094770076,2.29762316110092,2.01638514316075));
#3141=CARTESIAN_POINT('',(15.7224730028281,2.29762126777646,2.01402720652339));
#3142=CARTESIAN_POINT('',(15.722211947268,2.2976224819228,2.01296761911197));
#3143=CARTESIAN_POINT('',(15.7219011976998,2.29761925576255,2.01165633163844));
#3144=CARTESIAN_POINT('',(15.7216835899444,2.29762215313567,2.01068120999486));
#3145=CARTESIAN_POINT('',(15.7214351720792,2.29762176048467,2.00952420361647));
#3146=CARTESIAN_POINT('',(15.7211796325453,2.29761967204873,2.0082705489532));
#3147=CARTESIAN_POINT('',(15.7209972813141,2.29762308802384,2.00731282241418));
#3148=CARTESIAN_POINT('',(15.7207683223657,2.29762099436168,2.00605822559402));
#3149=CARTESIAN_POINT('',(15.7205693214732,2.29762055931377,2.00488795278494));
#3150=CARTESIAN_POINT('',(15.7204143939846,2.29762369607177,2.00390534043112));
#3151=CARTESIAN_POINT('',(15.7202152754226,2.29762018139112,2.00257301520388));
#3152=CARTESIAN_POINT('',(15.7200682540554,2.29762149675533,2.00148822399126));
#3153=CARTESIAN_POINT('',(15.7199336988064,2.29762293513453,2.00040993340451));
#3154=CARTESIAN_POINT('',(15.7197799078064,2.29761931974897,1.99907190384717));
#3155=CARTESIAN_POINT('',(15.7196800058459,2.29762248540113,1.99807441920707));
#3156=CARTESIAN_POINT('',(15.7195730770134,2.29762212563367,1.99690067447261));
#3157=CARTESIAN_POINT('',(15.7194713628982,2.29761970495484,1.99562204961406));
#3158=CARTESIAN_POINT('',(15.7193364044631,2.29762126611753,1.99338089623455));
#3159=CARTESIAN_POINT('',(15.7192745792844,2.29762033085317,1.99190043102608));
#3160=CARTESIAN_POINT('',(15.719240626585,2.29761969194152,1.9906779367347));
#3161=CARTESIAN_POINT('',(15.7192221956882,2.29761913076103,1.98946299450942));
#3162=CARTESIAN_POINT('',(15.7192193077082,2.29761986178385,1.98837196280819));
#3163=CARTESIAN_POINT('',(15.7192291116601,2.29762018008266,1.98724089535948));
#3164=CARTESIAN_POINT('',(15.7192543392484,2.29761944797161,1.98600989828042));
#3165=CARTESIAN_POINT('',(15.7192931992687,2.2976193847587,1.98484334505267));
#3166=CARTESIAN_POINT('',(15.7193428525974,2.29762012750851,1.98375338183308));
#3167=CARTESIAN_POINT('',(15.7194100531667,2.29761994142592,1.98257612888984));
#3168=CARTESIAN_POINT('',(15.7194955723668,2.29761919736102,1.98134790359865));
#3169=CARTESIAN_POINT('',(15.7195878065215,2.29761964657455,1.98023269293368));
#3170=CARTESIAN_POINT('',(15.7196908861128,2.29762044139733,1.97914578791198));
#3171=CARTESIAN_POINT('',(15.7198216252366,2.29761969866704,1.97792365440272));
#3172=CARTESIAN_POINT('',(15.719927826929,2.29762004001174,1.97703243115384));
#3173=CARTESIAN_POINT('',(15.7200087188617,2.2976195594825,1.97639511276174));
#3174=CARTESIAN_POINT('',(15.7201705624454,2.29761928222537,1.97521453919104));
#3175=CARTESIAN_POINT('',(15.7203328042051,2.2976200136505,1.97413164828487));
#3176=CARTESIAN_POINT('',(15.7205181554895,2.29762002146969,1.97298393257177));
#3177=CARTESIAN_POINT('',(15.7207295362438,2.29761929345004,1.97176843261772));
#3178=CARTESIAN_POINT('',(15.7209388718471,2.29761951879133,1.97064857850694));
#3179=CARTESIAN_POINT('',(15.7211513362255,2.29762022482149,1.969581074915));
#3180=CARTESIAN_POINT('',(15.7213990891364,2.29761975297076,1.96840525138985));
#3181=CARTESIAN_POINT('',(15.7216657179863,2.29761904762317,1.9672131147541));
#3182=EDGE_CURVE('Edge_104',#3033,#3035,#3036,.T.);
#3183=CARTESIAN_POINT('',(22.2741652436461,3.44642857143476,1.9672131147541));
#3184=VERTEX_POINT('',#3183);
#3185=CARTESIAN_POINT('',(16.3324985769795,3.44642857143476,1.9672131147541));
#3186=VERTEX_POINT('',#3185);
#3187=B_SPLINE_CURVE_WITH_KNOTS('Curve_105',1,(#3188, #3189, #3190, #3191, #3192, #3193, #3194, #3195, #3196, #3197, #3198, #3199, #3200, #3201, #3202, #3203, #3204, #3205, #3206, #3207, #3208, #3209, #3210, #3211, #3212, #3213, #3214, #3215, #3216, #3217, #3218, #3219, #3220, #3221, #3222, #3223, #3224, #3225, #3226, #3227, #3228, #3229, #3230, #3231, #3232, #3233, #3234, #3235, #3236, #3237, #3238, #3239, #3240, #3241, #3242, #3243, #3244, #3245, #3246, #3247, #3248, #3249, #3250, #3251, #3252, #3253, #3254, #3255, #3256, #3257, #3258, #3259, #3260, #3261, #3262, #3263, #3264, #3265, #3266, #3267, #3268, #3269, #3270, #3271, #3272, #3273, #3274, #3275, #3276, #3277, #3278, #3279, #3280, #3281, #3282, #3283, #3284, #3285, #3286, #3287, #3288, #3289, #3290, #3291, #3292, #3293, #3294, #3295, #3296, #3297, #3298, #3299, #3300, #3301, #3302, #3303, #3304, #3305, #3306, #3307, #3308, #3309, #3310, #3311, #3312, #3313, #3314, #3315, #3316, #3317, #3318, #3319, #3320, #3321, #3322, #3323, #3324, #3325, #3326),.POLYLINE_FORM.,.F.,.F.,(2,1,1,1,1,1,1,1,1,1,1,1,1,1,1,1,1,1,1,1,1,1,1,1,1,1,1,1,1,1,1,1,1,1,1,1,1,1,1,1,1,1,1,1,1,1,1,1,1,1,1,1,1,1,1,1,1,1,1,1,1,1,1,1,1,1,1,1,1,1,1,1,1,1,1,1,1,1,1,1,1,1,1,1,1,1,1,1,1,1,1,1,1,1,1,1,1,1,1,1,1,1,1,1,1,1,1,1,1,1,1,1,1,1,1,1,1,1,1,1,1,1,1,1,1,1,1,1,1,1,1,1,1,1,1,1,1,1,2),(0.,1.,2.,3.,4.,5.,6.,7.,8.,9.,10.,11.,12.,13.,14.,15.,16.,17.,18.,19.,20.,21.,22.,23.,24.,25.,26.,27.,28.,29.,30.,31.,32.,33.,34.,35.,36.,37.,38.,39.,40.,41.,42.,43.,44.,45.,46.,47.,48.,49.,50.,51.,52.,53.,54.,55.,56.,57.,58.,59.,60.,61.,62.,63.,64.,65.,66.,67.,68.,69.,70.,71.,72.,73.,74.,75.,76.,77.,78.,79.,80.,81.,82.,83.,84.,85.,86.,87.,88.,89.,90.,91.,92.,93.,94.,95.,96.,97.,98.,99.,100.,101.,102.,103.,104.,105.,106.,107.,108.,109.,110.,111.,112.,113.,114.,115.,116.,117.,118.,119.,120.,121.,122.,123.,124.,125.,126.,127.,128.,129.,130.,131.,132.,133.,134.,135.,136.,137.,138.),.UNIFORM_KNOTS.);
#3188=CARTESIAN_POINT('',(22.2741652436461,3.44642857143476,1.9672131147541));
#3189=CARTESIAN_POINT('',(21.358085108036,3.44642818006923,2.10010189299584));
#3190=CARTESIAN_POINT('',(20.57845139811,3.4464285173949,2.19882381315002));
#3191=CARTESIAN_POINT('',(20.0567272055014,3.44642852816103,2.25704494915932));
#3192=CARTESIAN_POINT('',(19.5514267069579,3.44642851136125,2.30632148102127));
#3193=CARTESIAN_POINT('',(19.1313996118112,3.44642856224948,2.34077702346554));
#3194=CARTESIAN_POINT('',(18.8673100547401,3.44642857355125,2.35878729014397));
#3195=CARTESIAN_POINT('',(18.6033766328963,3.44642858641209,2.37345562973236));
#3196=CARTESIAN_POINT('',(18.1767013339498,3.44642874032343,2.38869555169124));
#3197=CARTESIAN_POINT('',(17.8825671022716,3.44642858410398,2.39168640491362));
#3198=CARTESIAN_POINT('',(17.7504014627065,3.44642857805342,2.39058850370357));
#3199=CARTESIAN_POINT('',(17.6108474894038,3.4464286347622,2.38753957574831));
#3200=CARTESIAN_POINT('',(17.4787689202843,3.44642865396168,2.38259508334486));
#3201=CARTESIAN_POINT('',(17.3843550279858,3.4464285863295,2.3774845530536));
#3202=CARTESIAN_POINT('',(17.3153586198093,3.44642859378102,2.37270305548957));
#3203=CARTESIAN_POINT('',(17.2460831288292,3.44642863259969,2.36683178241828));
#3204=CARTESIAN_POINT('',(17.1778217785838,3.44642857143476,2.3598491962467));
#3205=CARTESIAN_POINT('',(17.1431568644368,3.44642861563384,2.35581415294372));
#3206=CARTESIAN_POINT('',(17.1085408885092,3.44642865874227,2.35140178863856));
#3207=CARTESIAN_POINT('',(17.0742840404619,3.44642867433647,2.34666713474264));
#3208=CARTESIAN_POINT('',(17.0330854346525,3.44642878992894,2.34042603756185));
#3209=CARTESIAN_POINT('',(16.9696822152508,3.4464292988685,2.32958014416599));
#3210=CARTESIAN_POINT('',(16.9280189403103,3.44642868809838,2.3215587204955));
#3211=CARTESIAN_POINT('',(16.8944341199885,3.44642860818142,2.31453267349826));
#3212=CARTESIAN_POINT('',(16.8606095671489,3.44642863653063,2.30691068949119));
#3213=CARTESIAN_POINT('',(16.8272458489649,3.44642909856184,2.29881608500123));
#3214=CARTESIAN_POINT('',(16.7943279119668,3.4464297497758,2.29022806129478));
#3215=CARTESIAN_POINT('',(16.7666204957738,3.44642877738704,2.28250571130143));
#3216=CARTESIAN_POINT('',(16.7335639821871,3.44642867224121,2.2726595898799));
#3217=CARTESIAN_POINT('',(16.7159936750219,3.44643005251628,2.26712391977618));
#3218=CARTESIAN_POINT('',(16.7003335806036,3.44642906423563,2.26200166358146));
#3219=CARTESIAN_POINT('',(16.68344759536,3.44642985639481,2.25626845945328));
#3220=CARTESIAN_POINT('',(16.6719782552547,3.44642881193525,2.25224526176053));
#3221=CARTESIAN_POINT('',(16.6555727144319,3.44642894451062,2.24630253122836));
#3222=CARTESIAN_POINT('',(16.6392421866751,3.44642909628067,2.2401558371833));
#3223=CARTESIAN_POINT('',(16.6230982887317,3.44642916767956,2.23383851181984));
#3224=CARTESIAN_POINT('',(16.6072085193534,3.44642907180982,2.2273723379105));
#3225=CARTESIAN_POINT('',(16.5914102911155,3.44642895715108,2.2206842998753));
#3226=CARTESIAN_POINT('',(16.5757114617325,3.44642883308053,2.21376453614122));
#3227=CARTESIAN_POINT('',(16.560124318665,3.44642867159715,2.20659874485626));
#3228=CARTESIAN_POINT('',(16.5464205985419,3.44642954710949,2.20003610489019));
#3229=CARTESIAN_POINT('',(16.5313407325564,3.4464293098552,2.19251070920423));
#3230=CARTESIAN_POINT('',(16.5161326037546,3.44642915076077,2.18457351680827));
#3231=CARTESIAN_POINT('',(16.5010814482848,3.44642896582535,2.1763407774217));
#3232=CARTESIAN_POINT('',(16.4882753031886,3.44642986048955,2.1690046487903));
#3233=CARTESIAN_POINT('',(16.4833221069927,3.44643004290971,2.16607761345799));
#3234=CARTESIAN_POINT('',(16.4764842409234,3.44642873771247,2.16195032785896));
#3235=CARTESIAN_POINT('',(16.4687147137405,3.4464298512813,2.15713141020531));
#3236=CARTESIAN_POINT('',(16.4617113501364,3.44642909464818,2.15266489250693));
#3237=CARTESIAN_POINT('',(16.4541219720433,3.44642881197897,2.14768242640212));
#3238=CARTESIAN_POINT('',(16.4468981326982,3.44642893336341,2.14278878576699));
#3239=CARTESIAN_POINT('',(16.4397491201627,3.44642907118315,2.13778746196505));
#3240=CARTESIAN_POINT('',(16.4327537615676,3.44642908082352,2.13272739022379));
#3241=CARTESIAN_POINT('',(16.4294685356021,3.44642870643113,2.13029023014618));
#3242=CARTESIAN_POINT('',(16.4258883358342,3.4464289904953,2.12758697733667));
#3243=CARTESIAN_POINT('',(16.4225290425513,3.44642884553238,2.12500416089299));
#3244=CARTESIAN_POINT('',(16.4160980894741,3.44642987838948,2.11992735548173));
#3245=CARTESIAN_POINT('',(16.4093149930052,3.44643045584782,2.11436787258592));
#3246=CARTESIAN_POINT('',(16.4029366937353,3.44642946786654,2.10892404714389));
#3247=CARTESIAN_POINT('',(16.3996808120899,3.44642953378064,2.10605503208501));
#3248=CARTESIAN_POINT('',(16.3961740845517,3.44643156578584,2.10289000303213));
#3249=CARTESIAN_POINT('',(16.393115724736,3.44643089879138,2.10006392406879));
#3250=CARTESIAN_POINT('',(16.3902613938859,3.44642882226527,2.09736716484803));
#3251=CARTESIAN_POINT('',(16.3848825536327,3.44642961489632,2.09211220282204));
#3252=CARTESIAN_POINT('',(16.3820504529438,3.44642872928568,2.08924645696688));
#3253=CARTESIAN_POINT('',(16.3788987963216,3.44642947887373,2.08596626135845));
#3254=CARTESIAN_POINT('',(16.376049982339,3.44642899622552,2.08291337712891));
#3255=CARTESIAN_POINT('',(16.3730956895582,3.44642930027517,2.07965038141241));
#3256=CARTESIAN_POINT('',(16.3702451586873,3.44642931180909,2.0764006370904));
#3257=CARTESIAN_POINT('',(16.36749144259,3.44642910008049,2.07315663582663));
#3258=CARTESIAN_POINT('',(16.3646594524207,3.44642974282087,2.06969842223112));
#3259=CARTESIAN_POINT('',(16.3621142461537,3.44642882096192,2.06647418388022));
#3260=CARTESIAN_POINT('',(16.3593249342321,3.44643023175731,2.06279584495363));
#3261=CARTESIAN_POINT('',(16.3581417810081,3.44642946627566,2.0611866996001));
#3262=CARTESIAN_POINT('',(16.35697041224,3.44642867007864,2.05956191107757));
#3263=CARTESIAN_POINT('',(16.355609764448,3.44642970145333,2.05763097474798));
#3264=CARTESIAN_POINT('',(16.3543348082274,3.44643023916958,2.0557778832901));
#3265=CARTESIAN_POINT('',(16.352778905618,3.44643010923612,2.05345352319014));
#3266=CARTESIAN_POINT('',(16.3505141691505,3.44642935108616,2.0499307488426));
#3267=CARTESIAN_POINT('',(16.349273617849,3.4464306365266,2.04792031934106));
#3268=CARTESIAN_POINT('',(16.3482294662797,3.44642984918575,2.04618103584809));
#3269=CARTESIAN_POINT('',(16.3472343386183,3.44642859921196,2.0444785993232));
#3270=CARTESIAN_POINT('',(16.3460705353749,3.44642996276592,2.04242350775142));
#3271=CARTESIAN_POINT('',(16.3449758058804,3.44643085762784,2.0404239503394));
#3272=CARTESIAN_POINT('',(16.3440556265877,3.44642947325633,2.03868993741527));
#3273=CARTESIAN_POINT('',(16.3430881583089,3.44642914818112,2.03680528452653));
#3274=CARTESIAN_POINT('',(16.3423467401918,3.44643142712014,2.03531228550146));
#3275=CARTESIAN_POINT('',(16.341820670171,3.44642944838693,2.03423062258597));
#3276=CARTESIAN_POINT('',(16.3408160974404,3.4464310873521,2.03209249217841));
#3277=CARTESIAN_POINT('',(16.3399684682083,3.44643033737167,2.03021500279682));
#3278=CARTESIAN_POINT('',(16.3391862531703,3.446428670496,2.02841362244724));
#3279=CARTESIAN_POINT('',(16.3382906198155,3.4464302183278,2.02625209630152));
#3280=CARTESIAN_POINT('',(16.3374442295552,3.44643164737364,2.0241014388058));
#3281=CARTESIAN_POINT('',(16.3367548297307,3.44642987851168,2.02226306365594));
#3282=CARTESIAN_POINT('',(16.3360546247764,3.44642916433563,2.02029640690956));
#3283=CARTESIAN_POINT('',(16.3353052516774,3.4464311676927,2.01805683605187));
#3284=CARTESIAN_POINT('',(16.3346576731321,3.44643128679313,2.01599215160275));
#3285=CARTESIAN_POINT('',(16.3341030750861,3.44642925758514,2.01410875213849));
#3286=CARTESIAN_POINT('',(16.3335139848515,3.44643003522224,2.01195256018975));
#3287=CARTESIAN_POINT('',(16.3329405164428,3.44643228937856,2.00966051879715));
#3288=CARTESIAN_POINT('',(16.3324893988478,3.44643073443569,2.0076938276971));
#3289=CARTESIAN_POINT('',(16.3322472653563,3.44643167873087,2.00655487556361));
#3290=CARTESIAN_POINT('',(16.3320826777106,3.44642868442735,2.00575214233631));
#3291=CARTESIAN_POINT('',(16.3318342444799,3.44643153617058,2.00445167330822));
#3292=CARTESIAN_POINT('',(16.3316498419628,3.44643102959108,2.00342975466146));
#3293=CARTESIAN_POINT('',(16.3314937055524,3.44642921223031,2.00251774533676));
#3294=CARTESIAN_POINT('',(16.3312850806543,3.4464323820323,2.00119055749557));
#3295=CARTESIAN_POINT('',(16.3311515027212,3.44643034003048,2.00028795303832));
#3296=CARTESIAN_POINT('',(16.3310091499505,3.44643001265561,1.99924681856753));
#3297=CARTESIAN_POINT('',(16.3308491265969,3.44643286873352,1.9979459034546));
#3298=CARTESIAN_POINT('',(16.3307555034924,3.44642960841074,1.99713226871131));
#3299=CARTESIAN_POINT('',(16.330636408093,3.44643085737247,1.99596191759051));
#3300=CARTESIAN_POINT('',(16.3305312686397,3.44643218556553,1.99478173518669));
#3301=CARTESIAN_POINT('',(16.3304650993776,3.44642883345924,1.99396550075742));
#3302=CARTESIAN_POINT('',(16.3303791330546,3.44643174680027,1.99266616514162));
#3303=CARTESIAN_POINT('',(16.3303214209878,3.44643145897475,1.99160854981008));
#3304=CARTESIAN_POINT('',(16.3302848580903,3.44642871153233,1.99081423962949));
#3305=CARTESIAN_POINT('',(16.3302469148579,3.44642908979575,1.98967635467178));
#3306=CARTESIAN_POINT('',(16.3302227902764,3.4464297532107,1.98849557582244));
#3307=CARTESIAN_POINT('',(16.330213826862,3.44642913194947,1.98750816245637));
#3308=CARTESIAN_POINT('',(16.3302159592867,3.44642867505933,1.98649520488595));
#3309=CARTESIAN_POINT('',(16.330233494616,3.44642934270961,1.98531412582188));
#3310=CARTESIAN_POINT('',(16.3302640550593,3.44642956030186,1.98420117816441));
#3311=CARTESIAN_POINT('',(16.3303020653489,3.44642889152244,1.98322000240981));
#3312=CARTESIAN_POINT('',(16.3303571550311,3.44642892496444,1.982134895281));
#3313=CARTESIAN_POINT('',(16.330432476375,3.44642960375235,1.98095613294111));
#3314=CARTESIAN_POINT('',(16.3305113740694,3.44642932433159,1.97991935159047));
#3315=CARTESIAN_POINT('',(16.3305969170782,3.44642864615439,1.97894126162651));
#3316=CARTESIAN_POINT('',(16.3307132478611,3.44642919907967,1.97778583678707));
#3317=CARTESIAN_POINT('',(16.3308461160439,3.44642976886304,1.97662484729171));
#3318=CARTESIAN_POINT('',(16.3309696017449,3.44642907109271,1.97564759348471));
#3319=CARTESIAN_POINT('',(16.3311117663337,3.44642874919769,1.97461930858138));
#3320=CARTESIAN_POINT('',(16.3312892821826,3.44642941372147,1.97344730991378));
#3321=CARTESIAN_POINT('',(16.3314667245037,3.44642947273414,1.97236662529712));
#3322=CARTESIAN_POINT('',(16.3316368840779,3.4464288115853,1.97139774514211));
#3323=CARTESIAN_POINT('',(16.3318414949696,3.44642898246164,1.97030917437952));
#3324=CARTESIAN_POINT('',(16.3320738286751,3.4464296241156,1.9691544494301));
#3325=CARTESIAN_POINT('',(16.3322851555922,3.44642921237647,1.96816343229624));
#3326=CARTESIAN_POINT('',(16.3324985769795,3.44642857143476,1.9672131147541));
#3327=EDGE_CURVE('Edge_105',#3184,#3186,#3187,.T.);
#3328=CARTESIAN_POINT('',(22.4647600074012,4.59523809524635,1.9672131147541));
#3329=VERTEX_POINT('',#3328);
#3330=CARTESIAN_POINT('',(16.9433314359726,4.59523809524635,1.9672131147541));
#3331=VERTEX_POINT('',#3330);
#3332=B_SPLINE_CURVE_WITH_KNOTS('Curve_106',1,(#3333, #3334, #3335, #3336, #3337, #3338, #3339, #3340, #3341, #3342, #3343, #3344, #3345, #3346, #3347, #3348, #3349, #3350, #3351, #3352, #3353, #3354, #3355, #3356, #3357, #3358, #3359, #3360, #3361, #3362, #3363, #3364, #3365, #3366, #3367, #3368, #3369, #3370, #3371, #3372, #3373, #3374, #3375, #3376, #3377, #3378, #3379, #3380, #3381, #3382, #3383, #3384, #3385, #3386, #3387, #3388, #3389, #3390, #3391, #3392, #3393, #3394, #3395, #3396, #3397, #3398, #3399, #3400, #3401, #3402, #3403, #3404, #3405, #3406, #3407, #3408, #3409, #3410, #3411, #3412, #3413, #3414, #3415, #3416, #3417, #3418, #3419, #3420, #3421, #3422, #3423, #3424, #3425, #3426, #3427, #3428, #3429, #3430, #3431, #3432, #3433, #3434, #3435, #3436, #3437, #3438, #3439, #3440, #3441, #3442, #3443, #3444, #3445, #3446, #3447, #3448, #3449, #3450, #3451, #3452, #3453, #3454, #3455, #3456, #3457, #3458, #3459, #3460, #3461, #3462, #3463, #3464, #3465, #3466, #3467, #3468, #3469, #3470, #3471, #3472, #3473),.POLYLINE_FORM.,.F.,.F.,(2,1,1,1,1,1,1,1,1,1,1,1,1,1,1,1,1,1,1,1,1,1,1,1,1,1,1,1,1,1,1,1,1,1,1,1,1,1,1,1,1,1,1,1,1,1,1,1,1,1,1,1,1,1,1,1,1,1,1,1,1,1,1,1,1,1,1,1,1,1,1,1,1,1,1,1,1,1,1,1,1,1,1,1,1,1,1,1,1,1,1,1,1,1,1,1,1,1,1,1,1,1,1,1,1,1,1,1,1,1,1,1,1,1,1,1,1,1,1,1,1,1,1,1,1,1,1,1,1,1,1,1,1,1,1,1,1,1,1,1,2),(0.,1.,2.,3.,4.,5.,6.,7.,8.,9.,10.,11.,12.,13.,14.,15.,16.,17.,18.,19.,20.,21.,22.,23.,24.,25.,26.,27.,28.,29.,30.,31.,32.,33.,34.,35.,36.,37.,38.,39.,40.,41.,42.,43.,44.,45.,46.,47.,48.,49.,50.,51.,52.,53.,54.,55.,56.,57.,58.,59.,60.,61.,62.,63.,64.,65.,66.,67.,68.,69.,70.,71.,72.,73.,74.,75.,76.,77.,78.,79.,80.,81.,82.,83.,84.,85.,86.,87.,88.,89.,90.,91.,92.,93.,94.,95.,96.,97.,98.,99.,100.,101.,102.,103.,104.,105.,106.,107.,108.,109.,110.,111.,112.,113.,114.,115.,116.,117.,118.,119.,120.,121.,122.,123.,124.,125.,126.,127.,128.,129.,130.,131.,132.,133.,134.,135.,136.,137.,138.,139.,140.),.UNIFORM_KNOTS.);
#3333=CARTESIAN_POINT('',(22.4647600074012,4.59523809524635,1.9672131147541));
#3334=CARTESIAN_POINT('',(21.5829300016834,4.59523804432634,2.09481732769374));
#3335=CARTESIAN_POINT('',(20.8729950682187,4.59523807937145,2.1843250302741));
#3336=CARTESIAN_POINT('',(20.3833487140189,4.59523807356342,2.23872215808644));
#3337=CARTESIAN_POINT('',(19.9150700765713,4.59523807166818,2.28407990637251));
#3338=CARTESIAN_POINT('',(19.5365661424613,4.59523809310136,2.31492430568363));
#3339=CARTESIAN_POINT('',(19.2925457020873,4.59523809564782,2.33148378504369));
#3340=CARTESIAN_POINT('',(19.0483369669693,4.59523809689562,2.34497815353048));
#3341=CARTESIAN_POINT('',(18.6347104900678,4.59523829984219,2.35934952198312));
#3342=CARTESIAN_POINT('',(18.3842482838996,4.59523811643119,2.36166559027417));
#3343=CARTESIAN_POINT('',(18.2581638259746,4.59523810333464,2.36060320621158));
#3344=CARTESIAN_POINT('',(18.1286088834112,4.59523812054885,2.3577330818573));
#3345=CARTESIAN_POINT('',(18.0008634144748,4.5952381322038,2.35285935882195));
#3346=CARTESIAN_POINT('',(17.9171448592311,4.59523810283064,2.34823816106679));
#3347=CARTESIAN_POINT('',(17.8525096462056,4.59523812112834,2.34370014851929));
#3348=CARTESIAN_POINT('',(17.7911485338722,4.59523813459015,2.33846059818673));
#3349=CARTESIAN_POINT('',(17.7288672021599,4.59523809524635,2.33207910272499));
#3350=CARTESIAN_POINT('',(17.6962518556237,4.59523812367216,2.32828043143028));
#3351=CARTESIAN_POINT('',(17.6636831339403,4.59523815120526,2.32412228453637));
#3352=CARTESIAN_POINT('',(17.632239829018,4.59523814932068,2.31976998365914));
#3353=CARTESIAN_POINT('',(17.5946870674081,4.59523818237612,2.31408048136069));
#3354=CARTESIAN_POINT('',(17.5638009026843,4.59523810770444,2.30898219327769));
#3355=CARTESIAN_POINT('',(17.5316910543069,4.5952381768005,2.30325759789613));
#3356=CARTESIAN_POINT('',(17.509924884556,4.59523814237229,2.29911458383713));
#3357=CARTESIAN_POINT('',(17.4938227798083,4.59523817256369,2.2959083817668));
#3358=CARTESIAN_POINT('',(17.4651969974915,4.59523821600526,2.28989694489183));
#3359=CARTESIAN_POINT('',(17.43407809896,4.59523817289534,2.2828818786384));
#3360=CARTESIAN_POINT('',(17.4026688550351,4.59523859517142,2.27525754841135));
#3361=CARTESIAN_POINT('',(17.3709042996915,4.59523882697803,2.26695073814716));
#3362=CARTESIAN_POINT('',(17.3403494129563,4.59523883451309,2.25835399354163));
#3363=CARTESIAN_POINT('',(17.3103818151252,4.59523872746781,2.24929939940434));
#3364=CARTESIAN_POINT('',(17.2852462365993,4.5952387541535,2.24118391256877));
#3365=CARTESIAN_POINT('',(17.2586573063943,4.59523834397158,2.23203474924977));
#3366=CARTESIAN_POINT('',(17.2433251906489,4.59523841619181,2.22647827511163));
#3367=CARTESIAN_POINT('',(17.2286758722357,4.59523836364698,2.22096491572321));
#3368=CARTESIAN_POINT('',(17.214097121612,4.59523830023793,2.21526764954327));
#3369=CARTESIAN_POINT('',(17.1995944718125,4.59523822503496,2.20937929477963));
#3370=CARTESIAN_POINT('',(17.185173455923,4.59523813708295,2.20329266983212));
#3371=CARTESIAN_POINT('',(17.1704417381316,4.59523815583533,2.19682055711647));
#3372=CARTESIAN_POINT('',(17.1555180231607,4.59523827765246,2.18997739757605));
#3373=CARTESIAN_POINT('',(17.1407148135022,4.59523842109962,2.18288004706825));
#3374=CARTESIAN_POINT('',(17.1260416964229,4.59523858504177,2.17551759036502));
#3375=CARTESIAN_POINT('',(17.1154981551856,4.59523809524635,2.17001050250831));
#3376=CARTESIAN_POINT('',(17.1070695602446,4.59523873122026,2.16546729192614));
#3377=CARTESIAN_POINT('',(17.1010795579811,4.59523825645419,2.162158610558));
#3378=CARTESIAN_POINT('',(17.093412340504,4.59523864680488,2.15781864864501));
#3379=CARTESIAN_POINT('',(17.0868349998135,4.5952384667868,2.15399559742601));
#3380=CARTESIAN_POINT('',(17.0799260961308,4.59523850650331,2.14987463815136));
#3381=CARTESIAN_POINT('',(17.0727887025334,4.59523871058003,2.14549807204435));
#3382=CARTESIAN_POINT('',(17.066628861618,4.59523832949447,2.14161842094695));
#3383=CARTESIAN_POINT('',(17.0609049131829,4.59523832621873,2.13792335758307));
#3384=CARTESIAN_POINT('',(17.0542003100618,4.59523835394123,2.13347570489097));
#3385=CARTESIAN_POINT('',(17.0477399104848,4.59523830688027,2.12905721782979));
#3386=CARTESIAN_POINT('',(17.0413457811527,4.59523825045092,2.12454432999058));
#3387=CARTESIAN_POINT('',(17.0350229502938,4.59523818406447,2.1199331079544));
#3388=CARTESIAN_POINT('',(17.0313885705542,4.59523840765225,2.11721053067052));
#3389=CARTESIAN_POINT('',(17.0287764461445,4.59523810713161,2.11521961847471));
#3390=CARTESIAN_POINT('',(17.0233584312036,4.59523953214495,2.11099325330518));
#3391=CARTESIAN_POINT('',(17.0181127870196,4.59523840809153,2.10677125030693));
#3392=CARTESIAN_POINT('',(17.0112722301246,4.59523943020648,2.10104709873338));
#3393=CARTESIAN_POINT('',(17.0067099739674,4.59524062238366,2.09707603824801));
#3394=CARTESIAN_POINT('',(17.0051832142555,4.59523817894204,2.09571857906503));
#3395=CARTESIAN_POINT('',(17.0015979445401,4.59523920002949,2.09246451458337));
#3396=CARTESIAN_POINT('',(16.9981384120469,4.59524020533829,2.0892351825134));
#3397=CARTESIAN_POINT('',(16.9959410653869,4.59523899523386,2.08713619840027));
#3398=CARTESIAN_POINT('',(16.9914863503613,4.59523857108232,2.08275370509609));
#3399=CARTESIAN_POINT('',(16.9890290718061,4.59523820336205,2.08025637976681));
#3400=CARTESIAN_POINT('',(16.9857778610133,4.59523877619933,2.07685469120783));
#3401=CARTESIAN_POINT('',(16.9835798354996,4.59523814132579,2.07448792875811));
#3402=CARTESIAN_POINT('',(16.9804484896966,4.59523874438741,2.07101252603907));
#3403=CARTESIAN_POINT('',(16.978127202562,4.5952383223875,2.06835213307665));
#3404=CARTESIAN_POINT('',(16.9753556489699,4.59523864219987,2.0650698031106));
#3405=CARTESIAN_POINT('',(16.9728848899348,4.59523856135821,2.06203520765467));
#3406=CARTESIAN_POINT('',(16.9704689323089,4.59523848713932,2.05895711903681));
#3407=CARTESIAN_POINT('',(16.9678837452595,4.59523884243044,2.05552687926073));
#3408=CARTESIAN_POINT('',(16.9662861320241,4.59523898661531,2.05332863749325));
#3409=CARTESIAN_POINT('',(16.9643646595061,4.59523816902715,2.05059727947883));
#3410=CARTESIAN_POINT('',(16.96302514445,4.59523867627018,2.04862936234546));
#3411=CARTESIAN_POINT('',(16.9616968824134,4.59523927463893,2.04662084740279));
#3412=CARTESIAN_POINT('',(16.9608725112722,4.59523861143033,2.04534407185853));
#3413=CARTESIAN_POINT('',(16.9599148627254,4.59523829767143,2.04382820748788));
#3414=CARTESIAN_POINT('',(16.9586130161045,4.59523905844077,2.04170602627));
#3415=CARTESIAN_POINT('',(16.9575783644603,4.59523913456516,2.03996538056264));
#3416=CARTESIAN_POINT('',(16.95681658571,4.59523836059157,2.03865080622883));
#3417=CARTESIAN_POINT('',(16.9557496120771,4.59523864901029,2.03675566786217));
#3418=CARTESIAN_POINT('',(16.9545630872584,4.59523952614104,2.03456788581346));
#3419=CARTESIAN_POINT('',(16.9538005154985,4.59523892146382,2.03311372778145));
#3420=CARTESIAN_POINT('',(16.9530793663917,4.59523815783858,2.03169963513927));
#3421=CARTESIAN_POINT('',(16.9519820992265,4.59523907786975,2.02946526245755));
#3422=CARTESIAN_POINT('',(16.9510340084627,4.59523957037088,2.02744674893885));
#3423=CARTESIAN_POINT('',(16.9504070676317,4.59523863302343,2.02606239859383));
#3424=CARTESIAN_POINT('',(16.9496191796853,4.59523856226329,2.02425612779186));
#3425=CARTESIAN_POINT('',(16.9486653752962,4.59523963284223,2.02195640743065));
#3426=CARTESIAN_POINT('',(16.9479878861561,4.59523934504515,2.02023777538916));
#3427=CARTESIAN_POINT('',(16.9474505542562,4.59523825610204,2.01881660158753));
#3428=CARTESIAN_POINT('',(16.9468949716703,4.59523974401716,2.01728012454555));
#3429=CARTESIAN_POINT('',(16.94665701822,4.59523907646605,2.01660204372674));
#3430=CARTESIAN_POINT('',(16.9463972155924,4.59523862288836,2.01584481339525));
#3431=CARTESIAN_POINT('',(16.9458853206043,4.5952401723133,2.01429333439069));
#3432=CARTESIAN_POINT('',(16.9454291213394,4.59523901862764,2.01284428313893));
#3433=CARTESIAN_POINT('',(16.9449255179068,4.59523840884754,2.01115247112084));
#3434=CARTESIAN_POINT('',(16.9445504616519,4.59523944993229,2.00981582184281));
#3435=CARTESIAN_POINT('',(16.9442656059795,4.59523971359599,2.00875180784276));
#3436=CARTESIAN_POINT('',(16.9441596669041,4.59523816072372,2.00834721118939));
#3437=CARTESIAN_POINT('',(16.9437657944652,4.59523989119724,2.00676083595645));
#3438=CARTESIAN_POINT('',(16.9434216401102,4.59523857646936,2.00528043300726));
#3439=CARTESIAN_POINT('',(16.9429758096856,4.5952389806967,2.00317877532057));
#3440=CARTESIAN_POINT('',(16.9427832025537,4.59523901618957,2.00219157862945));
#3441=CARTESIAN_POINT('',(16.9425189127302,4.59524041245832,2.00073136136331));
#3442=CARTESIAN_POINT('',(16.9424554244154,4.59523858047449,2.00036644712457));
#3443=CARTESIAN_POINT('',(16.942248021133,4.59523948071979,1.99908378955634));
#3444=CARTESIAN_POINT('',(16.9420738435467,4.59524004102155,1.99790667304498));
#3445=CARTESIAN_POINT('',(16.9420216984269,4.59523815637018,1.99754004572624));
#3446=CARTESIAN_POINT('',(16.9418197632208,4.59523997067435,1.99596020665684));
#3447=CARTESIAN_POINT('',(16.9417178149828,4.59523964587955,1.99506995156079));
#3448=CARTESIAN_POINT('',(16.9416517648438,4.59523849377162,1.99445056682831));
#3449=CARTESIAN_POINT('',(16.9415020967794,4.59524048639801,1.99282397019343));
#3450=CARTESIAN_POINT('',(16.9414535647029,4.59523922619646,1.99222354868321));
#3451=CARTESIAN_POINT('',(16.9413886682133,4.59523898057967,1.9913093495508));
#3452=CARTESIAN_POINT('',(16.9412838298913,4.59523878137967,1.98936981678064));
#3453=CARTESIAN_POINT('',(16.9412384344577,4.59523866213038,1.98806402900747));
#3454=CARTESIAN_POINT('',(16.9412183239327,4.59523855847633,1.98712695430834));
#3455=CARTESIAN_POINT('',(16.9412095205133,4.59523816251364,1.986367258872));
#3456=CARTESIAN_POINT('',(16.9412098365358,4.59523842597721,1.98520441321894));
#3457=CARTESIAN_POINT('',(16.9412278544837,4.59523880477976,1.98397334021856));
#3458=CARTESIAN_POINT('',(16.9412477175628,4.59523840642902,1.98321376754079));
#3459=CARTESIAN_POINT('',(16.9412790870508,4.59523818577222,1.98234518466484));
#3460=CARTESIAN_POINT('',(16.9413402938091,4.59523858988514,1.98110181585293));
#3461=CARTESIAN_POINT('',(16.9414056774878,4.59523865522503,1.98006398150519));
#3462=CARTESIAN_POINT('',(16.9414615254738,4.59523825032073,1.97930625419151));
#3463=CARTESIAN_POINT('',(16.9415515896481,4.59523834796016,1.97824977459999));
#3464=CARTESIAN_POINT('',(16.9416754652811,4.59523877564649,1.97700982156076));
#3465=CARTESIAN_POINT('',(16.9417708726725,4.5952385016932,1.97616466432856));
#3466=CARTESIAN_POINT('',(16.9418647280755,4.59523810105273,1.97540137370709));
#3467=CARTESIAN_POINT('',(16.9420286374674,4.59523861091737,1.97419467376626));
#3468=CARTESIAN_POINT('',(16.942237965648,4.5952385789363,1.97281499651284));
#3469=CARTESIAN_POINT('',(16.9425436221406,4.59523824902028,1.9710305192575));
#3470=CARTESIAN_POINT('',(16.9427392020936,4.59523833139917,1.96999546545126));
#3471=CARTESIAN_POINT('',(16.9429862764994,4.59523871587131,1.96877932904546));
#3472=CARTESIAN_POINT('',(16.9431960781666,4.59523809524635,1.96781001762829));
#3473=CARTESIAN_POINT('',(16.9433314359726,4.59523809524635,1.9672131147541));
#3474=EDGE_CURVE('Edge_106',#3329,#3331,#3332,.T.);
#3475=CARTESIAN_POINT('',(17.5541642949658,5.74404761905794,1.9672131147541));
#3476=VERTEX_POINT('',#3475);
#3477=CARTESIAN_POINT('',(17.7732559203017,5.74404761905794,2.18344304595694));
#3478=VERTEX_POINT('',#3477);
#3479=B_SPLINE_CURVE_WITH_KNOTS('Curve_107',1,(#3480, #3481, #3482, #3483, #3484, #3485, #3486, #3487, #3488, #3489, #3490, #3491, #3492, #3493, #3494, #3495, #3496, #3497, #3498, #3499, #3500, #3501, #3502, #3503, #3504, #3505, #3506, #3507, #3508, #3509, #3510, #3511, #3512, #3513, #3514, #3515, #3516, #3517, #3518, #3519, #3520, #3521, #3522, #3523, #3524, #3525, #3526, #3527, #3528, #3529, #3530, #3531, #3532, #3533, #3534, #3535, #3536, #3537, #3538, #3539, #3540, #3541, #3542, #3543, #3544, #3545, #3546, #3547, #3548, #3549, #3550, #3551, #3552, #3553, #3554, #3555, #3556, #3557, #3558, #3559, #3560, #3561, #3562, #3563, #3564, #3565, #3566, #3567, #3568, #3569, #3570, #3571, #3572, #3573, #3574, #3575, #3576, #3577, #3578, #3579, #3580),.POLYLINE_FORM.,.F.,.F.,(2,1,1,1,1,1,1,1,1,1,1,1,1,1,1,1,1,1,1,1,1,1,1,1,1,1,1,1,1,1,1,1,1,1,1,1,1,1,1,1,1,1,1,1,1,1,1,1,1,1,1,1,1,1,1,1,1,1,1,1,1,1,1,1,1,1,1,1,1,1,1,1,1,1,1,1,1,1,1,1,1,1,1,1,1,1,1,1,1,1,1,1,1,1,1,1,1,1,1,1,2),(0.,1.,2.,3.,4.,5.,6.,7.,8.,9.,10.,11.,12.,13.,14.,15.,16.,17.,18.,19.,20.,21.,22.,23.,24.,25.,26.,27.,28.,29.,30.,31.,32.,33.,34.,35.,36.,37.,38.,39.,40.,41.,42.,43.,44.,45.,46.,47.,48.,49.,50.,51.,52.,53.,54.,55.,56.,57.,58.,59.,60.,61.,62.,63.,64.,65.,66.,67.,68.,69.,70.,71.,72.,73.,74.,75.,76.,77.,78.,79.,80.,81.,82.,83.,84.,85.,86.,87.,88.,89.,90.,91.,92.,93.,94.,95.,96.,97.,98.,99.,100.),.UNIFORM_KNOTS.);
#3480=CARTESIAN_POINT('',(17.5541642949658,5.74404761905794,1.9672131147541));
#3481=CARTESIAN_POINT('',(17.553930520214,5.74404761905794,1.96825981504894));
#3482=CARTESIAN_POINT('',(17.5537103436065,5.74404761905794,1.96931368652394));
#3483=CARTESIAN_POINT('',(17.5535040917095,5.74404761905794,1.97037376173205));
#3484=CARTESIAN_POINT('',(17.5533120910889,5.74404761905794,1.9714390732262));
#3485=CARTESIAN_POINT('',(17.5531346683108,5.74404761905794,1.97250865355932));
#3486=CARTESIAN_POINT('',(17.5529721499413,5.74404761905794,1.97358153528436));
#3487=CARTESIAN_POINT('',(17.5528248625464,5.74404761905794,1.97465675095425));
#3488=CARTESIAN_POINT('',(17.5526931326921,5.74404761905794,1.97573333312193));
#3489=CARTESIAN_POINT('',(17.5525772869445,5.74404761905794,1.97681031434034));
#3490=CARTESIAN_POINT('',(17.5524775244238,5.74404761905794,1.97788708562144));
#3491=CARTESIAN_POINT('',(17.5523933131323,5.74404761905794,1.97896495817533));
#3492=CARTESIAN_POINT('',(17.5523244998828,5.74404761905793,1.9800439732989));
#3493=CARTESIAN_POINT('',(17.5522710265126,5.74404761905794,1.98112389132928));
#3494=CARTESIAN_POINT('',(17.5522328348589,5.74404761905794,1.98220447260359));
#3495=CARTESIAN_POINT('',(17.5522098667592,5.74404761905794,1.98328547745894));
#3496=CARTESIAN_POINT('',(17.5522020640507,5.74404761905794,1.98436666623246));
#3497=CARTESIAN_POINT('',(17.5522093685707,5.74404761905794,1.98544779926126));
#3498=CARTESIAN_POINT('',(17.5522317221567,5.74404761905794,1.98652863688247));
#3499=CARTESIAN_POINT('',(17.5522707372537,5.74404761905794,1.98764893727697));
#3500=CARTESIAN_POINT('',(17.5523913740352,5.74404761905794,1.98980706433823));
#3501=CARTESIAN_POINT('',(17.5524738360337,5.74404761905794,1.9908846092672));
#3502=CARTESIAN_POINT('',(17.5525708295423,5.74404761905794,1.99196094376388));
#3503=CARTESIAN_POINT('',(17.5526821813901,5.74404761905793,1.99303591930488));
#3504=CARTESIAN_POINT('',(17.5528077184058,5.74404761905794,1.99410938736681));
#3505=CARTESIAN_POINT('',(17.5529472674184,5.74404761905794,1.99518119942627));
#3506=CARTESIAN_POINT('',(17.5531006552566,5.74404761905794,1.99625120695989));
#3507=CARTESIAN_POINT('',(17.5532677087493,5.74404761905794,1.99731926144426));
#3508=CARTESIAN_POINT('',(17.5534482547254,5.74404761905794,1.998385214356));
#3509=CARTESIAN_POINT('',(17.5536421200138,5.74404761905794,1.99944891717172));
#3510=CARTESIAN_POINT('',(17.5538491314432,5.74404761905794,2.00051022136803));
#3511=CARTESIAN_POINT('',(17.5540691158426,5.74404761905794,2.00156897842154));
#3512=CARTESIAN_POINT('',(17.5543019000408,5.74404761905794,2.00262503980886));
#3513=CARTESIAN_POINT('',(17.5545473108666,5.74404761905794,2.00367825700659));
#3514=CARTESIAN_POINT('',(17.554805175149,5.74404761905794,2.00472848149136));
#3515=CARTESIAN_POINT('',(17.5550753197167,5.74404761905794,2.00577556473976));
#3516=CARTESIAN_POINT('',(17.5553575713986,5.74404761905794,2.00681935822842));
#3517=CARTESIAN_POINT('',(17.5556517563356,5.74404761905794,2.00785971395547));
#3518=CARTESIAN_POINT('',(17.5559576303257,5.74404761905794,2.00889655657962));
#3519=CARTESIAN_POINT('',(17.5562749580597,5.74404761905794,2.00992986629532));
#3520=CARTESIAN_POINT('',(17.556603545518,5.74404761905793,2.01095960437713));
#3521=CARTESIAN_POINT('',(17.556943198681,5.74404761905794,2.0119857320996));
#3522=CARTESIAN_POINT('',(17.5572937235292,5.74404761905794,2.0130082107373));
#3523=CARTESIAN_POINT('',(17.5576549260431,5.74404761905794,2.01402700156478));
#3524=CARTESIAN_POINT('',(17.558026612203,5.74404761905794,2.0150420658566));
#3525=CARTESIAN_POINT('',(17.5588006593829,5.74404761905794,2.01706085993146));
#3526=CARTESIAN_POINT('',(17.5596143129124,5.74404761905794,2.01906428315833));
#3527=CARTESIAN_POINT('',(17.5604660206351,5.74404761905794,2.02105202573367));
#3528=CARTESIAN_POINT('',(17.5613542303945,5.74404761905794,2.02302377785393));
#3529=CARTESIAN_POINT('',(17.5622773900342,5.74404761905794,2.02497922971555));
#3530=CARTESIAN_POINT('',(17.5632339491411,5.74404761905794,2.02691807244121));
#3531=CARTESIAN_POINT('',(17.5642228036657,5.74404761905794,2.0288402651187));
#3532=CARTESIAN_POINT('',(17.5652430607882,5.74404761905794,2.03074598560652));
#3533=CARTESIAN_POINT('',(17.5660136726069,5.74404761905794,2.03213862872691));
#3534=CARTESIAN_POINT('',(17.5665411654097,5.74404761905794,2.03307062302324));
#3535=CARTESIAN_POINT('',(17.5671712715302,5.74404761905794,2.0341627356891));
#3536=CARTESIAN_POINT('',(17.5682740114466,5.74404761905794,2.03602257487051));
#3537=CARTESIAN_POINT('',(17.5694039549609,5.74404761905794,2.03786628636597));
#3538=CARTESIAN_POINT('',(17.5705600013645,5.74404761905794,2.0396939604823));
#3539=CARTESIAN_POINT('',(17.5717410499485,5.74404761905794,2.04150568752628));
#3540=CARTESIAN_POINT('',(17.5729460000042,5.74404761905794,2.04330155780473));
#3541=CARTESIAN_POINT('',(17.5741737280341,5.74404761905794,2.04508168450274));
#3542=CARTESIAN_POINT('',(17.5754230907796,5.74404761905794,2.04684639148174));
#3543=CARTESIAN_POINT('',(17.5766933985843,5.74404761905794,2.04859590061819));
#3544=CARTESIAN_POINT('',(17.5779840385573,5.74404761905794,2.05033039055502));
#3545=CARTESIAN_POINT('',(17.5806177070848,5.74404761905794,2.05374722027966));
#3546=CARTESIAN_POINT('',(17.5817208332312,5.74404761905794,2.05513355981324));
#3547=CARTESIAN_POINT('',(17.5830834079854,5.74404761905794,2.05681239490796));
#3548=CARTESIAN_POINT('',(17.5844633639518,5.74404761905794,2.05847707093557));
#3549=CARTESIAN_POINT('',(17.5858600882393,5.74404761905794,2.060127766539));
#3550=CARTESIAN_POINT('',(17.5872728174107,5.74404761905794,2.06176474001411));
#3551=CARTESIAN_POINT('',(17.5901432744285,5.74404761905794,2.06499881315182));
#3552=CARTESIAN_POINT('',(17.5930711671351,5.74404761905794,2.06818084665234));
#3553=CARTESIAN_POINT('',(17.5960534879856,5.74404761905794,2.0713121593327));
#3554=CARTESIAN_POINT('',(17.5990872294348,5.74404761905794,2.07439407000995));
#3555=CARTESIAN_POINT('',(17.6010223148271,5.74404761905794,2.07630981515374));
#3556=CARTESIAN_POINT('',(17.6041319646488,5.74404761905794,2.07931480231901));
#3557=CARTESIAN_POINT('',(17.6072840781725,5.74404761905794,2.08227477940649));
#3558=CARTESIAN_POINT('',(17.6104766829504,5.74404761905794,2.08519097551848));
#3559=CARTESIAN_POINT('',(17.6137078065343,5.74404761905794,2.08806461975729));
#3560=CARTESIAN_POINT('',(17.6169754764764,5.74404761905794,2.09089694122523));
#3561=CARTESIAN_POINT('',(17.6202777203286,5.74404761905794,2.09368916902461));
#3562=CARTESIAN_POINT('',(17.6236125656428,5.74404761905794,2.09644253225773));
#3563=CARTESIAN_POINT('',(17.6303721708659,5.74404761905794,2.10183758143442));
#3564=CARTESIAN_POINT('',(17.634175231085,5.74404761905794,2.10477309573535));
#3565=CARTESIAN_POINT('',(17.6411024480452,5.74404761905794,2.10994933454228));
#3566=CARTESIAN_POINT('',(17.6481280137374,5.74404761905794,2.11499238302792));
#3567=CARTESIAN_POINT('',(17.6552439805179,5.74404761905794,2.1199084617047));
#3568=CARTESIAN_POINT('',(17.6624424007427,5.74404761905794,2.12470379108504));
#3569=CARTESIAN_POINT('',(17.6675529397782,5.74404761905794,2.12800945338325));
#3570=CARTESIAN_POINT('',(17.6748734089392,5.74404761905794,2.13261449311997));
#3571=CARTESIAN_POINT('',(17.6822588531594,5.74404761905794,2.13711402484847));
#3572=CARTESIAN_POINT('',(17.6897058906878,5.74404761905794,2.14151119079654));
#3573=CARTESIAN_POINT('',(17.6972111397734,5.74404761905794,2.14580913319198));
#3574=CARTESIAN_POINT('',(17.7047705691556,5.74404761905794,2.1500116816322));
#3575=CARTESIAN_POINT('',(17.7123790473693,5.74404761905794,2.15412402494447));
#3576=CARTESIAN_POINT('',(17.7200337960142,5.74404761905794,2.15814908001302));
#3577=CARTESIAN_POINT('',(17.7354716982966,5.74404761905794,2.16594827561004));
#3578=CARTESIAN_POINT('',(17.7460958515709,5.74404761905794,2.17108541193403));
#3579=CARTESIAN_POINT('',(17.7574625599647,5.74404761905794,2.17638695111482));
#3580=CARTESIAN_POINT('',(17.7732559203017,5.74404761905794,2.18344304595694));
#3581=EDGE_CURVE('Edge_107',#3476,#3478,#3479,.T.);
#3582=CARTESIAN_POINT('',(22.6553547711562,5.74404761905794,1.9672131147541));
#3583=VERTEX_POINT('',#3582);
#3584=CARTESIAN_POINT('',(17.8495968262821,5.74404761905794,2.21333117870581));
#3585=VERTEX_POINT('',#3584);
#3586=B_SPLINE_CURVE_WITH_KNOTS('Curve_108',1,(#3587, #3588, #3589, #3590, #3591, #3592, #3593, #3594, #3595, #3596, #3597, #3598, #3599, #3600, #3601, #3602, #3603, #3604, #3605, #3606, #3607, #3608, #3609, #3610, #3611, #3612, #3613, #3614, #3615, #3616, #3617, #3618, #3619, #3620, #3621, #3622, #3623, #3624, #3625, #3626, #3627),.POLYLINE_FORM.,.F.,.F.,(2,1,1,1,1,1,1,1,1,1,1,1,1,1,1,1,1,1,1,1,1,1,1,1,1,1,1,1,1,1,1,1,1,1,1,1,1,1,1,1,2),(0.,1.,2.,3.,4.,5.,6.,7.,8.,9.,10.,11.,12.,13.,14.,15.,16.,17.,18.,19.,20.,21.,22.,23.,24.,25.,26.,27.,28.,29.,30.,31.,32.,33.,34.,35.,36.,37.,38.,39.,40.),.UNIFORM_KNOTS.);
#3587=CARTESIAN_POINT('',(22.6553547711562,5.74404761905794,1.9672131147541));
#3588=CARTESIAN_POINT('',(22.0951627236114,5.74404761905794,2.05010612001353));
#3589=CARTESIAN_POINT('',(21.6152014269351,5.74404761905794,2.11476069897298));
#3590=CARTESIAN_POINT('',(21.245203087835,5.74404761905794,2.16064252406088));
#3591=CARTESIAN_POINT('',(20.9639196087421,5.74404761905794,2.19308016520613));
#3592=CARTESIAN_POINT('',(20.3597527116005,5.74404761905794,2.25455521429297));
#3593=CARTESIAN_POINT('',(19.9299440632487,5.74404761662614,2.28992771010348));
#3594=CARTESIAN_POINT('',(19.7818122435791,5.74404761905794,2.30012915372478));
#3595=CARTESIAN_POINT('',(19.6200346007499,5.74404761905794,2.30991333704759));
#3596=CARTESIAN_POINT('',(19.4581702192283,5.74404761905794,2.31814256854667));
#3597=CARTESIAN_POINT('',(19.237320426071,5.74404761905794,2.32650864562266));
#3598=CARTESIAN_POINT('',(19.0112346954996,5.74404761905794,2.33111067848781));
#3599=CARTESIAN_POINT('',(18.8767085809493,5.74404761905794,2.33162105858616));
#3600=CARTESIAN_POINT('',(18.7956743590829,5.74404761905794,2.33102001055528));
#3601=CARTESIAN_POINT('',(18.7146480731507,5.74404761905794,2.32967953042196));
#3602=CARTESIAN_POINT('',(18.6336393200713,5.74404761905794,2.32753531775256));
#3603=CARTESIAN_POINT('',(18.5526600918294,5.74404761905794,2.32448117553511));
#3604=CARTESIAN_POINT('',(18.4830803229667,5.74404761905794,2.3210012166713));
#3605=CARTESIAN_POINT('',(18.4426375112244,5.74404761905794,2.31851722480305));
#3606=CARTESIAN_POINT('',(18.4022185016459,5.74404761905794,2.31566815183264));
#3607=CARTESIAN_POINT('',(18.3618328870578,5.74404761905794,2.31238976278117));
#3608=CARTESIAN_POINT('',(18.3214836931646,5.74404761905794,2.30867402755299));
#3609=CARTESIAN_POINT('',(18.2811861068695,5.74404761905794,2.30445048715964));
#3610=CARTESIAN_POINT('',(18.2409446571632,5.74404761905794,2.29970683901277));
#3611=CARTESIAN_POINT('',(18.200778105739,5.74404761905794,2.29437626963565));
#3612=CARTESIAN_POINT('',(18.1807243548658,5.74404761905794,2.29148800106608));
#3613=CARTESIAN_POINT('',(18.1633873460788,5.74404761905794,2.28885145990493));
#3614=CARTESIAN_POINT('',(18.1234054691671,5.74404761905794,2.28228015537311));
#3615=CARTESIAN_POINT('',(18.0854331871582,5.74404761905794,2.275361727332));
#3616=CARTESIAN_POINT('',(18.0655526216585,5.74404761905794,2.27145648700575));
#3617=CARTESIAN_POINT('',(18.0457110717367,5.74404761905794,2.26735486408627));
#3618=CARTESIAN_POINT('',(18.0259131317717,5.74404761905794,2.26304850121358));
#3619=CARTESIAN_POINT('',(18.0052279250843,5.74404761905794,2.2583092442062));
#3620=CARTESIAN_POINT('',(17.9855336065815,5.74404761905794,2.25355761796911));
#3621=CARTESIAN_POINT('',(17.9658968990871,5.74404761905794,2.24857578330227));
#3622=CARTESIAN_POINT('',(17.9463223969799,5.74404761905794,2.24335538284568));
#3623=CARTESIAN_POINT('',(17.926814694859,5.74404761905794,2.237888060257));
#3624=CARTESIAN_POINT('',(17.9073793553264,5.74404761905794,2.23216496998176));
#3625=CARTESIAN_POINT('',(17.8880250603336,5.74404761905794,2.226173609462));
#3626=CARTESIAN_POINT('',(17.8687611154593,5.74404761905794,2.21990025395195));
#3627=CARTESIAN_POINT('',(17.8495968262821,5.74404761905794,2.21333117870581));
#3628=EDGE_CURVE('Edge_108',#3583,#3585,#3586,.T.);
#3629=CARTESIAN_POINT('',(22.8459495349113,6.89285714286953,1.9672131147541));
#3630=VERTEX_POINT('',#3629);
#3631=CARTESIAN_POINT('',(18.1649971539589,6.89285714286953,1.9672131147541));
#3632=VERTEX_POINT('',#3631);
#3633=B_SPLINE_CURVE_WITH_KNOTS('Curve_109',1,(#3634, #3635, #3636, #3637, #3638, #3639, #3640, #3641, #3642, #3643, #3644, #3645, #3646, #3647, #3648, #3649, #3650, #3651, #3652, #3653, #3654, #3655, #3656, #3657, #3658, #3659, #3660, #3661, #3662, #3663, #3664, #3665, #3666, #3667, #3668, #3669, #3670, #3671, #3672, #3673, #3674, #3675, #3676, #3677, #3678, #3679, #3680, #3681, #3682, #3683, #3684, #3685, #3686, #3687, #3688, #3689, #3690, #3691, #3692, #3693, #3694, #3695, #3696, #3697, #3698, #3699, #3700, #3701, #3702, #3703, #3704, #3705, #3706, #3707, #3708, #3709, #3710, #3711, #3712, #3713, #3714, #3715, #3716, #3717, #3718, #3719, #3720, #3721, #3722, #3723, #3724, #3725, #3726, #3727, #3728, #3729, #3730, #3731, #3732, #3733, #3734, #3735, #3736, #3737, #3738, #3739, #3740, #3741, #3742, #3743, #3744, #3745, #3746, #3747, #3748, #3749, #3750, #3751, #3752, #3753, #3754, #3755, #3756, #3757, #3758, #3759, #3760, #3761, #3762, #3763, #3764, #3765, #3766, #3767, #3768, #3769, #3770, #3771, #3772, #3773, #3774, #3775, #3776),.POLYLINE_FORM.,.F.,.F.,(2,1,1,1,1,1,1,1,1,1,1,1,1,1,1,1,1,1,1,1,1,1,1,1,1,1,1,1,1,1,1,1,1,1,1,1,1,1,1,1,1,1,1,1,1,1,1,1,1,1,1,1,1,1,1,1,1,1,1,1,1,1,1,1,1,1,1,1,1,1,1,1,1,1,1,1,1,1,1,1,1,1,1,1,1,1,1,1,1,1,1,1,1,1,1,1,1,1,1,1,1,1,1,1,1,1,1,1,1,1,1,1,1,1,1,1,1,1,1,1,1,1,1,1,1,1,1,1,1,1,1,1,1,1,1,1,1,1,1,1,1,1,2),(0.,1.,2.,3.,4.,5.,6.,7.,8.,9.,10.,11.,12.,13.,14.,15.,16.,17.,18.,19.,20.,21.,22.,23.,24.,25.,26.,27.,28.,29.,30.,31.,32.,33.,34.,35.,36.,37.,38.,39.,40.,41.,42.,43.,44.,45.,46.,47.,48.,49.,50.,51.,52.,53.,54.,55.,56.,57.,58.,59.,60.,61.,62.,63.,64.,65.,66.,67.,68.,69.,70.,71.,72.,73.,74.,75.,76.,77.,78.,79.,80.,81.,82.,83.,84.,85.,86.,87.,88.,89.,90.,91.,92.,93.,94.,95.,96.,97.,98.,99.,100.,101.,102.,103.,104.,105.,106.,107.,108.,109.,110.,111.,112.,113.,114.,115.,116.,117.,118.,119.,120.,121.,122.,123.,124.,125.,126.,127.,128.,129.,130.,131.,132.,133.,134.,135.,136.,137.,138.,139.,140.,141.,142.),.UNIFORM_KNOTS.);
#3634=CARTESIAN_POINT('',(22.8459495349113,6.89285714286953,1.9672131147541));
#3635=CARTESIAN_POINT('',(22.0997719895182,6.89285711727966,2.07520254929252));
#3636=CARTESIAN_POINT('',(21.4904767340363,6.89285709298675,2.15198182253117));
#3637=CARTESIAN_POINT('',(21.090517548387,6.89285712704565,2.1964376508583));
#3638=CARTESIAN_POINT('',(20.6778503290167,6.89285712603751,2.23642535415041));
#3639=CARTESIAN_POINT('',(20.3512214830891,6.89285714004643,2.2628939757604));
#3640=CARTESIAN_POINT('',(20.1534430807222,6.89285714388043,2.27622978567861));
#3641=CARTESIAN_POINT('',(19.9354049351845,6.89285714742652,2.28815212360743));
#3642=CARTESIAN_POINT('',(19.5993168995867,6.89285718926381,2.29965018634023));
#3643=CARTESIAN_POINT('',(19.3833262216752,6.89285716272932,2.30161416699872));
#3644=CARTESIAN_POINT('',(19.2726567087584,6.89285714478824,2.30061327649535));
#3645=CARTESIAN_POINT('',(19.1664861654769,6.89285718288485,2.29818787101688));
#3646=CARTESIAN_POINT('',(19.0624142156509,6.89285720315561,2.29419664355139));
#3647=CARTESIAN_POINT('',(18.9931183678458,6.89285715809134,2.29039795768064));
#3648=CARTESIAN_POINT('',(18.9411669614072,6.89285716626138,2.28680804145271));
#3649=CARTESIAN_POINT('',(18.8866845646949,6.89285716017667,2.28222037103876));
#3650=CARTESIAN_POINT('',(18.832785819706,6.89285716714539,2.27674176042381));
#3651=CARTESIAN_POINT('',(18.8064099214305,6.89285720157462,2.27369481262073));
#3652=CARTESIAN_POINT('',(18.7790011935324,6.89285717924387,2.2702313500831));
#3653=CARTESIAN_POINT('',(18.7515058613914,6.89285715335678,2.26645740341107));
#3654=CARTESIAN_POINT('',(18.7213666300988,6.89285724099173,2.26193779804125));
#3655=CARTESIAN_POINT('',(18.6951633052487,6.89285733681423,2.25766394898378));
#3656=CARTESIAN_POINT('',(18.6722548681105,6.8928572390581,2.25365363618935));
#3657=CARTESIAN_POINT('',(18.6496055941015,6.89285714373182,2.24941991918411));
#3658=CARTESIAN_POINT('',(18.6365589045436,6.89285716807513,2.24685510114759));
#3659=CARTESIAN_POINT('',(18.6105617153167,6.89285723071871,2.24145635017059));
#3660=CARTESIAN_POINT('',(18.5843256854243,6.89285727219706,2.23559487350964));
#3661=CARTESIAN_POINT('',(18.5610376654698,6.89285756885098,2.23001972084695));
#3662=CARTESIAN_POINT('',(18.5341585558863,6.89285745397135,2.22311916426928));
#3663=CARTESIAN_POINT('',(18.5074111771241,6.89285730420856,2.21572255302446));
#3664=CARTESIAN_POINT('',(18.4809706015069,6.89285717130168,2.20785149991335));
#3665=CARTESIAN_POINT('',(18.4701032871001,6.89285799796528,2.20444233612633));
#3666=CARTESIAN_POINT('',(18.4556856945629,6.89285741273183,2.19975265939945));
#3667=CARTESIAN_POINT('',(18.4437575756509,6.89285786348536,2.19572159808767));
#3668=CARTESIAN_POINT('',(18.4333372625068,6.89285728382287,2.19208319434654));
#3669=CARTESIAN_POINT('',(18.420851221839,6.89285736678355,2.18757501945977));
#3670=CARTESIAN_POINT('',(18.4084197926212,6.892857461848,2.18291764230076));
#3671=CARTESIAN_POINT('',(18.3956430965263,6.89285744957478,2.17794450558235));
#3672=CARTESIAN_POINT('',(18.3827815818211,6.89285738354369,2.17273570912088));
#3673=CARTESIAN_POINT('',(18.3724425540434,6.89285739865686,2.16839249908207));
#3674=CARTESIAN_POINT('',(18.3602711097312,6.89285753123615,2.16309050417978));
#3675=CARTESIAN_POINT('',(18.3480125866556,6.89285761139769,2.15752618468938));
#3676=CARTESIAN_POINT('',(18.3354744143174,6.89285752977043,2.15158204385935));
#3677=CARTESIAN_POINT('',(18.3230440198343,6.89285742641783,2.14541662231085));
#3678=CARTESIAN_POINT('',(18.3107302745447,6.89285730699823,2.13902019220981));
#3679=CARTESIAN_POINT('',(18.3054677094656,6.89285772805307,2.13619166242121));
#3680=CARTESIAN_POINT('',(18.2985457584232,6.89285716050327,2.13237949326968));
#3681=CARTESIAN_POINT('',(18.2936586748294,6.89285785164002,2.12962056504293));
#3682=CARTESIAN_POINT('',(18.2869727111754,6.89285730651861,2.12574944520914));
#3683=CARTESIAN_POINT('',(18.2816868003227,6.89285773156739,2.12260512352153));
#3684=CARTESIAN_POINT('',(18.2756064678922,6.89285752519639,2.11889209915096));
#3685=CARTESIAN_POINT('',(18.2698889024146,6.89285757642158,2.11530140423791));
#3686=CARTESIAN_POINT('',(18.2653659073872,6.89285730779765,2.11238938436207));
#3687=CARTESIAN_POINT('',(18.2598272253418,6.89285738282846,2.10873005277696));
#3688=CARTESIAN_POINT('',(18.2542205212842,6.89285740396011,2.10491195927197));
#3689=CARTESIAN_POINT('',(18.2485455010585,6.89285735228695,2.10092028954961));
#3690=CARTESIAN_POINT('',(18.2429361843469,6.89285729093047,2.09683776703787));
#3691=CARTESIAN_POINT('',(18.2386357376002,6.89285742241774,2.09360766289896));
#3692=CARTESIAN_POINT('',(18.2311395962609,6.89285868996876,2.08774966094331));
#3693=CARTESIAN_POINT('',(18.2279301761589,6.89285786101268,2.08514627124935));
#3694=CARTESIAN_POINT('',(18.2250135803682,6.89285735929623,2.08272506351749));
#3695=CARTESIAN_POINT('',(18.2229868273359,6.89285836972143,2.08100888828216));
#3696=CARTESIAN_POINT('',(18.2204892032492,6.89285858545197,2.07885487926927));
#3697=CARTESIAN_POINT('',(18.2173918380946,6.89285754943301,2.07611964686342));
#3698=CARTESIAN_POINT('',(18.2150273513454,6.89285786126325,2.07397963553748));
#3699=CARTESIAN_POINT('',(18.2130766456919,6.89285909626021,2.07217792265655));
#3700=CARTESIAN_POINT('',(18.2102425033897,6.89285834638459,2.06950030704399));
#3701=CARTESIAN_POINT('',(18.2063528076351,6.89285750126816,2.06569762201705));
#3702=CARTESIAN_POINT('',(18.2038386537447,6.89285734326892,2.063151598742));
#3703=CARTESIAN_POINT('',(18.2017188189793,6.89285769205557,2.06094506262645));
#3704=CARTESIAN_POINT('',(18.1990734991974,6.89285719935901,2.05810894762922));
#3705=CARTESIAN_POINT('',(18.1971906021034,6.89285786212226,2.05602877030208));
#3706=CARTESIAN_POINT('',(18.1956687419548,6.89285780431261,2.05430793465713));
#3707=CARTESIAN_POINT('',(18.1932044451736,6.89285735738628,2.05143967190894));
#3708=CARTESIAN_POINT('',(18.1911916900275,6.89285769608798,2.04901244161323));
#3709=CARTESIAN_POINT('',(18.1890144950387,6.89285759148027,2.04629172528622));
#3710=CARTESIAN_POINT('',(18.1869087456871,6.89285753635737,2.04355471418699));
#3711=CARTESIAN_POINT('',(18.1857992519626,6.89285729910735,2.04206661807634));
#3712=CARTESIAN_POINT('',(18.1850158511926,6.89285787397128,2.04099461103858));
#3713=CARTESIAN_POINT('',(18.1840320408553,6.89285791390935,2.03962307346955));
#3714=CARTESIAN_POINT('',(18.1828467564699,6.89285733515386,2.03793055028703));
#3715=CARTESIAN_POINT('',(18.181968940671,6.89285757332422,2.03664570184328));
#3716=CARTESIAN_POINT('',(18.1812302148511,6.8928582470462,2.03554198462144));
#3717=CARTESIAN_POINT('',(18.1801417779421,6.89285775939569,2.0338773105614));
#3718=CARTESIAN_POINT('',(18.1790735069622,6.89285721003969,2.0321935470392));
#3719=CARTESIAN_POINT('',(18.1783757387271,6.89285792828448,2.03106363213057));
#3720=CARTESIAN_POINT('',(18.177574628235,6.89285825978231,2.02973587063145));
#3721=CARTESIAN_POINT('',(18.1765308077437,6.89285752870932,2.02795281602663));
#3722=CARTESIAN_POINT('',(18.1756969794299,6.89285753691868,2.02647951899848));
#3723=CARTESIAN_POINT('',(18.1750572434787,6.89285836677658,2.02531627928608));
#3724=CARTESIAN_POINT('',(18.1741856988514,6.89285806391189,2.02368363926482));
#3725=CARTESIAN_POINT('',(18.1732424090294,6.8928572195024,2.02184591874527));
#3726=CARTESIAN_POINT('',(18.1726252850377,6.89285793985147,2.02059765615335));
#3727=CARTESIAN_POINT('',(18.172014295883,6.89285867999629,2.01932315427362));
#3728=CARTESIAN_POINT('',(18.1711489873187,6.89285779401565,2.01744655593754));
#3729=CARTESIAN_POINT('',(18.1704122919165,6.89285744830405,2.01577054384432));
#3730=CARTESIAN_POINT('',(18.1698965912752,6.89285846160567,2.01454675743181));
#3731=CARTESIAN_POINT('',(18.1692536866272,6.89285847192953,2.01295794274298));
#3732=CARTESIAN_POINT('',(18.1685142453234,6.89285744069064,2.01102866761853));
#3733=CARTESIAN_POINT('',(18.1679936619728,6.89285793324094,2.00959026933054));
#3734=CARTESIAN_POINT('',(18.1675609346356,6.89285909982611,2.00833519629958));
#3735=CARTESIAN_POINT('',(18.1671450082553,6.89285763011989,2.00707517698716));
#3736=CARTESIAN_POINT('',(18.1669374065742,6.89285816516108,2.00642017482676));
#3737=CARTESIAN_POINT('',(18.1667484369707,6.89285882944366,2.00580817690439));
#3738=CARTESIAN_POINT('',(18.1663694472226,6.89285730014515,2.00453643338684));
#3739=CARTESIAN_POINT('',(18.1660108147361,6.89285854130581,2.0032578318141));
#3740=CARTESIAN_POINT('',(18.1656101496144,6.89285899594063,2.00173274394388));
#3741=CARTESIAN_POINT('',(18.1653518444389,6.89285820526726,2.00068536584313));
#3742=CARTESIAN_POINT('',(18.1651272341215,6.89285774334257,1.99972318349532));
#3743=CARTESIAN_POINT('',(18.1650470263653,6.89285943704325,1.99936202993222));
#3744=CARTESIAN_POINT('',(18.1647746909291,6.89285784876914,1.9980931957295));
#3745=CARTESIAN_POINT('',(18.1645184893476,6.89285921360681,1.99679009261449));
#3746=CARTESIAN_POINT('',(18.1641919579354,6.89285859893937,1.99494152306987));
#3747=CARTESIAN_POINT('',(18.1640698155487,6.89285886345873,1.9941732898151));
#3748=CARTESIAN_POINT('',(18.1638833722542,6.89285721776571,1.99289869661836));
#3749=CARTESIAN_POINT('',(18.1638350028525,6.89285906270832,1.99253212135552));
#3750=CARTESIAN_POINT('',(18.1637105777743,6.8928584910008,1.99154331986697));
#3751=CARTESIAN_POINT('',(18.1635914813168,6.89285765378378,1.99048092765687));
#3752=CARTESIAN_POINT('',(18.1635549726057,6.89285955109855,1.99011302196729));
#3753=CARTESIAN_POINT('',(18.1634438238755,6.89285809537802,1.98890279999166));
#3754=CARTESIAN_POINT('',(18.163378511771,6.89285811402236,1.98805517490637));
#3755=CARTESIAN_POINT('',(18.1632726012263,6.89285767594799,1.98625434799676));
#3756=CARTESIAN_POINT('',(18.1632386780476,6.89285765691337,1.98540988004371));
#3757=CARTESIAN_POINT('',(18.1632141726102,6.89285761494799,1.98454041756019));
#3758=CARTESIAN_POINT('',(18.1631986571652,6.89285723420853,1.98350742679653));
#3759=CARTESIAN_POINT('',(18.1631970479738,6.89285743434842,1.98275535970748));
#3760=CARTESIAN_POINT('',(18.1632023637617,6.89285782025562,1.98209138624128));
#3761=CARTESIAN_POINT('',(18.1632221730739,6.89285746419045,1.9810712950681));
#3762=CARTESIAN_POINT('',(18.1632547848946,6.89285720794718,1.98010077419163));
#3763=CARTESIAN_POINT('',(18.1632851102923,6.89285759656147,1.97943745370542));
#3764=CARTESIAN_POINT('',(18.1633298948439,6.89285769881458,1.97863738253285));
#3765=CARTESIAN_POINT('',(18.1634009391459,6.89285730941673,1.97760663593335));
#3766=CARTESIAN_POINT('',(18.1634685035573,6.89285736860293,1.9767887267211));
#3767=CARTESIAN_POINT('',(18.1635305371954,6.89285778336465,1.97612734113911));
#3768=CARTESIAN_POINT('',(18.1636305280824,6.89285754856647,1.97517960395162));
#3769=CARTESIAN_POINT('',(18.1637542459103,6.89285714974208,1.97415077037532));
#3770=CARTESIAN_POINT('',(18.1638431933018,6.89285752773276,1.97348372366523));
#3771=CARTESIAN_POINT('',(18.1641074263274,6.89285737510667,1.97173147876274));
#3772=CARTESIAN_POINT('',(18.1643021843113,6.8928572959017,1.97059878960277));
#3773=CARTESIAN_POINT('',(18.1644512809525,6.89285736582157,1.96979805882187));
#3774=CARTESIAN_POINT('',(18.1645794552536,6.89285773612111,1.9691478768789));
#3775=CARTESIAN_POINT('',(18.1647741553658,6.89285751254809,1.9682137996944));
#3776=CARTESIAN_POINT('',(18.1649971539589,6.89285714286953,1.9672131147541));
#3777=EDGE_CURVE('Edge_109',#3630,#3632,#3633,.T.);
#3778=CARTESIAN_POINT('',(23.0365442986664,8.04166666668111,1.9672131147541));
#3779=VERTEX_POINT('',#3778);
#3780=CARTESIAN_POINT('',(18.7758300129521,8.04166666668111,1.9672131147541));
#3781=VERTEX_POINT('',#3780);
#3782=B_SPLINE_CURVE_WITH_KNOTS('Curve_110',1,(#3783, #3784, #3785, #3786, #3787, #3788, #3789, #3790, #3791, #3792, #3793, #3794, #3795, #3796, #3797, #3798, #3799, #3800, #3801, #3802, #3803, #3804, #3805, #3806, #3807, #3808, #3809, #3810, #3811, #3812, #3813, #3814, #3815, #3816, #3817, #3818, #3819, #3820, #3821, #3822, #3823, #3824, #3825, #3826, #3827, #3828, #3829, #3830, #3831, #3832, #3833, #3834, #3835, #3836, #3837, #3838, #3839, #3840, #3841, #3842, #3843, #3844, #3845, #3846, #3847, #3848, #3849, #3850, #3851, #3852, #3853, #3854, #3855, #3856, #3857, #3858, #3859, #3860, #3861, #3862, #3863, #3864, #3865, #3866, #3867, #3868, #3869, #3870, #3871, #3872, #3873, #3874, #3875, #3876, #3877, #3878, #3879, #3880, #3881, #3882, #3883, #3884, #3885, #3886, #3887, #3888, #3889, #3890, #3891, #3892, #3893, #3894, #3895, #3896, #3897, #3898, #3899, #3900, #3901, #3902, #3903, #3904, #3905, #3906, #3907, #3908, #3909, #3910, #3911, #3912, #3913, #3914, #3915, #3916, #3917, #3918, #3919, #3920, #3921, #3922, #3923),.POLYLINE_FORM.,.F.,.F.,(2,1,1,1,1,1,1,1,1,1,1,1,1,1,1,1,1,1,1,1,1,1,1,1,1,1,1,1,1,1,1,1,1,1,1,1,1,1,1,1,1,1,1,1,1,1,1,1,1,1,1,1,1,1,1,1,1,1,1,1,1,1,1,1,1,1,1,1,1,1,1,1,1,1,1,1,1,1,1,1,1,1,1,1,1,1,1,1,1,1,1,1,1,1,1,1,1,1,1,1,1,1,1,1,1,1,1,1,1,1,1,1,1,1,1,1,1,1,1,1,1,1,1,1,1,1,1,1,1,1,1,1,1,1,1,1,1,1,1,1,2),(0.,1.,2.,3.,4.,5.,6.,7.,8.,9.,10.,11.,12.,13.,14.,15.,16.,17.,18.,19.,20.,21.,22.,23.,24.,25.,26.,27.,28.,29.,30.,31.,32.,33.,34.,35.,36.,37.,38.,39.,40.,41.,42.,43.,44.,45.,46.,47.,48.,49.,50.,51.,52.,53.,54.,55.,56.,57.,58.,59.,60.,61.,62.,63.,64.,65.,66.,67.,68.,69.,70.,71.,72.,73.,74.,75.,76.,77.,78.,79.,80.,81.,82.,83.,84.,85.,86.,87.,88.,89.,90.,91.,92.,93.,94.,95.,96.,97.,98.,99.,100.,101.,102.,103.,104.,105.,106.,107.,108.,109.,110.,111.,112.,113.,114.,115.,116.,117.,118.,119.,120.,121.,122.,123.,124.,125.,126.,127.,128.,129.,130.,131.,132.,133.,134.,135.,136.,137.,138.,139.,140.),.UNIFORM_KNOTS.);
#3783=CARTESIAN_POINT('',(23.0365442986664,8.04166666668111,1.9672131147541));
#3784=CARTESIAN_POINT('',(22.3599526194229,8.04166665540152,2.06515855140209));
#3785=CARTESIAN_POINT('',(21.7823618235577,8.04166666167379,2.13778167701691));
#3786=CARTESIAN_POINT('',(21.4426173361081,8.04166665972686,2.17544955355373));
#3787=CARTESIAN_POINT('',(21.0530547902442,8.04166661590756,2.21314326694909));
#3788=CARTESIAN_POINT('',(20.7695756608733,8.04166666094247,2.23607189636214));
#3789=CARTESIAN_POINT('',(20.5725939190355,8.04166666716207,2.24929303261215));
#3790=CARTESIAN_POINT('',(20.3769594103106,8.04166668187129,2.25982432475448));
#3791=CARTESIAN_POINT('',(20.0784731185351,8.04166672978176,2.2698627007697));
#3792=CARTESIAN_POINT('',(19.8837131511065,8.04166668891188,2.27159015644392));
#3793=CARTESIAN_POINT('',(19.7851555625775,8.04166667928354,2.27069926413835));
#3794=CARTESIAN_POINT('',(19.687070933687,8.04166670243405,2.26846408247474));
#3795=CARTESIAN_POINT('',(19.5886578047717,8.04166670083539,2.26465047182842));
#3796=CARTESIAN_POINT('',(19.5259057527724,8.04166668488948,2.26115064974185));
#3797=CARTESIAN_POINT('',(19.4768212172127,8.0416666856507,2.25768997242896));
#3798=CARTESIAN_POINT('',(19.4278695273874,8.04166669766012,2.25348769600408));
#3799=CARTESIAN_POINT('',(19.3789625335374,8.04166669993045,2.24842856254994));
#3800=CARTESIAN_POINT('',(19.3546950482434,8.04166674963755,2.24557544168713));
#3801=CARTESIAN_POINT('',(19.3301625813275,8.04166670382392,2.24242313575472));
#3802=CARTESIAN_POINT('',(19.3056901901495,8.04166667127444,2.23901759725572));
#3803=CARTESIAN_POINT('',(19.274442576018,8.04166691010362,2.23423717592602));
#3804=CARTESIAN_POINT('',(19.2262241520865,8.04166718650661,2.22585236579759));
#3805=CARTESIAN_POINT('',(19.1994104297816,8.04166673078321,2.22060963866846));
#3806=CARTESIAN_POINT('',(19.1752732809531,8.0416666858404,2.21550559273547));
#3807=CARTESIAN_POINT('',(19.1487771069996,8.04166716588487,2.20944905948454));
#3808=CARTESIAN_POINT('',(19.1250651832643,8.04166746004034,2.20359582632623));
#3809=CARTESIAN_POINT('',(19.1012954083648,8.04166753245467,2.19728726471436));
#3810=CARTESIAN_POINT('',(19.0775092485465,8.04166735351905,2.19050113051083));
#3811=CARTESIAN_POINT('',(19.0542610185769,8.04166704291928,2.18337276544941));
#3812=CARTESIAN_POINT('',(19.0348999395939,8.04166798480791,2.17702589645743));
#3813=CARTESIAN_POINT('',(19.0189470627359,8.04166673234088,2.17149301370344));
#3814=CARTESIAN_POINT('',(19.0092647723468,8.04166699168483,2.16799392058584));
#3815=CARTESIAN_POINT('',(18.9979293850695,8.04166680625635,2.16375477348096));
#3816=CARTESIAN_POINT('',(18.9864009435842,8.04166669301948,2.15927629170805));
#3817=CARTESIAN_POINT('',(18.9750466574278,8.04166676945154,2.15469064456251));
#3818=CARTESIAN_POINT('',(18.9637868493032,8.04166691742376,2.14996145321197));
#3819=CARTESIAN_POINT('',(18.9525958455329,8.04166710115079,2.1450702532849));
#3820=CARTESIAN_POINT('',(18.9414819967462,8.0416673129782,2.14000720311889));
#3821=CARTESIAN_POINT('',(18.9303261242054,8.04166721989597,2.13470168424908));
#3822=CARTESIAN_POINT('',(18.9192518871507,8.04166706355924,2.12919664622767));
#3823=CARTESIAN_POINT('',(18.9082798354621,8.04166688225802,2.12348959836175));
#3824=CARTESIAN_POINT('',(18.9030361434616,8.04166744919049,2.12066590383842));
#3825=CARTESIAN_POINT('',(18.8974248787422,8.0416666738599,2.11757145224176));
#3826=CARTESIAN_POINT('',(18.8922997317003,8.0416675498805,2.11467387595182));
#3827=CARTESIAN_POINT('',(18.8868280101507,8.04166694782167,2.11150071093981));
#3828=CARTESIAN_POINT('',(18.8816363807439,8.04166735163858,2.10840908356731));
#3829=CARTESIAN_POINT('',(18.8763729777064,8.04166727848172,2.10519040860536));
#3830=CARTESIAN_POINT('',(18.8711254104834,8.04166709986968,2.10189219759358));
#3831=CARTESIAN_POINT('',(18.8670668397359,8.04166692429475,2.09927702576594));
#3832=CARTESIAN_POINT('',(18.8619631594724,8.04166700936807,2.09590209311764));
#3833=CARTESIAN_POINT('',(18.8568532851837,8.04166693710403,2.09241837684585));
#3834=CARTESIAN_POINT('',(18.8517966529283,8.0416668509124,2.08885857590049));
#3835=CARTESIAN_POINT('',(18.8467974290809,8.0416667499221,2.0852194324427));
#3836=CARTESIAN_POINT('',(18.8444269742243,8.04166709434403,2.0834490349299));
#3837=CARTESIAN_POINT('',(18.8418766045338,8.04166669935767,2.08151057093853));
#3838=CARTESIAN_POINT('',(18.8389545129619,8.0416682147848,2.07924345602903));
#3839=CARTESIAN_POINT('',(18.8340423261135,8.04166734588075,2.075318590215));
#3840=CARTESIAN_POINT('',(18.8318006638713,8.04166864016168,2.07347464080769));
#3841=CARTESIAN_POINT('',(18.8293656165125,8.04166794614869,2.07143235406085));
#3842=CARTESIAN_POINT('',(18.8269131295029,8.04166671730753,2.06933065093053));
#3843=CARTESIAN_POINT('',(18.8247300227672,8.04166813519692,2.06741811382262));
#3844=CARTESIAN_POINT('',(18.8224995634778,8.04166892703305,2.06542244097248));
#3845=CARTESIAN_POINT('',(18.8201076608487,8.04166747051314,2.06323327788796));
#3846=CARTESIAN_POINT('',(18.8178654859582,8.04166745399605,2.06113019090981));
#3847=CARTESIAN_POINT('',(18.81577253664,8.04166918231682,2.0591192868722));
#3848=CARTESIAN_POINT('',(18.8127670257095,8.04166668953351,2.05614848429321));
#3849=CARTESIAN_POINT('',(18.8112653121312,8.04166670895718,2.0546217117941));
#3850=CARTESIAN_POINT('',(18.8093095968173,8.04166735280385,2.05258765913544));
#3851=CARTESIAN_POINT('',(18.8071687273758,8.04166699736759,2.05029846755323));
#3852=CARTESIAN_POINT('',(18.805119608018,8.04166716739137,2.04804006047381));
#3853=CARTESIAN_POINT('',(18.8031006151496,8.04166728893862,2.04574508943189));
#3854=CARTESIAN_POINT('',(18.8010730812055,8.04166695084264,2.04336383176271));
#3855=CARTESIAN_POINT('',(18.7991811165159,8.04166768386207,2.04106269519898));
#3856=CARTESIAN_POINT('',(18.7971909800088,8.04166667139423,2.03855204973044));
#3857=CARTESIAN_POINT('',(18.795407596874,8.04166779123215,2.03621191038035));
#3858=CARTESIAN_POINT('',(18.7944431788371,8.04166707321266,2.03490872468301));
#3859=CARTESIAN_POINT('',(18.7935386721222,8.04166701813419,2.03365937855206));
#3860=CARTESIAN_POINT('',(18.7926996257587,8.0416678146845,2.03247525116311));
#3861=CARTESIAN_POINT('',(18.7918051796907,8.0416675626302,2.03118603721824));
#3862=CARTESIAN_POINT('',(18.7906735724224,8.04166740724849,2.0295100709916));
#3863=CARTESIAN_POINT('',(18.7890155606087,8.04166771323789,2.02695256999787));
#3864=CARTESIAN_POINT('',(18.7882134688841,8.04166799539694,2.02566657731197));
#3865=CARTESIAN_POINT('',(18.7873720633358,8.04166705937107,2.02428045798126));
#3866=CARTESIAN_POINT('',(18.7866013223697,8.04166726949464,2.02297231285662));
#3867=CARTESIAN_POINT('',(18.7858806823464,8.04166833470002,2.02171285247585));
#3868=CARTESIAN_POINT('',(18.7851070532589,8.04166768225554,2.02032052573058));
#3869=CARTESIAN_POINT('',(18.7843447297785,8.04166673413624,2.01890200348678));
#3870=CARTESIAN_POINT('',(18.7836765061938,8.04166786468979,2.01761418018136));
#3871=CARTESIAN_POINT('',(18.7830034225103,8.0416683904716,2.0162731769426));
#3872=CARTESIAN_POINT('',(18.782296745115,8.04166725272566,2.0148139623921));
#3873=CARTESIAN_POINT('',(18.7816500586981,8.04166729910328,2.01342371880737));
#3874=CARTESIAN_POINT('',(18.7810580439592,8.04166860245006,2.01209845598667));
#3875=CARTESIAN_POINT('',(18.78043568945,8.04166803044344,2.0106476843427));
#3876=CARTESIAN_POINT('',(18.7798212371824,8.04166670034553,2.00914707734416));
#3877=CARTESIAN_POINT('',(18.7792933927116,8.0416680228762,2.00779084204186));
#3878=CARTESIAN_POINT('',(18.778776969323,8.04166893835195,2.00639767237238));
#3879=CARTESIAN_POINT('',(18.7782393653874,8.04166752330473,2.00486830921197));
#3880=CARTESIAN_POINT('',(18.7777538576007,8.04166731959546,2.00339897473135));
#3881=CARTESIAN_POINT('',(18.7773243285453,8.04166891648242,2.00201298884416));
#3882=CARTESIAN_POINT('',(18.7768881901045,8.04166848997795,2.0005114381143));
#3883=CARTESIAN_POINT('',(18.7764667677992,8.04166685368719,1.99894554766042));
#3884=CARTESIAN_POINT('',(18.7761144334792,8.04166816857368,1.99751788427953));
#3885=CARTESIAN_POINT('',(18.7757895382626,8.04166954106025,1.9960825707098));
#3886=CARTESIAN_POINT('',(18.7756120980511,8.04166774006328,1.99524459655244));
#3887=CARTESIAN_POINT('',(18.7754626532631,8.0416678361661,1.99449412844405));
#3888=CARTESIAN_POINT('',(18.7753361284777,8.04166955945482,1.99381963719967));
#3889=CARTESIAN_POINT('',(18.7751814955206,8.04166728545624,1.99295694390268));
#3890=CARTESIAN_POINT('',(18.7750640346193,8.04166836972699,1.9922477793304));
#3891=CARTESIAN_POINT('',(18.7749515450828,8.04166914325998,1.9915241330976));
#3892=CARTESIAN_POINT('',(18.7748251054704,8.04166680356144,1.99065705604797));
#3893=CARTESIAN_POINT('',(18.7747374830064,8.04166893260592,1.98999032975208));
#3894=CARTESIAN_POINT('',(18.7746427178967,8.04166870011941,1.98921771474973));
#3895=CARTESIAN_POINT('',(18.7745492780577,8.04166705052051,1.98838039332969));
#3896=CARTESIAN_POINT('',(18.7744853301075,8.04166952527448,1.98772377324656));
#3897=CARTESIAN_POINT('',(18.7744121262684,8.04166822897478,1.98690251244081));
#3898=CARTESIAN_POINT('',(18.7743513829885,8.04166760445091,1.98610856990773));
#3899=CARTESIAN_POINT('',(18.7743099083335,8.0416701478487,1.98545010269669));
#3900=CARTESIAN_POINT('',(18.7742622489999,8.0416677290255,1.98458065716103));
#3901=CARTESIAN_POINT('',(18.7742382781498,8.04166703972016,1.9840231099604));
#3902=CARTESIAN_POINT('',(18.7742129444867,8.0416667974191,1.98323499820417));
#3903=CARTESIAN_POINT('',(18.7741984615932,8.04166730386952,1.98250953123173));
#3904=CARTESIAN_POINT('',(18.7741916984706,8.04166731898061,1.98174240792613));
#3905=CARTESIAN_POINT('',(18.7741941622675,8.04166681151504,1.98093164870328));
#3906=CARTESIAN_POINT('',(18.7742058834376,8.04166703229846,1.98018188050879));
#3907=CARTESIAN_POINT('',(18.7742257183318,8.04166754690595,1.97945642861705));
#3908=CARTESIAN_POINT('',(18.7742568425964,8.04166709289993,1.97865093796347));
#3909=CARTESIAN_POINT('',(18.7742976280083,8.04166675584823,1.97785590553298));
#3910=CARTESIAN_POINT('',(18.7743439224174,8.04166727428303,1.97713169115694));
#3911=CARTESIAN_POINT('',(18.7744010603449,8.04166738011795,1.97637403276574));
#3912=CARTESIAN_POINT('',(18.7744717773921,8.04166686603247,1.97556633781046));
#3913=CARTESIAN_POINT('',(18.7745478418922,8.04166700576473,1.97481215509571));
#3914=CARTESIAN_POINT('',(18.774629798747,8.04166752747356,1.97408929319446));
#3915=CARTESIAN_POINT('',(18.7747293160064,8.04166714085428,1.97329427057108));
#3916=CARTESIAN_POINT('',(18.7748396359002,8.04166671158388,1.97249542843831));
#3917=CARTESIAN_POINT('',(18.7749483975502,8.04166722202263,1.97177530311068));
#3918=CARTESIAN_POINT('',(18.7750694942747,8.04166740132867,1.97103044150469));
#3919=CARTESIAN_POINT('',(18.7752091737857,8.04166689441717,1.97023016922352));
#3920=CARTESIAN_POINT('',(18.7753500210802,8.041666937549,1.96947863079691));
#3921=CARTESIAN_POINT('',(18.7754916954511,8.04166742906174,1.96876875932279));
#3922=CARTESIAN_POINT('',(18.7756543662998,8.04166715719805,1.96799813038128));
#3923=CARTESIAN_POINT('',(18.7758300129521,8.04166666668111,1.9672131147541));
#3924=EDGE_CURVE('Edge_110',#3779,#3781,#3782,.T.);
#3925=CARTESIAN_POINT('',(23.2271390624214,9.1904761904927,1.9672131147541));
#3926=VERTEX_POINT('',#3925);
#3927=CARTESIAN_POINT('',(19.3866628719452,9.1904761904927,1.9672131147541));
#3928=VERTEX_POINT('',#3927);
#3929=B_SPLINE_CURVE_WITH_KNOTS('Curve_111',1,(#3930, #3931, #3932, #3933, #3934, #3935, #3936, #3937, #3938, #3939, #3940, #3941, #3942, #3943, #3944, #3945, #3946, #3947, #3948, #3949, #3950, #3951, #3952, #3953, #3954, #3955, #3956, #3957, #3958, #3959, #3960, #3961, #3962, #3963, #3964, #3965, #3966, #3967, #3968, #3969, #3970, #3971, #3972, #3973, #3974, #3975, #3976, #3977, #3978, #3979, #3980, #3981, #3982, #3983, #3984, #3985, #3986, #3987, #3988, #3989, #3990, #3991, #3992, #3993, #3994, #3995, #3996, #3997, #3998, #3999, #4000, #4001, #4002, #4003, #4004, #4005, #4006, #4007, #4008, #4009, #4010, #4011, #4012, #4013, #4014, #4015, #4016, #4017, #4018, #4019, #4020, #4021, #4022, #4023, #4024, #4025, #4026, #4027, #4028, #4029, #4030, #4031, #4032, #4033, #4034, #4035, #4036, #4037, #4038, #4039, #4040, #4041, #4042, #4043, #4044, #4045, #4046, #4047, #4048, #4049, #4050, #4051, #4052, #4053, #4054, #4055, #4056, #4057, #4058, #4059, #4060, #4061, #4062, #4063, #4064, #4065, #4066, #4067, #4068),.POLYLINE_FORM.,.F.,.F.,(2,1,1,1,1,1,1,1,1,1,1,1,1,1,1,1,1,1,1,1,1,1,1,1,1,1,1,1,1,1,1,1,1,1,1,1,1,1,1,1,1,1,1,1,1,1,1,1,1,1,1,1,1,1,1,1,1,1,1,1,1,1,1,1,1,1,1,1,1,1,1,1,1,1,1,1,1,1,1,1,1,1,1,1,1,1,1,1,1,1,1,1,1,1,1,1,1,1,1,1,1,1,1,1,1,1,1,1,1,1,1,1,1,1,1,1,1,1,1,1,1,1,1,1,1,1,1,1,1,1,1,1,1,1,1,1,1,1,2),(0.,1.,2.,3.,4.,5.,6.,7.,8.,9.,10.,11.,12.,13.,14.,15.,16.,17.,18.,19.,20.,21.,22.,23.,24.,25.,26.,27.,28.,29.,30.,31.,32.,33.,34.,35.,36.,37.,38.,39.,40.,41.,42.,43.,44.,45.,46.,47.,48.,49.,50.,51.,52.,53.,54.,55.,56.,57.,58.,59.,60.,61.,62.,63.,64.,65.,66.,67.,68.,69.,70.,71.,72.,73.,74.,75.,76.,77.,78.,79.,80.,81.,82.,83.,84.,85.,86.,87.,88.,89.,90.,91.,92.,93.,94.,95.,96.,97.,98.,99.,100.,101.,102.,103.,104.,105.,106.,107.,108.,109.,110.,111.,112.,113.,114.,115.,116.,117.,118.,119.,120.,121.,122.,123.,124.,125.,126.,127.,128.,129.,130.,131.,132.,133.,134.,135.,136.,137.,138.),.UNIFORM_KNOTS.);
#3930=CARTESIAN_POINT('',(23.2271390624214,9.1904761904927,1.9672131147541));
#3931=CARTESIAN_POINT('',(22.624690648735,9.19047603741578,2.05450067435962));
#3932=CARTESIAN_POINT('',(22.1092464709395,9.19047613073516,2.11948616714154));
#3933=CARTESIAN_POINT('',(21.7601939138536,9.19047617880944,2.15805824042993));
#3934=CARTESIAN_POINT('',(21.4536624210097,9.19047617771969,2.18761411122946));
#3935=CARTESIAN_POINT('',(21.1826460779953,9.1904761865826,2.20963581641623));
#3936=CARTESIAN_POINT('',(21.0066838403914,9.190476191381,2.22144246304793));
#3937=CARTESIAN_POINT('',(20.8375218491002,9.19047619722138,2.23060554392359));
#3938=CARTESIAN_POINT('',(20.5476485539394,9.19047631093577,2.24026049209424));
#3939=CARTESIAN_POINT('',(20.3815343049651,9.19047620542294,2.24155830078186));
#3940=CARTESIAN_POINT('',(20.296833006199,9.19047621211563,2.24077231443536));
#3941=CARTESIAN_POINT('',(20.2086764279821,9.19047620515548,2.23877086040087));
#3942=CARTESIAN_POINT('',(20.1197945852543,9.19047624945021,2.2353366167875));
#3943=CARTESIAN_POINT('',(20.063283262996,9.19047619543027,2.2321925899822));
#3944=CARTESIAN_POINT('',(20.0187905497909,9.19047622290433,2.22906158760301));
#3945=CARTESIAN_POINT('',(19.975115910987,9.19047619362089,2.22532024585021));
#3946=CARTESIAN_POINT('',(19.9306221887617,9.1904762475645,2.22072736058991));
#3947=CARTESIAN_POINT('',(19.9089173564498,9.19047622428869,2.21817969457522));
#3948=CARTESIAN_POINT('',(19.8871789941229,9.19047619477936,2.21539356798235));
#3949=CARTESIAN_POINT('',(19.8649928933367,9.19047624041954,2.21231496449876));
#3950=CARTESIAN_POINT('',(19.8370523805187,9.19047651599826,2.20805388115812));
#3951=CARTESIAN_POINT('',(19.7939881421024,9.1904763570946,2.20059583732761));
#3952=CARTESIAN_POINT('',(19.769385392363,9.19047621531729,2.19580407691294));
#3953=CARTESIAN_POINT('',(19.7474682502161,9.19047629839796,2.19118270555417));
#3954=CARTESIAN_POINT('',(19.7240937549932,9.19047670525408,2.18585820525848));
#3955=CARTESIAN_POINT('',(19.7028725274893,9.19047656450425,2.18064370962319));
#3956=CARTESIAN_POINT('',(19.681744437047,9.19047637982346,2.17506598578777));
#3957=CARTESIAN_POINT('',(19.6634395017217,9.19047708174283,2.16990127122096));
#3958=CARTESIAN_POINT('',(19.6425161781869,9.19047693275651,2.16359207514837));
#3959=CARTESIAN_POINT('',(19.6217279953674,9.19047671344568,2.15685364489158));
#3960=CARTESIAN_POINT('',(19.605085353421,9.19047624304707,2.15108973368102));
#3961=CARTESIAN_POINT('',(19.5947104928504,9.19047622926328,2.14731957753849));
#3962=CARTESIAN_POINT('',(19.5842329045813,9.19047633408456,2.14336522403453));
#3963=CARTESIAN_POINT('',(19.573807618162,9.19047645499558,2.1392750462684));
#3964=CARTESIAN_POINT('',(19.56343881848,9.19047659324576,2.13504360475349));
#3965=CARTESIAN_POINT('',(19.5532923485627,9.19047658595212,2.13073553112802));
#3966=CARTESIAN_POINT('',(19.5432974643209,9.19047649114936,2.12631839022074));
#3967=CARTESIAN_POINT('',(19.5333730914476,9.1904763640503,2.12174635652507));
#3968=CARTESIAN_POINT('',(19.5235260556811,9.19047621007384,2.11701177839043));
#3969=CARTESIAN_POINT('',(19.5135484224592,9.19047634762755,2.11199830545215));
#3970=CARTESIAN_POINT('',(19.5036372999204,9.19047656033064,2.10678449390609));
#3971=CARTESIAN_POINT('',(19.4988397619551,9.19047647989855,2.10417027878671));
#3972=CARTESIAN_POINT('',(19.49383163963,9.1904768398198,2.10137377073514));
#3973=CARTESIAN_POINT('',(19.4893263596062,9.19047628271796,2.09879468149138));
#3974=CARTESIAN_POINT('',(19.4841745524807,9.1904771001333,2.0957666942669));
#3975=CARTESIAN_POINT('',(19.4811457324181,9.19047700179256,2.09394581602511));
#3976=CARTESIAN_POINT('',(19.4766677948003,9.19047648816625,2.0911957756028));
#3977=CARTESIAN_POINT('',(19.4718712371115,9.19047680007283,2.08816924285332));
#3978=CARTESIAN_POINT('',(19.4685145459819,9.19047634943354,2.08599939813837));
#3979=CARTESIAN_POINT('',(19.4638472580637,9.19047644354699,2.08290463364737));
#3980=CARTESIAN_POINT('',(19.4592644422573,9.19047648913791,2.07977076121987));
#3981=CARTESIAN_POINT('',(19.4548011239667,9.19047641757308,2.07661997180456));
#3982=CARTESIAN_POINT('',(19.4503877851611,9.19047633312698,2.07340026655959));
#3983=CARTESIAN_POINT('',(19.4480955746223,9.19047648543417,2.0716840345547));
#3984=CARTESIAN_POINT('',(19.4460279621621,9.19047623503042,2.07010888060986));
#3985=CARTESIAN_POINT('',(19.4427305681668,9.190477814365,2.0675400495415));
#3986=CARTESIAN_POINT('',(19.4387455632365,9.19047646865133,2.06433945194079));
#3987=CARTESIAN_POINT('',(19.4363901396982,9.19047756448159,2.06239199749598));
#3988=CARTESIAN_POINT('',(19.4342814625273,9.19047763095377,2.06061145884032));
#3989=CARTESIAN_POINT('',(19.432405478604,9.19047650191861,2.05899627665978));
#3990=CARTESIAN_POINT('',(19.4302221946818,9.19047709951967,2.05707569026888));
#3991=CARTESIAN_POINT('',(19.4272453310269,9.19047708908176,2.05438303994341));
#3992=CARTESIAN_POINT('',(19.4235560525462,9.19047699122175,2.05091545885399));
#3993=CARTESIAN_POINT('',(19.4203829853529,9.19047675913484,2.04780437935282));
#3994=CARTESIAN_POINT('',(19.4185797008397,9.19047622519505,2.04597644432132));
#3995=CARTESIAN_POINT('',(19.4165115960808,9.19047688921915,2.04381983119876));
#3996=CARTESIAN_POINT('',(19.4147477490566,9.19047636305863,2.04192670856239));
#3997=CARTESIAN_POINT('',(19.4128189997341,9.19047673439976,2.03979368568554));
#3998=CARTESIAN_POINT('',(19.4110239394079,9.19047660910923,2.03774515967238));
#3999=CARTESIAN_POINT('',(19.4092515049905,9.19047655797416,2.03565578227863));
#4000=CARTESIAN_POINT('',(19.4074399620397,9.19047693829343,2.033442780402));
#4001=CARTESIAN_POINT('',(19.4058266809105,9.19047631625152,2.0313993774502));
#4002=CARTESIAN_POINT('',(19.4040208932041,9.19047728516616,2.02901912951667));
#4003=CARTESIAN_POINT('',(19.4032872792405,9.19047667178138,2.02802234571636));
#4004=CARTESIAN_POINT('',(19.4025184807236,9.19047636141765,2.02695702683203));
#4005=CARTESIAN_POINT('',(19.4016376840785,9.19047704218554,2.02570832878859));
#4006=CARTESIAN_POINT('',(19.4008522039465,9.19047709746281,2.02456875031028));
#4007=CARTESIAN_POINT('',(19.4001598642864,9.1904763920096,2.02354246219733));
#4008=CARTESIAN_POINT('',(19.3993623182551,9.19047673820531,2.02233113716384));
#4009=CARTESIAN_POINT('',(19.3985378964371,9.1904775484459,2.02104420662884));
#4010=CARTESIAN_POINT('',(19.397876730912,9.19047684684642,2.01998578517556));
#4011=CARTESIAN_POINT('',(19.397202568462,9.19047635458113,2.01887901606874));
#4012=CARTESIAN_POINT('',(19.3964249378006,9.19047721900812,2.01756367919033));
#4013=CARTESIAN_POINT('',(19.3957277664044,9.19047738096,2.0163475887724));
#4014=CARTESIAN_POINT('',(19.3951253891464,9.19047649910836,2.01526656071402));
#4015=CARTESIAN_POINT('',(19.394445439207,9.19047681415351,2.01400674309116));
#4016=CARTESIAN_POINT('',(19.3937401306366,9.19047781052812,2.01265165756168));
#4017=CARTESIAN_POINT('',(19.3931712934107,9.19047705445946,2.01152117572561));
#4018=CARTESIAN_POINT('',(19.3926121497779,9.19047632872738,2.01037226628544));
#4019=CARTESIAN_POINT('',(19.3919649177412,9.19047738426658,2.00898784027065));
#4020=CARTESIAN_POINT('',(19.3913841306834,9.19047771887961,2.00769186811773));
#4021=CARTESIAN_POINT('',(19.3908942960912,9.19047664108067,2.00655495460077));
#4022=CARTESIAN_POINT('',(19.3903555290531,9.19047688613729,2.00524754201899));
#4023=CARTESIAN_POINT('',(19.3897987205863,9.19047811289927,2.00382458137324));
#4024=CARTESIAN_POINT('',(19.3893508235105,9.19047734320251,2.00262158127646));
#4025=CARTESIAN_POINT('',(19.3889301647567,9.19047628511813,2.00143433085064));
#4026=CARTESIAN_POINT('',(19.3884472132704,9.19047758809394,1.99998494502206));
#4027=CARTESIAN_POINT('',(19.3880193237495,9.19047815690955,1.99861237868665));
#4028=CARTESIAN_POINT('',(19.387671657394,9.19047683290026,1.99742456458091));
#4029=CARTESIAN_POINT('',(19.3874395481832,9.19047861898797,1.99658061627786));
#4030=CARTESIAN_POINT('',(19.3873050537318,9.19047695943509,1.99607744335483));
#4031=CARTESIAN_POINT('',(19.3871272823278,9.19047723697118,1.99538268675465));
#4032=CARTESIAN_POINT('',(19.3869352809632,9.19047843366189,1.99459440968167));
#4033=CARTESIAN_POINT('',(19.3866453117077,9.1904776639809,1.99332495778638));
#4034=CARTESIAN_POINT('',(19.3863912053012,9.19047621110092,1.99210916549599));
#4035=CARTESIAN_POINT('',(19.3862280244898,9.19047811483278,1.99125332927454));
#4036=CARTESIAN_POINT('',(19.3861115593072,9.19047774904913,1.99060674743342));
#4037=CARTESIAN_POINT('',(19.3860135942792,9.1904765886335,1.9900342070901));
#4038=CARTESIAN_POINT('',(19.3858777000147,9.19047859024546,1.98916975221557));
#4039=CARTESIAN_POINT('',(19.3857928658024,9.19047737400713,1.98859621071582));
#4040=CARTESIAN_POINT('',(19.3857035242802,9.19047703194824,1.98794451649498));
#4041=CARTESIAN_POINT('',(19.3855971714984,9.19047903461242,1.98708114976785));
#4042=CARTESIAN_POINT('',(19.3855390065722,9.1904769758512,1.98657687581789));
#4043=CARTESIAN_POINT('',(19.3854640341506,9.19047749973487,1.98584597630436));
#4044=CARTESIAN_POINT('',(19.3853933489702,9.19047867055496,1.98505637228346));
#4045=CARTESIAN_POINT('',(19.3853520231759,9.19047655385066,1.98455049763263));
#4046=CARTESIAN_POINT('',(19.3852974042007,9.19047799221501,1.98374053650116));
#4047=CARTESIAN_POINT('',(19.3852341205035,9.19047621135748,1.98252150179495));
#4048=CARTESIAN_POINT('',(19.3852084145147,9.19047660182694,1.98176501475113));
#4049=CARTESIAN_POINT('',(19.3851927111986,9.19047687594382,1.98102821076336));
#4050=CARTESIAN_POINT('',(19.3851863434041,9.19047644303008,1.98040935297488));
#4051=CARTESIAN_POINT('',(19.3851871349126,9.19047637388294,1.97972935284015));
#4052=CARTESIAN_POINT('',(19.3851977884998,9.19047681264255,1.97896530611016));
#4053=CARTESIAN_POINT('',(19.3852151130327,9.1904766790399,1.97829651268766));
#4054=CARTESIAN_POINT('',(19.385237873983,9.19047623928149,1.97767796471844));
#4055=CARTESIAN_POINT('',(19.3852747297671,9.19047658385228,1.97693076570725));
#4056=CARTESIAN_POINT('',(19.3853211943979,9.19047691987872,1.9761861359959));
#4057=CARTESIAN_POINT('',(19.3853667441222,9.19047647697588,1.97556889564447));
#4058=CARTESIAN_POINT('',(19.3854239022779,9.19047635067684,1.97490038520184));
#4059=CARTESIAN_POINT('',(19.3854991890991,9.19047681676658,1.97413924923996));
#4060=CARTESIAN_POINT('',(19.3855746381528,9.19047672075761,1.97346399622875));
#4061=CARTESIAN_POINT('',(19.3856505385198,9.19047626714869,1.97284780218892));
#4062=CARTESIAN_POINT('',(19.3857504902835,9.19047655844146,1.97211272571498));
#4063=CARTESIAN_POINT('',(19.3858624207944,9.19047693644281,1.97136325537743));
#4064=CARTESIAN_POINT('',(19.3859610316091,9.19047649450503,1.97075025877073));
#4065=CARTESIAN_POINT('',(19.3860737534171,9.19047631865476,1.97009646181684));
#4066=CARTESIAN_POINT('',(19.3862130811694,9.19047674463826,1.96934501251086));
#4067=CARTESIAN_POINT('',(19.3864246714304,9.19047660016669,1.96829354041017));
#4068=CARTESIAN_POINT('',(19.3866628719452,9.1904761904927,1.9672131147541));
#4069=EDGE_CURVE('Edge_111',#3926,#3928,#3929,.T.);
#4070=CARTESIAN_POINT('',(23.4177338261765,10.3392857143043,1.9672131147541));
#4071=VERTEX_POINT('',#4070);
#4072=CARTESIAN_POINT('',(19.9974957309384,10.3392857143043,1.9672131147541));
#4073=VERTEX_POINT('',#4072);
#4074=B_SPLINE_CURVE_WITH_KNOTS('Curve_112',1,(#4075, #4076, #4077, #4078, #4079, #4080, #4081, #4082, #4083, #4084, #4085, #4086, #4087, #4088, #4089, #4090, #4091, #4092, #4093, #4094, #4095, #4096, #4097, #4098, #4099, #4100, #4101, #4102, #4103, #4104, #4105, #4106, #4107, #4108, #4109, #4110, #4111, #4112, #4113, #4114, #4115, #4116, #4117, #4118, #4119, #4120, #4121, #4122, #4123, #4124, #4125, #4126, #4127, #4128, #4129, #4130, #4131, #4132, #4133, #4134, #4135, #4136, #4137, #4138, #4139, #4140, #4141, #4142, #4143, #4144, #4145, #4146, #4147, #4148, #4149, #4150, #4151, #4152, #4153, #4154, #4155, #4156, #4157, #4158, #4159, #4160, #4161, #4162, #4163, #4164, #4165, #4166, #4167, #4168, #4169, #4170, #4171, #4172, #4173, #4174, #4175, #4176, #4177, #4178, #4179, #4180, #4181, #4182, #4183, #4184, #4185, #4186, #4187, #4188, #4189, #4190, #4191, #4192, #4193, #4194, #4195, #4196, #4197, #4198, #4199, #4200, #4201, #4202, #4203, #4204, #4205, #4206, #4207, #4208, #4209, #4210, #4211, #4212, #4213, #4214, #4215, #4216, #4217),.POLYLINE_FORM.,.F.,.F.,(2,1,1,1,1,1,1,1,1,1,1,1,1,1,1,1,1,1,1,1,1,1,1,1,1,1,1,1,1,1,1,1,1,1,1,1,1,1,1,1,1,1,1,1,1,1,1,1,1,1,1,1,1,1,1,1,1,1,1,1,1,1,1,1,1,1,1,1,1,1,1,1,1,1,1,1,1,1,1,1,1,1,1,1,1,1,1,1,1,1,1,1,1,1,1,1,1,1,1,1,1,1,1,1,1,1,1,1,1,1,1,1,1,1,1,1,1,1,1,1,1,1,1,1,1,1,1,1,1,1,1,1,1,1,1,1,1,1,1,1,1,1,2),(0.,1.,2.,3.,4.,5.,6.,7.,8.,9.,10.,11.,12.,13.,14.,15.,16.,17.,18.,19.,20.,21.,22.,23.,24.,25.,26.,27.,28.,29.,30.,31.,32.,33.,34.,35.,36.,37.,38.,39.,40.,41.,42.,43.,44.,45.,46.,47.,48.,49.,50.,51.,52.,53.,54.,55.,56.,57.,58.,59.,60.,61.,62.,63.,64.,65.,66.,67.,68.,69.,70.,71.,72.,73.,74.,75.,76.,77.,78.,79.,80.,81.,82.,83.,84.,85.,86.,87.,88.,89.,90.,91.,92.,93.,94.,95.,96.,97.,98.,99.,100.,101.,102.,103.,104.,105.,106.,107.,108.,109.,110.,111.,112.,113.,114.,115.,116.,117.,118.,119.,120.,121.,122.,123.,124.,125.,126.,127.,128.,129.,130.,131.,132.,133.,134.,135.,136.,137.,138.,139.,140.,141.,142.),.UNIFORM_KNOTS.);
#4075=CARTESIAN_POINT('',(23.4177338261765,10.3392857143043,1.9672131147541));
#4076=CARTESIAN_POINT('',(22.8197393893954,10.339285703848,2.05316024314876));
#4077=CARTESIAN_POINT('',(22.4105789803678,10.3392857095833,2.10417874070568));
#4078=CARTESIAN_POINT('',(22.1103238053846,10.3392857078568,2.13727700703325));
#4079=CARTESIAN_POINT('',(21.7914838222481,10.3392856951391,2.16759452238007));
#4080=CARTESIAN_POINT('',(21.5899636095057,10.3392857133396,2.18361830508048));
#4081=CARTESIAN_POINT('',(21.439261967995,10.3392857148316,2.19368373452345));
#4082=CARTESIAN_POINT('',(21.3582089070414,10.3392857187611,2.19832272617726));
#4083=CARTESIAN_POINT('',(21.2810232258058,10.339285719658,2.20218499763892));
#4084=CARTESIAN_POINT('',(21.1768220649887,10.3392857166353,2.20645590978821));
#4085=CARTESIAN_POINT('',(21.015064712538,10.3392857822273,2.21066173575771));
#4086=CARTESIAN_POINT('',(20.879606438319,10.3392857209304,2.21152495574139));
#4087=CARTESIAN_POINT('',(20.8003770414379,10.3392857266148,2.21071369280574));
#4088=CARTESIAN_POINT('',(20.7222809660673,10.3392857231774,2.20883342121461));
#4089=CARTESIAN_POINT('',(20.6471002471966,10.3392857265188,2.20583822048684));
#4090=CARTESIAN_POINT('',(20.597544358626,10.3392857262192,2.20303636831966));
#4091=CARTESIAN_POINT('',(20.559000248571,10.3392857167981,2.20029501776286));
#4092=CARTESIAN_POINT('',(20.5188351435538,10.3392857404229,2.19682018895489));
#4093=CARTESIAN_POINT('',(20.4806793333906,10.3392857143043,2.19284571039176));
#4094=CARTESIAN_POINT('',(20.4605224983479,10.3392857355587,2.19046149208535));
#4095=CARTESIAN_POINT('',(20.4405327869727,10.3392857495325,2.18787316730604));
#4096=CARTESIAN_POINT('',(20.4216046505854,10.3392857340429,2.18522224104063));
#4097=CARTESIAN_POINT('',(20.3957230941849,10.3392857402255,2.18123582891345));
#4098=CARTESIAN_POINT('',(20.3598047875509,10.3392858071615,2.17497513559233));
#4099=CARTESIAN_POINT('',(20.3392191000457,10.3392857741012,2.170969194957));
#4100=CARTESIAN_POINT('',(20.3205133159108,10.3392857377744,2.1670444368883));
#4101=CARTESIAN_POINT('',(20.3024554771875,10.3392857835964,2.16297937385959));
#4102=CARTESIAN_POINT('',(20.2851498500559,10.3392859147597,2.15881139624027));
#4103=CARTESIAN_POINT('',(20.2666442674206,10.3392858158906,2.15403976392364));
#4104=CARTESIAN_POINT('',(20.2480234207865,10.3392857377636,2.14888807625935));
#4105=CARTESIAN_POINT('',(20.228568016147,10.339285893711,2.14310227840436));
#4106=CARTESIAN_POINT('',(20.2186545040849,10.3392860640927,2.13998277934014));
#4107=CARTESIAN_POINT('',(20.2092401042989,10.3392860960379,2.13690578825667));
#4108=CARTESIAN_POINT('',(20.2005198814327,10.3392859231893,2.13395119083949));
#4109=CARTESIAN_POINT('',(20.1928168718296,10.3392858679695,2.13125392082924));
#4110=CARTESIAN_POINT('',(20.1835047259449,10.3392858898455,2.12788031077259));
#4111=CARTESIAN_POINT('',(20.1745600031764,10.3392858473701,2.12451728922821));
#4112=CARTESIAN_POINT('',(20.1656576283069,10.3392857968032,2.12104375709639));
#4113=CARTESIAN_POINT('',(20.1568008828376,10.3392857374687,2.11745545553972));
#4114=CARTESIAN_POINT('',(20.1476407518525,10.3392857588641,2.11359682468591));
#4115=CARTESIAN_POINT('',(20.1383470024543,10.3392858404679,2.10951841628486));
#4116=CARTESIAN_POINT('',(20.12912047345,10.3392859362775,2.10529121624536));
#4117=CARTESIAN_POINT('',(20.1199681405315,10.3392860481775,2.10090736915999));
#4118=CARTESIAN_POINT('',(20.1113612164357,10.3392859998773,2.09659850901182));
#4119=CARTESIAN_POINT('',(20.1028939684223,10.3392859200469,2.09216893237349));
#4120=CARTESIAN_POINT('',(20.0984318642481,10.3392859831444,2.08975243835122));
#4121=CARTESIAN_POINT('',(20.0945116204474,10.3392858249085,2.08757973931047));
#4122=CARTESIAN_POINT('',(20.0895855072869,10.3392861531081,2.0847781844234));
#4123=CARTESIAN_POINT('',(20.0861655767148,10.3392857300934,2.08278379850907));
#4124=CARTESIAN_POINT('',(20.081169145085,10.3392861656888,2.07979247894382));
#4125=CARTESIAN_POINT('',(20.0774859315586,10.3392858799163,2.07752582498765));
#4126=CARTESIAN_POINT('',(20.0730638503075,10.3392860534241,2.07473114909445));
#4127=CARTESIAN_POINT('',(20.0702357666089,10.3392858026385,2.07290001916512));
#4128=CARTESIAN_POINT('',(20.0660080458396,10.339285854938,2.07009282285198));
#4129=CARTESIAN_POINT('',(20.0619078382049,10.3392858802681,2.06728387995358));
#4130=CARTESIAN_POINT('',(20.0580066135618,10.3392858404926,2.06452522967046));
#4131=CARTESIAN_POINT('',(20.0541484459275,10.3392857935624,2.06170728850711));
#4132=CARTESIAN_POINT('',(20.0520071285634,10.339285878193,2.06010192596227));
#4133=CARTESIAN_POINT('',(20.0503363173457,10.3392857390515,2.05882772410098));
#4134=CARTESIAN_POINT('',(20.0469236586275,10.3392866200029,2.0561627656343));
#4135=CARTESIAN_POINT('',(20.0443198640571,10.3392868170902,2.05407053391983));
#4136=CARTESIAN_POINT('',(20.0412162347246,10.3392860207677,2.05150359043531));
#4137=CARTESIAN_POINT('',(20.0372366748619,10.3392864087764,2.04808143879763));
#4138=CARTESIAN_POINT('',(20.0358664876102,10.339285729244,2.04686640294977));
#4139=CARTESIAN_POINT('',(20.033593945025,10.3392864214504,2.04480456723149));
#4140=CARTESIAN_POINT('',(20.0315285897029,10.339286901226,2.04287783252144));
#4141=CARTESIAN_POINT('',(20.0302034743438,10.3392861605434,2.04161379193194));
#4142=CARTESIAN_POINT('',(20.0273351563233,10.3392860305216,2.03879449476643));
#4143=CARTESIAN_POINT('',(20.0259093333584,10.3392857336006,2.03734682884959));
#4144=CARTESIAN_POINT('',(20.0238716695852,10.3392861028193,2.03521821035145));
#4145=CARTESIAN_POINT('',(20.0224587042434,10.339285810253,2.03369822737295));
#4146=CARTESIAN_POINT('',(20.0206478006825,10.3392860166985,2.03169204590388));
#4147=CARTESIAN_POINT('',(20.0190869136231,10.339285947031,2.02990644164076));
#4148=CARTESIAN_POINT('',(20.0175733591378,10.3392859949058,2.02811945870682));
#4149=CARTESIAN_POINT('',(20.0165593489173,10.3392858529585,2.02688847671445));
#4150=CARTESIAN_POINT('',(20.014804254708,10.3392862224314,2.02468640683962));
#4151=CARTESIAN_POINT('',(20.0135985310959,10.3392857236303,2.02311664637495));
#4152=CARTESIAN_POINT('',(20.0126732793559,10.3392860742734,2.02187646362911));
#4153=CARTESIAN_POINT('',(20.0118600561217,10.3392862596175,2.02075931298113));
#4154=CARTESIAN_POINT('',(20.0113279902071,10.3392859032311,2.02001407573757));
#4155=CARTESIAN_POINT('',(20.0106227780531,10.339285900643,2.01900698218541));
#4156=CARTESIAN_POINT('',(20.0097503993341,10.3392863096495,2.01772857187931));
#4157=CARTESIAN_POINT('',(20.0091487731251,10.3392861456686,2.01682461941007));
#4158=CARTESIAN_POINT('',(20.0086482270049,10.3392857293585,2.01605756981305));
#4159=CARTESIAN_POINT('',(20.0078294928214,10.3392861358215,2.01476984605626));
#4160=CARTESIAN_POINT('',(20.0070841540036,10.339286429047,2.01355970335832));
#4161=CARTESIAN_POINT('',(20.006612808636,10.3392859840064,2.01277457554365));
#4162=CARTESIAN_POINT('',(20.0060114885359,10.3392859215145,2.01174752207591));
#4163=CARTESIAN_POINT('',(20.0052493085974,10.3392864281338,2.01040106642588));
#4164=CARTESIAN_POINT('',(20.0047093039514,10.3392862830309,2.00941461315093));
#4165=CARTESIAN_POINT('',(20.0042786477982,10.3392857664384,2.00860675937795));
#4166=CARTESIAN_POINT('',(20.0035980323161,10.3392862021306,2.00728571285863));
#4167=CARTESIAN_POINT('',(20.0029515274059,10.3392866219921,2.00597646028138));
#4168=CARTESIAN_POINT('',(20.0025573144618,10.3392860806519,2.00514991196763));
#4169=CARTESIAN_POINT('',(20.0020750895026,10.3392859316974,2.00410462773535));
#4170=CARTESIAN_POINT('',(20.0014509084928,10.3392865520654,2.00268836180257));
#4171=CARTESIAN_POINT('',(20.0009998031898,10.3392864531689,2.00161512386898));
#4172=CARTESIAN_POINT('',(20.0006563380526,10.3392858198712,2.00076620023046));
#4173=CARTESIAN_POINT('',(20.0001358008668,10.3392862742677,1.99941586559544));
#4174=CARTESIAN_POINT('',(19.9996254469654,10.3392868866209,1.99800609649769));
#4175=CARTESIAN_POINT('',(19.9993282526356,10.3392862125787,1.99714014696817));
#4176=CARTESIAN_POINT('',(19.998983382222,10.3392859385278,1.99608346605432));
#4177=CARTESIAN_POINT('',(19.9985334067083,10.3392866989853,1.99460310138251));
#4178=CARTESIAN_POINT('',(19.9982077378741,10.3392866716687,1.99344469478142));
#4179=CARTESIAN_POINT('',(19.9979743663867,10.3392858923758,1.99255904958976));
#4180=CARTESIAN_POINT('',(19.9977318040665,10.3392869135048,1.99157260337669));
#4181=CARTESIAN_POINT('',(19.9976419527669,10.3392863431194,1.99119040753485));
#4182=CARTESIAN_POINT('',(19.9975262957637,10.3392861179646,1.99067999575107));
#4183=CARTESIAN_POINT('',(19.9973152549133,10.3392871686266,1.98968636413814));
#4184=CARTESIAN_POINT('',(19.9971386519381,10.3392863564386,1.98878768808786));
#4185=CARTESIAN_POINT('',(19.9969499765448,10.3392859263853,1.98773176435771));
#4186=CARTESIAN_POINT('',(19.9968136299412,10.3392866082255,1.98688400725295));
#4187=CARTESIAN_POINT('',(19.9967133358758,10.3392868112517,1.98620266239326));
#4188=CARTESIAN_POINT('',(19.9966815129673,10.3392857298866,1.98597799916788));
#4189=CARTESIAN_POINT('',(19.9965534250619,10.3392868736321,1.98497083356572));
#4190=CARTESIAN_POINT('',(19.9964944298152,10.339286602499,1.9844533151194));
#4191=CARTESIAN_POINT('',(19.9964527927121,10.3392859770172,1.98406097511193));
#4192=CARTESIAN_POINT('',(19.9963602329076,10.3392871528179,1.98305004702577));
#4193=CARTESIAN_POINT('',(19.9963318797787,10.3392863806981,1.98269803833593));
#4194=CARTESIAN_POINT('',(19.9962376119868,10.3392873535975,1.98115399033551));
#4195=CARTESIAN_POINT('',(19.9962116652525,10.3392859093583,1.98053501656207));
#4196=CARTESIAN_POINT('',(19.9961961981318,10.3392857589353,1.98001862834348));
#4197=CARTESIAN_POINT('',(19.9961828449517,10.3392859998173,1.97924502055878));
#4198=CARTESIAN_POINT('',(19.9961804115065,10.3392860394186,1.97860414227659));
#4199=CARTESIAN_POINT('',(19.9961833795977,10.3392857980478,1.97814625039009));
#4200=CARTESIAN_POINT('',(19.9961951342599,10.3392858734169,1.97748145981979));
#4201=CARTESIAN_POINT('',(19.9962196990365,10.3392861181751,1.97670801458653));
#4202=CARTESIAN_POINT('',(19.9962412343403,10.3392859290631,1.97621570940916));
#4203=CARTESIAN_POINT('',(19.9962677691006,10.3392857447425,1.97571928805806));
#4204=CARTESIAN_POINT('',(19.9963189883686,10.3392859913243,1.97494719010242));
#4205=CARTESIAN_POINT('',(19.9963719459952,10.3392860627895,1.97428884183079));
#4206=CARTESIAN_POINT('',(19.9964135712222,10.3392858181183,1.97383280493735));
#4207=CARTESIAN_POINT('',(19.9964797466452,10.3392858656265,1.97319009061149));
#4208=CARTESIAN_POINT('',(19.9965704019924,10.3392861132006,1.97241942507816));
#4209=CARTESIAN_POINT('',(19.9966368422368,10.3392859452181,1.97190959611549));
#4210=CARTESIAN_POINT('',(19.9967033907704,10.3392857295853,1.97143492115681));
#4211=CARTESIAN_POINT('',(19.9968209043612,10.3392859719018,1.97066733686618));
#4212=CARTESIAN_POINT('',(19.9969335042252,10.339286066014,1.9699948499455));
#4213=CARTESIAN_POINT('',(19.9970140215054,10.3392858253742,1.96954338143563));
#4214=CARTESIAN_POINT('',(19.9971303961621,10.3392858400746,1.96892878664192));
#4215=CARTESIAN_POINT('',(19.9972841067651,10.33928607376,1.96817287624518));
#4216=CARTESIAN_POINT('',(19.9974140582879,10.3392857143043,1.96757311612725));
#4217=CARTESIAN_POINT('',(19.9974957309384,10.3392857143043,1.9672131147541));
#4218=EDGE_CURVE('Edge_112',#4071,#4073,#4074,.T.);
#4219=CARTESIAN_POINT('',(20.7371759401874,11.4880952381159,2.09437750836697));
#4220=VERTEX_POINT('',#4219);
#4221=CARTESIAN_POINT('',(20.6083285899315,11.4880952381159,1.9672131147541));
#4222=VERTEX_POINT('',#4221);
#4223=B_SPLINE_CURVE_WITH_KNOTS('Curve_113',1,(#4224, #4225, #4226, #4227, #4228, #4229, #4230, #4231, #4232, #4233, #4234, #4235, #4236, #4237, #4238, #4239, #4240, #4241, #4242, #4243, #4244, #4245, #4246, #4247, #4248, #4249, #4250, #4251, #4252, #4253, #4254, #4255, #4256, #4257, #4258, #4259, #4260, #4261, #4262, #4263, #4264, #4265, #4266, #4267, #4268, #4269, #4270, #4271, #4272, #4273, #4274, #4275, #4276, #4277, #4278, #4279, #4280, #4281, #4282, #4283, #4284, #4285, #4286, #4287, #4288, #4289, #4290, #4291, #4292, #4293, #4294, #4295, #4296, #4297, #4298, #4299, #4300, #4301, #4302, #4303, #4304, #4305, #4306, #4307, #4308, #4309, #4310, #4311, #4312, #4313, #4314, #4315, #4316, #4317, #4318, #4319, #4320, #4321, #4322, #4323, #4324, #4325, #4326),.POLYLINE_FORM.,.F.,.F.,(2,1,1,1,1,1,1,1,1,1,1,1,1,1,1,1,1,1,1,1,1,1,1,1,1,1,1,1,1,1,1,1,1,1,1,1,1,1,1,1,1,1,1,1,1,1,1,1,1,1,1,1,1,1,1,1,1,1,1,1,1,1,1,1,1,1,1,1,1,1,1,1,1,1,1,1,1,1,1,1,1,1,1,1,1,1,1,1,1,1,1,1,1,1,1,1,1,1,1,1,1,1,2),(0.,1.,2.,3.,4.,5.,6.,7.,8.,9.,10.,11.,12.,13.,14.,15.,16.,17.,18.,19.,20.,21.,22.,23.,24.,25.,26.,27.,28.,29.,30.,31.,32.,33.,34.,35.,36.,37.,38.,39.,40.,41.,42.,43.,44.,45.,46.,47.,48.,49.,50.,51.,52.,53.,54.,55.,56.,57.,58.,59.,60.,61.,62.,63.,64.,65.,66.,67.,68.,69.,70.,71.,72.,73.,74.,75.,76.,77.,78.,79.,80.,81.,82.,83.,84.,85.,86.,87.,88.,89.,90.,91.,92.,93.,94.,95.,96.,97.,98.,99.,100.,101.,102.),.UNIFORM_KNOTS.);
#4224=CARTESIAN_POINT('',(20.7371759401874,11.4880952381159,2.09437750836697));
#4225=CARTESIAN_POINT('',(20.7281448452375,11.4880952381159,2.09034541737872));
#4226=CARTESIAN_POINT('',(20.7191900764844,11.4880952381159,2.08614823511293));
#4227=CARTESIAN_POINT('',(20.7147438818973,11.4880952381159,2.08398484801444));
#4228=CARTESIAN_POINT('',(20.7103194731385,11.4880952381159,2.08177710732684));
#4229=CARTESIAN_POINT('',(20.7059179196275,11.4880952381159,2.07952386019182));
#4230=CARTESIAN_POINT('',(20.701540627356,11.4880952381159,2.07722362713292));
#4231=CARTESIAN_POINT('',(20.6971890023156,11.4880952381159,2.07487492867374));
#4232=CARTESIAN_POINT('',(20.6928645043294,11.4880952381159,2.07247623053835));
#4233=CARTESIAN_POINT('',(20.6885698538519,11.4880952381159,2.07002476976647));
#4234=CARTESIAN_POINT('',(20.6843073357185,11.4880952381159,2.06751836288854));
#4235=CARTESIAN_POINT('',(20.680078777558,11.4880952381159,2.06495531172342));
#4236=CARTESIAN_POINT('',(20.6758860069991,11.4880952381159,2.06233391808999));
#4237=CARTESIAN_POINT('',(20.6724996214276,11.4880952381159,2.06015505373315));
#4238=CARTESIAN_POINT('',(20.6704334539864,11.4880952381159,2.05879662704513));
#4239=CARTESIAN_POINT('',(20.6663339454052,11.4880952381159,2.05603064475962));
#4240=CARTESIAN_POINT('',(20.6634711354788,11.4880952381159,2.05403916729506));
#4241=CARTESIAN_POINT('',(20.6594947438996,11.4880952381159,2.05118381727638));
#4242=CARTESIAN_POINT('',(20.655532661333,11.4880952381159,2.04822605196433));
#4243=CARTESIAN_POINT('',(20.6535548614882,11.4880952381159,2.04670391339927));
#4244=CARTESIAN_POINT('',(20.6496824306652,11.4880952381159,2.04362884161483));
#4245=CARTESIAN_POINT('',(20.6477707949354,11.4880952381159,2.04206052236679));
#4246=CARTESIAN_POINT('',(20.6458769669761,11.4880952381159,2.04047079520913));
#4247=CARTESIAN_POINT('',(20.6440020127743,11.4880952381159,2.03885899588754));
#4248=CARTESIAN_POINT('',(20.642146998317,11.4880952381159,2.03722446014772));
#4249=CARTESIAN_POINT('',(20.6403129895911,11.4880952381159,2.03556652373536));
#4250=CARTESIAN_POINT('',(20.6385010525837,11.4880952381159,2.03388452239615));
#4251=CARTESIAN_POINT('',(20.6367122532817,11.4880952381159,2.03217779187578));
#4252=CARTESIAN_POINT('',(20.635181512169,11.4880952381159,2.03067810369472));
#4253=CARTESIAN_POINT('',(20.6334397187641,11.4880952381159,2.02892305799497));
#4254=CARTESIAN_POINT('',(20.6317260601072,11.4880952381159,2.02714074757726));
#4255=CARTESIAN_POINT('',(20.6300421615916,11.4880952381159,2.02533045970196));
#4256=CARTESIAN_POINT('',(20.6283896486108,11.4880952381159,2.02349148162947));
#4257=CARTESIAN_POINT('',(20.6267701941014,11.4880952381159,2.02162307885771));
#4258=CARTESIAN_POINT('',(20.6251866870098,11.4880952381159,2.0197240680794));
#4259=CARTESIAN_POINT('',(20.6244093552802,11.4880952381159,2.01876277727196));
#4260=CARTESIAN_POINT('',(20.6236420797345,11.4880952381159,2.01779350079164));
#4261=CARTESIAN_POINT('',(20.6228851916028,11.4880952381159,2.0168161420929));
#4262=CARTESIAN_POINT('',(20.6221390221148,11.4880952381159,2.01583060463025));
#4263=CARTESIAN_POINT('',(20.6214039025005,11.4880952381159,2.01483679185814));
#4264=CARTESIAN_POINT('',(20.6206801639898,11.4880952381159,2.01383460723106));
#4265=CARTESIAN_POINT('',(20.6199681378125,11.4880952381159,2.01282395420349));
#4266=CARTESIAN_POINT('',(20.6192682296253,11.4880952381159,2.01180469720629));
#4267=CARTESIAN_POINT('',(20.618581081788,11.4880952381159,2.01077667277997));
#4268=CARTESIAN_POINT('',(20.6179072939431,11.4880952381159,2.00973982785727));
#4269=CARTESIAN_POINT('',(20.6172474609564,11.4880952381159,2.00869411363292));
#4270=CARTESIAN_POINT('',(20.6166021776931,11.4880952381159,2.00763948130165));
#4271=CARTESIAN_POINT('',(20.6159720390187,11.4880952381159,2.00657588205817));
#4272=CARTESIAN_POINT('',(20.6153576397987,11.4880952381159,2.0055032670972));
#4273=CARTESIAN_POINT('',(20.6147595748986,11.4880952381159,2.00442158761346));
#4274=CARTESIAN_POINT('',(20.6141784391838,11.4880952381159,2.00333079480168));
#4275=CARTESIAN_POINT('',(20.613614827504,11.4880952381159,2.00223083984833));
#4276=CARTESIAN_POINT('',(20.6130691997698,11.4880952381159,2.00112161821862));
#4277=CARTESIAN_POINT('',(20.6125421850858,11.4880952381159,2.0000031729602));
#4278=CARTESIAN_POINT('',(20.6120346222972,11.4880952381159,1.99887567150288));
#4279=CARTESIAN_POINT('',(20.6115473502492,11.4880952381159,1.99773928127645));
#4280=CARTESIAN_POINT('',(20.611081207787,11.4880952381159,1.99659416971069));
#4281=CARTESIAN_POINT('',(20.610637033756,11.4880952381159,1.9954405042354));
#4282=CARTESIAN_POINT('',(20.6102156670012,11.4880952381159,1.99427845228037));
#4283=CARTESIAN_POINT('',(20.6100137984916,11.4880952381159,1.99369433369476));
#4284=CARTESIAN_POINT('',(20.6098179463681,11.4880952381159,1.99310818127539));
#4285=CARTESIAN_POINT('',(20.6096282154862,11.4880952381159,1.99252001595098));
#4286=CARTESIAN_POINT('',(20.6094447107016,11.4880952381159,1.99192985865025));
#4287=CARTESIAN_POINT('',(20.6092675368701,11.4880952381159,1.99133773030194));
#4288=CARTESIAN_POINT('',(20.609096806729,11.4880952381159,1.99074364726787));
#4289=CARTESIAN_POINT('',(20.6089326655157,11.4880952381159,1.99014762726169));
#4290=CARTESIAN_POINT('',(20.6087752142919,11.4880952381159,1.98954974414443));
#4291=CARTESIAN_POINT('',(20.608624546646,11.4880952381159,1.98895007818386));
#4292=CARTESIAN_POINT('',(20.6084807561664,11.4880952381159,1.98834870964775));
#4293=CARTESIAN_POINT('',(20.6083439364414,11.4880952381159,1.98774571880386));
#4294=CARTESIAN_POINT('',(20.6082141810593,11.4880952381159,1.98714118591997));
#4295=CARTESIAN_POINT('',(20.6080915836087,11.4880952381159,1.98653519126385));
#4296=CARTESIAN_POINT('',(20.6079762376777,11.4880952381159,1.98592781510327));
#4297=CARTESIAN_POINT('',(20.6078682368549,11.4880952381159,1.985319137706));
#4298=CARTESIAN_POINT('',(20.6077676747285,11.4880952381159,1.98470923933981));
#4299=CARTESIAN_POINT('',(20.607674644887,11.4880952381159,1.98409820027246));
#4300=CARTESIAN_POINT('',(20.6075892409187,11.4880952381159,1.98348610077173));
#4301=CARTESIAN_POINT('',(20.6075115564119,11.4880952381159,1.9828730211054));
#4302=CARTESIAN_POINT('',(20.607441684955,11.4880952381159,1.98225904154122));
#4303=CARTESIAN_POINT('',(20.6073797201365,11.4880952381159,1.98164424234697));
#4304=CARTESIAN_POINT('',(20.6073257555447,11.4880952381159,1.98102870379042));
#4305=CARTESIAN_POINT('',(20.6072798847678,11.4880952381159,1.98041250613935));
#4306=CARTESIAN_POINT('',(20.6072422013944,11.4880952381159,1.97979572966151));
#4307=CARTESIAN_POINT('',(20.6072013222224,11.4880952381159,1.97887259684497));
#4308=CARTESIAN_POINT('',(20.6071843704934,11.4880952381159,1.97825474629694));
#4309=CARTESIAN_POINT('',(20.6071757680687,11.4880952381159,1.97763666492596));
#4310=CARTESIAN_POINT('',(20.6071755463816,11.4880952381159,1.9770184822551));
#4311=CARTESIAN_POINT('',(20.6071837368654,11.4880952381159,1.97640032780744));
#4312=CARTESIAN_POINT('',(20.6072003709536,11.4880952381159,1.97578233110603));
#4313=CARTESIAN_POINT('',(20.6072254800794,11.4880952381159,1.97516462167395));
#4314=CARTESIAN_POINT('',(20.6072590956763,11.4880952381159,1.97454732903426));
#4315=CARTESIAN_POINT('',(20.6073012491775,11.4880952381159,1.97393058271003));
#4316=CARTESIAN_POINT('',(20.6073519720165,11.4880952381159,1.97331451222432));
#4317=CARTESIAN_POINT('',(20.6074114195657,11.4880952381159,1.97269887527692));
#4318=CARTESIAN_POINT('',(20.6074798173662,11.4880952381159,1.97208310110943));
#4319=CARTESIAN_POINT('',(20.6075570044786,11.4880952381159,1.97146766827373));
#4320=CARTESIAN_POINT('',(20.6076428044141,11.4880952381159,1.97085309961553));
#4321=CARTESIAN_POINT('',(20.6077370406836,11.4880952381159,1.97023991798055));
#4322=CARTESIAN_POINT('',(20.6078395367983,11.4880952381159,1.96962864621451));
#4323=CARTESIAN_POINT('',(20.6079501162694,11.4880952381159,1.96901980716313));
#4324=CARTESIAN_POINT('',(20.6080686026079,11.4880952381159,1.96841392367212));
#4325=CARTESIAN_POINT('',(20.6081948193249,11.4880952381159,1.96781151858721));
#4326=CARTESIAN_POINT('',(20.6083285899315,11.4880952381159,1.9672131147541));
#4327=EDGE_CURVE('Edge_113',#4220,#4222,#4223,.T.);
#4328=CARTESIAN_POINT('',(23.6083285899315,11.4880952381159,1.9672131147541));
#4329=VERTEX_POINT('',#4328);
#4330=CARTESIAN_POINT('',(20.7820718755598,11.4880952381159,2.11195465994857));
#4331=VERTEX_POINT('',#4330);
#4332=B_SPLINE_CURVE_WITH_KNOTS('Curve_114',1,(#4333, #4334, #4335, #4336, #4337, #4338, #4339, #4340, #4341, #4342, #4343, #4344, #4345, #4346, #4347, #4348, #4349, #4350, #4351, #4352, #4353, #4354, #4355, #4356, #4357, #4358, #4359, #4360, #4361, #4362, #4363, #4364, #4365, #4366, #4367, #4368, #4369, #4370, #4371, #4372, #4373),.POLYLINE_FORM.,.F.,.F.,(2,1,1,1,1,1,1,1,1,1,1,1,1,1,1,1,1,1,1,1,1,1,1,1,1,1,1,1,1,1,1,1,1,1,1,1,1,1,1,1,2),(0.,1.,2.,3.,4.,5.,6.,7.,8.,9.,10.,11.,12.,13.,14.,15.,16.,17.,18.,19.,20.,21.,22.,23.,24.,25.,26.,27.,28.,29.,30.,31.,32.,33.,34.,35.,36.,37.,38.,39.,40.),.UNIFORM_KNOTS.);
#4333=CARTESIAN_POINT('',(23.6083285899315,11.4880952381159,1.9672131147541));
#4334=CARTESIAN_POINT('',(23.2848497319757,11.4880952381159,2.01512194101691));
#4335=CARTESIAN_POINT('',(22.9607418920765,11.4880952381159,2.05857555224479));
#4336=CARTESIAN_POINT('',(22.7640569088866,11.4880952381159,2.0827472263506));
#4337=CARTESIAN_POINT('',(22.5776504753441,11.4880952381159,2.10401530566099));
#4338=CARTESIAN_POINT('',(22.228272323197,11.4880952381159,2.13890787170606));
#4339=CARTESIAN_POINT('',(21.9653908224062,11.4880952381159,2.15984611932272));
#4340=CARTESIAN_POINT('',(21.8717801005283,11.4880952381159,2.16592853816985));
#4341=CARTESIAN_POINT('',(21.7781185159046,11.4880952381159,2.17117069395067));
#4342=CARTESIAN_POINT('',(21.6964548426179,11.4880952381159,2.17497923598732));
#4343=CARTESIAN_POINT('',(21.5542537261673,11.4880952381159,2.17968861385766));
#4344=CARTESIAN_POINT('',(21.4365972729105,11.4880952381159,2.18145143132914));
#4345=CARTESIAN_POINT('',(21.372551786954,11.4880952381159,2.18146268540454));
#4346=CARTESIAN_POINT('',(21.3256500749714,11.4880952381159,2.18099948492992));
#4347=CARTESIAN_POINT('',(21.2787542380698,11.4880952381159,2.18010462395968));
#4348=CARTESIAN_POINT('',(21.2318693474861,11.4880952381159,2.17874656332021));
#4349=CARTESIAN_POINT('',(21.1850035983726,11.4880952381159,2.17684662129974));
#4350=CARTESIAN_POINT('',(21.149733021694,11.4880952381159,2.17499027918009));
#4351=CARTESIAN_POINT('',(21.1263267194061,11.4880952381159,2.1735150797221));
#4352=CARTESIAN_POINT('',(21.1059406719863,11.4880952381159,2.17205288356169));
#4353=CARTESIAN_POINT('',(21.0825661507497,11.4880952381159,2.17014598388445));
#4354=CARTESIAN_POINT('',(21.0592126954044,11.4880952381159,2.16798861520661));
#4355=CARTESIAN_POINT('',(21.0358886753452,11.4880952381159,2.16554174450018));
#4356=CARTESIAN_POINT('',(21.0125965691489,11.4880952381159,2.1627988366511));
#4357=CARTESIAN_POINT('',(20.9893471892643,11.4880952381159,2.15972139840883));
#4358=CARTESIAN_POINT('',(20.97773907391,11.4880952381159,2.15805632636444));
#4359=CARTESIAN_POINT('',(20.9628898173459,11.4880952381159,2.15578318693602));
#4360=CARTESIAN_POINT('',(20.9397579028024,11.4880952381159,2.15192050072614));
#4361=CARTESIAN_POINT('',(20.9192868024856,11.4880952381159,2.1481504258767));
#4362=CARTESIAN_POINT('',(20.9077824659883,11.4880952381159,2.14587685357941));
#4363=CARTESIAN_POINT('',(20.8963006443262,11.4880952381159,2.14349088524455));
#4364=CARTESIAN_POINT('',(20.8848439133043,11.4880952381159,2.14098783537903));
#4365=CARTESIAN_POINT('',(20.8721314966199,11.4880952381159,2.13806003578759));
#4366=CARTESIAN_POINT('',(20.8607362361383,11.4880952381159,2.135294253756));
#4367=CARTESIAN_POINT('',(20.8493740833607,11.4880952381159,2.13239680683168));
#4368=CARTESIAN_POINT('',(20.8380476140924,11.4880952381159,2.12936300952155));
#4369=CARTESIAN_POINT('',(20.8267594052013,11.4880952381159,2.12618817918346));
#4370=CARTESIAN_POINT('',(20.8155126781299,11.4880952381159,2.12286728012453));
#4371=CARTESIAN_POINT('',(20.8043123694292,11.4880952381159,2.11939319035167));
#4372=CARTESIAN_POINT('',(20.7931636962042,11.4880952381159,2.11575821518599));
#4373=CARTESIAN_POINT('',(20.7820718755598,11.4880952381159,2.11195465994857));
#4374=EDGE_CURVE('Edge_114',#4329,#4331,#4332,.T.);
#4375=CARTESIAN_POINT('',(23.7231729283254,12.0238095238373,1.9672131147541));
#4376=VERTEX_POINT('',#4375);
#4377=CARTESIAN_POINT('',(20.8931729283254,12.0238095238373,1.9672131147541));
#4378=VERTEX_POINT('',#4377);
#4379=B_SPLINE_CURVE_WITH_KNOTS('Curve_115',1,(#4380, #4381, #4382, #4383, #4384, #4385, #4386, #4387, #4388, #4389, #4390, #4391, #4392, #4393, #4394, #4395, #4396, #4397, #4398, #4399, #4400, #4401, #4402, #4403, #4404, #4405, #4406, #4407, #4408, #4409, #4410, #4411, #4412, #4413, #4414, #4415, #4416, #4417, #4418, #4419, #4420, #4421, #4422, #4423, #4424, #4425, #4426, #4427, #4428, #4429, #4430, #4431, #4432, #4433, #4434, #4435, #4436, #4437, #4438, #4439, #4440, #4441, #4442, #4443, #4444, #4445, #4446, #4447, #4448, #4449, #4450, #4451, #4452, #4453, #4454, #4455, #4456, #4457, #4458, #4459, #4460, #4461, #4462, #4463, #4464, #4465, #4466, #4467, #4468, #4469, #4470, #4471, #4472, #4473, #4474, #4475, #4476, #4477, #4478, #4479, #4480, #4481, #4482, #4483, #4484, #4485, #4486, #4487, #4488, #4489, #4490, #4491, #4492, #4493, #4494, #4495, #4496, #4497, #4498, #4499, #4500, #4501, #4502, #4503, #4504, #4505, #4506, #4507, #4508, #4509, #4510, #4511, #4512, #4513, #4514, #4515, #4516, #4517, #4518, #4519, #4520),.POLYLINE_FORM.,.F.,.F.,(2,1,1,1,1,1,1,1,1,1,1,1,1,1,1,1,1,1,1,1,1,1,1,1,1,1,1,1,1,1,1,1,1,1,1,1,1,1,1,1,1,1,1,1,1,1,1,1,1,1,1,1,1,1,1,1,1,1,1,1,1,1,1,1,1,1,1,1,1,1,1,1,1,1,1,1,1,1,1,1,1,1,1,1,1,1,1,1,1,1,1,1,1,1,1,1,1,1,1,1,1,1,1,1,1,1,1,1,1,1,1,1,1,1,1,1,1,1,1,1,1,1,1,1,1,1,1,1,1,1,1,1,1,1,1,1,1,1,1,1,2),(0.,1.,2.,3.,4.,5.,6.,7.,8.,9.,10.,11.,12.,13.,14.,15.,16.,17.,18.,19.,20.,21.,22.,23.,24.,25.,26.,27.,28.,29.,30.,31.,32.,33.,34.,35.,36.,37.,38.,39.,40.,41.,42.,43.,44.,45.,46.,47.,48.,49.,50.,51.,52.,53.,54.,55.,56.,57.,58.,59.,60.,61.,62.,63.,64.,65.,66.,67.,68.,69.,70.,71.,72.,73.,74.,75.,76.,77.,78.,79.,80.,81.,82.,83.,84.,85.,86.,87.,88.,89.,90.,91.,92.,93.,94.,95.,96.,97.,98.,99.,100.,101.,102.,103.,104.,105.,106.,107.,108.,109.,110.,111.,112.,113.,114.,115.,116.,117.,118.,119.,120.,121.,122.,123.,124.,125.,126.,127.,128.,129.,130.,131.,132.,133.,134.,135.,136.,137.,138.,139.,140.),.UNIFORM_KNOTS.);
#4380=CARTESIAN_POINT('',(23.7231729283254,12.0238095238373,1.9672131147541));
#4381=CARTESIAN_POINT('',(23.2707717165868,12.0238095733287,2.03191199484511));
#4382=CARTESIAN_POINT('',(22.921171652672,12.0238095755582,2.07555661217885));
#4383=CARTESIAN_POINT('',(22.6824859590714,12.0238095768244,2.10197996421614));
#4384=CARTESIAN_POINT('',(22.4326903910574,12.0238095537811,2.12617182432219));
#4385=CARTESIAN_POINT('',(22.2289609648061,12.0238095289033,2.14270210862251));
#4386=CARTESIAN_POINT('',(22.1100847615634,12.0238095239836,2.15074172033159));
#4387=CARTESIAN_POINT('',(21.9822360499668,12.0238095191778,2.15782740753105));
#4388=CARTESIAN_POINT('',(21.7796045352618,12.0238095238373,2.16508470012838));
#4389=CARTESIAN_POINT('',(21.6372470328448,12.0238095233908,2.16658939575286));
#4390=CARTESIAN_POINT('',(21.5715975844073,12.023809525837,2.16605956117399));
#4391=CARTESIAN_POINT('',(21.5079835672982,12.0238095268162,2.16469797800568));
#4392=CARTESIAN_POINT('',(21.4431926981774,12.0238095590405,2.16232804350666));
#4393=CARTESIAN_POINT('',(21.3960122089368,12.0238095289671,2.15980829609901));
#4394=CARTESIAN_POINT('',(21.3632625651278,12.0238095443818,2.15756078859133));
#4395=CARTESIAN_POINT('',(21.3305502707272,12.0238095706825,2.15482444380383));
#4396=CARTESIAN_POINT('',(21.2970769097325,12.0238095238373,2.15144623417671));
#4397=CARTESIAN_POINT('',(21.2825872711904,12.0238095936245,2.14978923796294));
#4398=CARTESIAN_POINT('',(21.2658949904558,12.0238095564363,2.14771056735337));
#4399=CARTESIAN_POINT('',(21.2494269823433,12.0238095428419,2.14548458371288));
#4400=CARTESIAN_POINT('',(21.2316884017965,12.023809753104,2.1428717077048));
#4401=CARTESIAN_POINT('',(21.2156844446586,12.0238098933491,2.14031093044856));
#4402=CARTESIAN_POINT('',(21.1997128112473,12.0238100738689,2.1375545914038));
#4403=CARTESIAN_POINT('',(21.1869233883305,12.0238097910651,2.13519259369538));
#4404=CARTESIAN_POINT('',(21.1786665635368,12.0238097542697,2.13359149938053));
#4405=CARTESIAN_POINT('',(21.1621890347368,12.0238096581275,2.13020874416359));
#4406=CARTESIAN_POINT('',(21.1457665267169,12.0238095238373,2.12657265506048));
#4407=CARTESIAN_POINT('',(21.1300026432676,12.0238097322788,2.12281494097243));
#4408=CARTESIAN_POINT('',(21.1143049346484,12.0238100014293,2.11879406250853));
#4409=CARTESIAN_POINT('',(21.0986808358437,12.023810341507,2.11449630380448));
#4410=CARTESIAN_POINT('',(21.0850752508493,12.0238099411947,2.11049588847887));
#4411=CARTESIAN_POINT('',(21.069036454912,12.0238096435915,2.10544172302996));
#4412=CARTESIAN_POINT('',(21.0577238773048,12.0238103834728,2.10163700490036));
#4413=CARTESIAN_POINT('',(21.0499095081004,12.0238101601043,2.09888551085449));
#4414=CARTESIAN_POINT('',(21.0420141097918,12.0238100189596,2.09599707484488));
#4415=CARTESIAN_POINT('',(21.0341567711003,12.0238098548744,2.09300755610259));
#4416=CARTESIAN_POINT('',(21.0263406700112,12.0238096654467,2.08991275064742));
#4417=CARTESIAN_POINT('',(21.0186631426413,12.0238095978677,2.08674803093907));
#4418=CARTESIAN_POINT('',(21.011219640912,12.0238098427176,2.08355374858666));
#4419=CARTESIAN_POINT('',(21.0038262481144,12.023810123237,2.08024681897822));
#4420=CARTESIAN_POINT('',(20.9964880656447,12.0238104425937,2.0768213353227));
#4421=CARTESIAN_POINT('',(20.9892094888256,12.0238108041606,2.0732721954322));
#4422=CARTESIAN_POINT('',(20.9819954342538,12.0238112205913,2.06959397249455));
#4423=CARTESIAN_POINT('',(20.9745839924454,12.0238110207143,2.06563238485581));
#4424=CARTESIAN_POINT('',(20.968313403539,12.0238102511699,2.06211861509752));
#4425=CARTESIAN_POINT('',(20.964856923097,12.023810608299,2.06011128395064));
#4426=CARTESIAN_POINT('',(20.9613363383471,12.0238107016868,2.05801205002477));
#4427=CARTESIAN_POINT('',(20.9576679668746,12.023810280999,2.05576286715581));
#4428=CARTESIAN_POINT('',(20.9549490147042,12.023810264736,2.05405275762574));
#4429=CARTESIAN_POINT('',(20.9518425628458,12.0238095881724,2.05205085878481));
#4430=CARTESIAN_POINT('',(20.9492704408726,12.0238104504731,2.05035075698698));
#4431=CARTESIAN_POINT('',(20.9457962437216,12.0238102845807,2.04798971740014));
#4432=CARTESIAN_POINT('',(20.9423599922508,12.0238101016108,2.04557473420948));
#4433=CARTESIAN_POINT('',(20.9407189174899,12.0238102197166,2.04439121600821));
#4434=CARTESIAN_POINT('',(20.9389646369011,12.02380990043,2.04310340689832));
#4435=CARTESIAN_POINT('',(20.9374665732107,12.023810478306,2.04198385134313));
#4436=CARTESIAN_POINT('',(20.934461362619,12.0238099016226,2.03968192022779));
#4437=CARTESIAN_POINT('',(20.9317689237468,12.0238125659621,2.03754928382883));
#4438=CARTESIAN_POINT('',(20.9280164628393,12.0238097277169,2.03445727046847));
#4439=CARTESIAN_POINT('',(20.9267876164684,12.0238115882531,2.03340915032162));
#4440=CARTESIAN_POINT('',(20.9253758881484,12.0238124915776,2.03218286972717));
#4441=CARTESIAN_POINT('',(20.9235023183994,12.0238106076509,2.03051698534524));
#4442=CARTESIAN_POINT('',(20.9219523080631,12.0238104365224,2.02910135244907));
#4443=CARTESIAN_POINT('',(20.91934073952,12.023810587361,2.02663383170351));
#4444=CARTESIAN_POINT('',(20.9178045498035,12.0238102461082,2.02512927708733));
#4445=CARTESIAN_POINT('',(20.9163617463936,12.0238103266336,2.02367563478768));
#4446=CARTESIAN_POINT('',(20.914975119585,12.0238106138719,2.02223856270236));
#4447=CARTESIAN_POINT('',(20.9134709710536,12.0238100323363,2.02063215403672));
#4448=CARTESIAN_POINT('',(20.9122315506746,12.0238110192449,2.01926682526766));
#4449=CARTESIAN_POINT('',(20.9106775798917,12.023809704814,2.01749918658383));
#4450=CARTESIAN_POINT('',(20.9095833361595,12.0238114945383,2.01620984403046));
#4451=CARTESIAN_POINT('',(20.9080433998778,12.0238097123796,2.01433059672894));
#4452=CARTESIAN_POINT('',(20.9069505752865,12.0238112238178,2.01294184316894));
#4453=CARTESIAN_POINT('',(20.9061892171329,12.0238100904131,2.01194687799927));
#4454=CARTESIAN_POINT('',(20.9055765100001,12.0238101237411,2.011126859272));
#4455=CARTESIAN_POINT('',(20.9050996598554,12.0238113239747,2.01047556191047));
#4456=CARTESIAN_POINT('',(20.904450270352,12.0238109170955,2.00957180947034));
#4457=CARTESIAN_POINT('',(20.9037314491658,12.0238097022755,2.00854543988561));
#4458=CARTESIAN_POINT('',(20.9032406485325,12.0238105944666,2.00782585647029));
#4459=CARTESIAN_POINT('',(20.9027851182992,12.023811826458,2.00714396223731));
#4460=CARTESIAN_POINT('',(20.9021003438456,12.0238105715138,2.00609466127268));
#4461=CARTESIAN_POINT('',(20.9010560431198,12.0238111320129,2.00442331388896));
#4462=CARTESIAN_POINT('',(20.9003831706636,12.0238114038954,2.00329618318596));
#4463=CARTESIAN_POINT('',(20.8998591966318,12.0238113261135,2.00238770643779));
#4464=CARTESIAN_POINT('',(20.8992495943716,12.0238099332125,2.00129379910711));
#4465=CARTESIAN_POINT('',(20.8988077449616,12.0238105472754,2.0004708030128));
#4466=CARTESIAN_POINT('',(20.8984351087138,12.0238120262206,1.99975510160816));
#4467=CARTESIAN_POINT('',(20.8978940199748,12.0238109316401,1.99868224571788));
#4468=CARTESIAN_POINT('',(20.8973607735229,12.0238096091587,1.99757691706143));
#4469=CARTESIAN_POINT('',(20.8972472815484,12.0238117364619,1.99733202405926));
#4470=CARTESIAN_POINT('',(20.8968138195892,12.0238098726761,1.99638336874249));
#4471=CARTESIAN_POINT('',(20.8964903729806,12.0238114389938,1.99564391280604));
#4472=CARTESIAN_POINT('',(20.8961078475805,12.0238117969004,1.99473597658168));
#4473=CARTESIAN_POINT('',(20.8956419972061,12.0238102194248,1.99357343113759));
#4474=CARTESIAN_POINT('',(20.8952892765862,12.0238104512873,1.99264008741904));
#4475=CARTESIAN_POINT('',(20.8950166459774,12.023812123773,1.99188072314993));
#4476=CARTESIAN_POINT('',(20.8946493638691,12.0238113538273,1.99080396771854));
#4477=CARTESIAN_POINT('',(20.8945014537365,12.0238116186942,1.99034753755278));
#4478=CARTESIAN_POINT('',(20.894270702135,12.0238096713172,1.98961026130937));
#4479=CARTESIAN_POINT('',(20.8942086409622,12.0238119572557,1.98940027915654));
#4480=CARTESIAN_POINT('',(20.8940323697437,12.0238110969563,1.98879927148823));
#4481=CARTESIAN_POINT('',(20.8938073420538,12.0238125603767,1.98798441680549));
#4482=CARTESIAN_POINT('',(20.8934969096529,12.0238108325892,1.9867705982101));
#4483=CARTESIAN_POINT('',(20.8934218203295,12.0238123175193,1.98645209632097));
#4484=CARTESIAN_POINT('',(20.8932417749283,12.0238099768668,1.98566122425386));
#4485=CARTESIAN_POINT('',(20.8931727772563,12.0238114299799,1.98533488184198));
#4486=CARTESIAN_POINT('',(20.8930777909879,12.023811760378,1.98487087218904));
#4487=CARTESIAN_POINT('',(20.8929301642215,12.0238096519867,1.98410581190215));
#4488=CARTESIAN_POINT('',(20.8928924857105,12.0238120355663,1.9838901662397));
#4489=CARTESIAN_POINT('',(20.8927873131917,12.02381118978,1.98327918378225));
#4490=CARTESIAN_POINT('',(20.8926883515177,12.0238102465678,1.98265433532279));
#4491=CARTESIAN_POINT('',(20.8926575338315,12.0238126470657,1.98243764459389));
#4492=CARTESIAN_POINT('',(20.8925523872316,12.0238106079331,1.98167861913659));
#4493=CARTESIAN_POINT('',(20.8924931584828,12.0238108478304,1.98119606945645));
#4494=CARTESIAN_POINT('',(20.8924577110469,12.02381243143,1.98087734131127));
#4495=CARTESIAN_POINT('',(20.8923750133248,12.0238100170896,1.98007076615234));
#4496=CARTESIAN_POINT('',(20.8923460839646,12.0238114534776,1.97973220770512));
#4497=CARTESIAN_POINT('',(20.8923098013842,12.0238118446209,1.97926647778825));
#4498=CARTESIAN_POINT('',(20.8922589019888,12.023809563116,1.97848734012859));
#4499=CARTESIAN_POINT('',(20.8922385537635,12.0238101719363,1.97807150459163));
#4500=CARTESIAN_POINT('',(20.8922217681077,12.023810694739,1.97764273327348));
#4501=CARTESIAN_POINT('',(20.8922042463047,12.0238100083771,1.9770163818554));
#4502=CARTESIAN_POINT('',(20.8921965623746,12.0238097176532,1.97645345622947));
#4503=CARTESIAN_POINT('',(20.8921961331031,12.0238103895978,1.97604971189458));
#4504=CARTESIAN_POINT('',(20.892200628829,12.0238104400474,1.97554403710169));
#4505=CARTESIAN_POINT('',(20.8922142612947,12.0238097698943,1.97491739186378));
#4506=CARTESIAN_POINT('',(20.8922316876467,12.0238099402415,1.97443106876514));
#4507=CARTESIAN_POINT('',(20.8922507310521,12.0238105930719,1.97402773115094));
#4508=CARTESIAN_POINT('',(20.8922843892184,12.0238101927525,1.97344647620809));
#4509=CARTESIAN_POINT('',(20.892329672731,12.0238095424496,1.97282125084548));
#4510=CARTESIAN_POINT('',(20.8923651200296,12.0238101566565,1.97241223346399));
#4511=CARTESIAN_POINT('',(20.8924073071751,12.0238106016326,1.97197772085406));
#4512=CARTESIAN_POINT('',(20.8924756041303,12.0238099539341,1.97135264426917));
#4513=CARTESIAN_POINT('',(20.8925444999911,12.023809720965,1.97079800512324));
#4514=CARTESIAN_POINT('',(20.8925995261038,12.0238103321738,1.97039642601679));
#4515=CARTESIAN_POINT('',(20.8926744490318,12.0238103333883,1.96988804590579));
#4516=CARTESIAN_POINT('',(20.8927741427061,12.0238097263716,1.9692675830003));
#4517=CARTESIAN_POINT('',(20.8928569038949,12.023809912028,1.96879415505827));
#4518=CARTESIAN_POINT('',(20.8929306606707,12.0238104828076,1.96839775851289));
#4519=CARTESIAN_POINT('',(20.8930440274511,12.0238100906353,1.96782219506103));
#4520=CARTESIAN_POINT('',(20.8931729283254,12.0238095238373,1.9672131147541));
#4521=EDGE_CURVE('Edge_115',#4376,#4378,#4379,.T.);
#4522=CARTESIAN_POINT('',(23.8380172667193,12.5595238095587,1.9672131147541));
#4523=VERTEX_POINT('',#4522);
#4524=CARTESIAN_POINT('',(21.1780172667193,12.5595238095587,1.9672131147541));
#4525=VERTEX_POINT('',#4524);
#4526=B_SPLINE_CURVE_WITH_KNOTS('Curve_116',1,(#4527, #4528, #4529, #4530, #4531, #4532, #4533, #4534, #4535, #4536, #4537, #4538, #4539, #4540, #4541, #4542, #4543, #4544, #4545, #4546, #4547, #4548, #4549, #4550, #4551, #4552, #4553, #4554, #4555, #4556, #4557, #4558, #4559, #4560, #4561, #4562, #4563, #4564, #4565, #4566, #4567, #4568, #4569, #4570, #4571, #4572, #4573, #4574, #4575, #4576, #4577, #4578, #4579, #4580, #4581, #4582, #4583, #4584, #4585, #4586, #4587, #4588, #4589, #4590, #4591, #4592, #4593, #4594, #4595, #4596, #4597, #4598, #4599, #4600, #4601, #4602, #4603, #4604, #4605, #4606, #4607, #4608, #4609, #4610, #4611, #4612, #4613, #4614, #4615, #4616, #4617, #4618, #4619, #4620, #4621, #4622, #4623, #4624, #4625, #4626, #4627, #4628, #4629, #4630, #4631, #4632, #4633, #4634, #4635, #4636, #4637, #4638, #4639, #4640, #4641, #4642, #4643, #4644, #4645, #4646, #4647, #4648, #4649, #4650, #4651, #4652, #4653, #4654, #4655, #4656, #4657, #4658, #4659, #4660, #4661, #4662, #4663, #4664, #4665, #4666, #4667, #4668, #4669, #4670, #4671, #4672, #4673, #4674, #4675),.POLYLINE_FORM.,.F.,.F.,(2,1,1,1,1,1,1,1,1,1,1,1,1,1,1,1,1,1,1,1,1,1,1,1,1,1,1,1,1,1,1,1,1,1,1,1,1,1,1,1,1,1,1,1,1,1,1,1,1,1,1,1,1,1,1,1,1,1,1,1,1,1,1,1,1,1,1,1,1,1,1,1,1,1,1,1,1,1,1,1,1,1,1,1,1,1,1,1,1,1,1,1,1,1,1,1,1,1,1,1,1,1,1,1,1,1,1,1,1,1,1,1,1,1,1,1,1,1,1,1,1,1,1,1,1,1,1,1,1,1,1,1,1,1,1,1,1,1,1,1,1,1,1,1,1,1,1,1,2),(0.,1.,2.,3.,4.,5.,6.,7.,8.,9.,10.,11.,12.,13.,14.,15.,16.,17.,18.,19.,20.,21.,22.,23.,24.,25.,26.,27.,28.,29.,30.,31.,32.,33.,34.,35.,36.,37.,38.,39.,40.,41.,42.,43.,44.,45.,46.,47.,48.,49.,50.,51.,52.,53.,54.,55.,56.,57.,58.,59.,60.,61.,62.,63.,64.,65.,66.,67.,68.,69.,70.,71.,72.,73.,74.,75.,76.,77.,78.,79.,80.,81.,82.,83.,84.,85.,86.,87.,88.,89.,90.,91.,92.,93.,94.,95.,96.,97.,98.,99.,100.,101.,102.,103.,104.,105.,106.,107.,108.,109.,110.,111.,112.,113.,114.,115.,116.,117.,118.,119.,120.,121.,122.,123.,124.,125.,126.,127.,128.,129.,130.,131.,132.,133.,134.,135.,136.,137.,138.,139.,140.,141.,142.,143.,144.,145.,146.,147.,148.),.UNIFORM_KNOTS.);
#4527=CARTESIAN_POINT('',(23.8380172667193,12.5595238095587,1.9672131147541));
#4528=CARTESIAN_POINT('',(23.4344421411812,12.5595240994471,2.02437274203269));
#4529=CARTESIAN_POINT('',(23.0831393559593,12.5595239054654,2.06778679627023));
#4530=CARTESIAN_POINT('',(22.8469793631074,12.559523848056,2.09345187454397));
#4531=CARTESIAN_POINT('',(22.6317484428169,12.5595238166652,2.11392876184705));
#4532=CARTESIAN_POINT('',(22.4363836815858,12.5595238140793,2.12958141077361));
#4533=CARTESIAN_POINT('',(22.3151111413961,12.5595238070682,2.13760152380261));
#4534=CARTESIAN_POINT('',(22.1912250579943,12.5595238024685,2.14419927211767));
#4535=CARTESIAN_POINT('',(22.0153370225094,12.5595238234014,2.15024541301521));
#4536=CARTESIAN_POINT('',(21.8789074933922,12.559523809346,2.15163752309642));
#4537=CARTESIAN_POINT('',(21.8172812390271,12.5595238111018,2.15111614423491));
#4538=CARTESIAN_POINT('',(21.7579047244205,12.5595238175439,2.14983341169206));
#4539=CARTESIAN_POINT('',(21.6959947001381,12.559523839139,2.14756278859361));
#4540=CARTESIAN_POINT('',(21.6523291163475,12.5595238141764,2.14523637879382));
#4541=CARTESIAN_POINT('',(21.621585121325,12.559523865796,2.14314496639121));
#4542=CARTESIAN_POINT('',(21.5905671248884,12.5595238356131,2.14057858318151));
#4543=CARTESIAN_POINT('',(21.5597843290162,12.5595238758737,2.13751736446305));
#4544=CARTESIAN_POINT('',(21.5444739654731,12.5595239586236,2.13578954823431));
#4545=CARTESIAN_POINT('',(21.5302935624284,12.5595238637495,2.13404817580151));
#4546=CARTESIAN_POINT('',(21.5150203348176,12.5595239637327,2.13202322947092));
#4547=CARTESIAN_POINT('',(21.4987065570502,12.5595244450331,2.1296726533485));
#4548=CARTESIAN_POINT('',(21.4833204080163,12.5595243997131,2.12726568470514));
#4549=CARTESIAN_POINT('',(21.4679646438111,12.5595243186123,2.12467225208011));
#4550=CARTESIAN_POINT('',(21.4556535060771,12.5595239617085,2.12244508677152));
#4551=CARTESIAN_POINT('',(21.4480038788944,12.5595238824439,2.12099196975745));
#4552=CARTESIAN_POINT('',(21.4328349502934,12.5595239337839,2.11794595385699));
#4553=CARTESIAN_POINT('',(21.4177790033866,12.5595241938474,2.11469296662267));
#4554=CARTESIAN_POINT('',(21.4037182918227,12.5595251664186,2.1114328548981));
#4555=CARTESIAN_POINT('',(21.3887603068974,12.5595256766769,2.10771309386221));
#4556=CARTESIAN_POINT('',(21.3737211266501,12.5595255204474,2.10369349121107));
#4557=CARTESIAN_POINT('',(21.3612402003649,12.5595247752558,2.10012926465064));
#4558=CARTESIAN_POINT('',(21.3538623954036,12.5595251023627,2.09791731581376));
#4559=CARTESIAN_POINT('',(21.34651463579,12.5595254508088,2.09563211795545));
#4560=CARTESIAN_POINT('',(21.3390264952588,12.5595247087829,2.0932148307835));
#4561=CARTESIAN_POINT('',(21.3332471199188,12.5595248591218,2.0912850962727));
#4562=CARTESIAN_POINT('',(21.3259715138787,12.5595252076249,2.08877377361971));
#4563=CARTESIAN_POINT('',(21.3186506369102,12.5595250343096,2.08614989773137));
#4564=CARTESIAN_POINT('',(21.3113603507433,12.5595248046623,2.08343427905773));
#4565=CARTESIAN_POINT('',(21.3053779861074,12.5595247843315,2.0811248332655));
#4566=CARTESIAN_POINT('',(21.298233973838,12.5595252038186,2.07826573863983));
#4567=CARTESIAN_POINT('',(21.291130862546,12.5595256888998,2.07530732033833));
#4568=CARTESIAN_POINT('',(21.2840093171613,12.5595255509758,2.07221499951054));
#4569=CARTESIAN_POINT('',(21.2769274084004,12.5595252411946,2.06900359222135));
#4570=CARTESIAN_POINT('',(21.2699018661346,12.5595248761456,2.06567310033974));
#4571=CARTESIAN_POINT('',(21.2629372874759,12.5595244541072,2.06221834830891));
#4572=CARTESIAN_POINT('',(21.259612176364,12.5595260485552,2.06051024807762));
#4573=CARTESIAN_POINT('',(21.25604032936,12.5595239624293,2.05863185613302));
#4574=CARTESIAN_POINT('',(21.252808037707,12.5595265541351,2.05688810679137));
#4575=CARTESIAN_POINT('',(21.2492728887261,12.5595242232755,2.0549327445969));
#4576=CARTESIAN_POINT('',(21.2460282940347,12.5595261675383,2.05308865269031));
#4577=CARTESIAN_POINT('',(21.2438196849155,12.5595259179996,2.05180621869799));
#4578=CARTESIAN_POINT('',(21.2404548889647,12.5595252214721,2.04980748210537));
#4579=CARTESIAN_POINT('',(21.2373861941092,12.5595245228555,2.04793499582766));
#4580=CARTESIAN_POINT('',(21.2340953390986,12.559524242828,2.0458699267171));
#4581=CARTESIAN_POINT('',(21.2308337557147,12.5595239386927,2.04375968517433));
#4582=CARTESIAN_POINT('',(21.2276247001375,12.5595240089961,2.04161622397517));
#4583=CARTESIAN_POINT('',(21.2244632017154,12.5595243648466,2.03943359986352));
#4584=CARTESIAN_POINT('',(21.2229115036383,12.5595248874669,2.03833456731971));
#4585=CARTESIAN_POINT('',(21.2213378327201,12.5595247504561,2.03720053384823));
#4586=CARTESIAN_POINT('',(21.2195944660807,12.5595255422103,2.03591961991258));
#4587=CARTESIAN_POINT('',(21.2165659350452,12.5595270153688,2.03363106097807));
#4588=CARTESIAN_POINT('',(21.215048810133,12.5595273498713,2.03245219519692));
#4589=CARTESIAN_POINT('',(21.2134436975974,12.5595247880921,2.03118050626855));
#4590=CARTESIAN_POINT('',(21.2119684261815,12.5595255267889,2.02998554487593));
#4591=CARTESIAN_POINT('',(21.2105712651697,12.5595283886805,2.02882955903593));
#4592=CARTESIAN_POINT('',(21.2090399267915,12.5595267321308,2.02753701484561));
#4593=CARTESIAN_POINT('',(21.2074909395165,12.5595238309806,2.02619879697945));
#4594=CARTESIAN_POINT('',(21.2061328750869,12.5595267979037,2.02499523311458));
#4595=CARTESIAN_POINT('',(21.2048738245334,12.5595283208145,2.02385540145777));
#4596=CARTESIAN_POINT('',(21.203221151174,12.5595258145246,2.02232316481894));
#4597=CARTESIAN_POINT('',(21.2017851086111,12.5595245394996,2.02095264524251));
#4598=CARTESIAN_POINT('',(21.2004329382666,12.5595254152466,2.01962499711399));
#4599=CARTESIAN_POINT('',(21.1990656118299,12.5595251006816,2.01824454770362));
#4600=CARTESIAN_POINT('',(21.1977237148267,12.5595249639594,2.01684882708467));
#4601=CARTESIAN_POINT('',(21.1964273272342,12.5595257201244,2.01545818796098));
#4602=CARTESIAN_POINT('',(21.1951016603068,12.559524464935,2.01399071500152));
#4603=CARTESIAN_POINT('',(21.1938797234692,12.5595264378215,2.01258919197212));
#4604=CARTESIAN_POINT('',(21.1925792772939,12.5595238950025,2.01104531901468));
#4605=CARTESIAN_POINT('',(21.1914268560796,12.5595267711092,2.00962075303341));
#4606=CARTESIAN_POINT('',(21.1907942381369,12.5595250459634,2.00881761397843));
#4607=CARTESIAN_POINT('',(21.1901921269914,12.5595243548449,2.0080359757724));
#4608=CARTESIAN_POINT('',(21.1896474203273,12.5595261801707,2.00731229315716));
#4609=CARTESIAN_POINT('',(21.1890759147115,12.5595262970864,2.00653816332727));
#4610=CARTESIAN_POINT('',(21.1884771071333,12.559524453046,2.00570942571306));
#4611=CARTESIAN_POINT('',(21.1879330409882,12.5595250694391,2.00493642292227));
#4612=CARTESIAN_POINT('',(21.1874211491968,12.5595270556176,2.00419079759616));
#4613=CARTESIAN_POINT('',(21.1870305614329,12.5595238552308,2.00361355585176));
#4614=CARTESIAN_POINT('',(21.1867227505795,12.5595274050895,2.00314597423779));
#4615=CARTESIAN_POINT('',(21.1861661984352,12.5595254485479,2.00228867374427));
#4616=CARTESIAN_POINT('',(21.1856334843771,12.5595242084278,2.00144335666581));
#4617=CARTESIAN_POINT('',(21.1851618660514,12.559526300442,2.0006705478849));
#4618=CARTESIAN_POINT('',(21.184677389963,12.5595268926847,1.99985479968181));
#4619=CARTESIAN_POINT('',(21.1841668927632,12.5595247845215,1.99896986283917));
#4620=CARTESIAN_POINT('',(21.183701345998,12.5595250089177,1.9981333097493));
#4621=CARTESIAN_POINT('',(21.1832729565483,12.5595272470275,1.99733582832097));
#4622=CARTESIAN_POINT('',(21.1828154908018,12.559526283378,1.99645754589395));
#4623=CARTESIAN_POINT('',(21.1823571704987,12.5595240235259,1.99554420016851));
#4624=CARTESIAN_POINT('',(21.1819607373081,12.5595259080827,1.99471816288117));
#4625=CARTESIAN_POINT('',(21.1815773186025,12.5595279079901,1.99388701342236));
#4626=CARTESIAN_POINT('',(21.1811626623537,12.559525582456,1.99295321411558));
#4627=CARTESIAN_POINT('',(21.1807770087458,12.5595244433481,1.99204035635967));
#4628=CARTESIAN_POINT('',(21.1804406676297,12.5595269081052,1.99120003817721));
#4629=CARTESIAN_POINT('',(21.1800995828363,12.5595272585108,1.99030651237671));
#4630=CARTESIAN_POINT('',(21.1799246724338,12.5595261607129,1.98983041844634));
#4631=CARTESIAN_POINT('',(21.179751961252,12.5595247775719,1.98934604657967));
#4632=CARTESIAN_POINT('',(21.1796215676561,12.5595281384775,1.9889628771119));
#4633=CARTESIAN_POINT('',(21.1794474391927,12.559525383711,1.98844672387746));
#4634=CARTESIAN_POINT('',(21.1791740756857,12.5595280066159,1.9875836464119));
#4635=CARTESIAN_POINT('',(21.1788892597673,12.5595264986993,1.98662686764623));
#4636=CARTESIAN_POINT('',(21.1787638564012,12.5595272130023,1.98617796935759));
#4637=CARTESIAN_POINT('',(21.1786180009832,12.5595238756199,1.98564141931356));
#4638=CARTESIAN_POINT('',(21.1785187773422,12.5595273815829,1.98524882371943));
#4639=CARTESIAN_POINT('',(21.1783975112669,12.5595263953834,1.98476001891543));
#4640=CARTESIAN_POINT('',(21.1781911086331,12.5595282763581,1.98386000155204));
#4641=CARTESIAN_POINT('',(21.1779819441819,12.5595256138685,1.98285961860999));
#4642=CARTESIAN_POINT('',(21.1779038283511,12.5595282675476,1.98244232377169));
#4643=CARTESIAN_POINT('',(21.1778035866709,12.5595247021162,1.9818925083214));
#4644=CARTESIAN_POINT('',(21.1777315508987,12.5595264990442,1.98145504707937));
#4645=CARTESIAN_POINT('',(21.1776608466543,12.5595274212915,1.98099845750131));
#4646=CARTESIAN_POINT('',(21.1776192904207,12.5595256274964,1.98072213764784));
#4647=CARTESIAN_POINT('',(21.1775795783851,12.5595238337013,1.98044555271843));
#4648=CARTESIAN_POINT('',(21.1775534343197,12.5595255876183,1.98024381246256));
#4649=CARTESIAN_POINT('',(21.1775284367892,12.5595273899352,1.98004296496641));
#4650=CARTESIAN_POINT('',(21.1774681947527,12.5595265603358,1.97954702948293));
#4651=CARTESIAN_POINT('',(21.1774111534375,12.5595246662369,1.97902775495622));
#4652=CARTESIAN_POINT('',(21.1773276580153,12.5595256884097,1.97808934148294));
#4653=CARTESIAN_POINT('',(21.1772857995804,12.5595255878054,1.97749268065059));
#4654=CARTESIAN_POINT('',(21.1772571890604,12.559524812077,1.97699006337064));
#4655=CARTESIAN_POINT('',(21.177234688486,12.5595238542807,1.97648162983424));
#4656=CARTESIAN_POINT('',(21.1772211960119,12.5595248937213,1.97602870723042));
#4657=CARTESIAN_POINT('',(21.1772125142533,12.5595254618366,1.97556275504123));
#4658=CARTESIAN_POINT('',(21.1772085029416,12.5595244249546,1.97505116853715));
#4659=CARTESIAN_POINT('',(21.1772113681483,12.559524217395,1.97456279252187));
#4660=CARTESIAN_POINT('',(21.1772201772965,12.5595252279882,1.97410961004268));
#4661=CARTESIAN_POINT('',(21.1772349110767,12.5595250609044,1.97362285403407));
#4662=CARTESIAN_POINT('',(21.1772566086721,12.5595240537869,1.97311152752271));
#4663=CARTESIAN_POINT('',(21.1772831841501,12.559524559941,1.97264457362329));
#4664=CARTESIAN_POINT('',(21.1772985376141,12.5595243813655,1.97240919113987));
#4665=CARTESIAN_POINT('',(21.1773277309772,12.5595247363573,1.97201821327693));
#4666=CARTESIAN_POINT('',(21.1773675054948,12.5595254801908,1.97155904794849));
#4667=CARTESIAN_POINT('',(21.1774174869435,12.5595244911685,1.97104801417367));
#4668=CARTESIAN_POINT('',(21.1774727049905,12.5595240856107,1.97055417429954));
#4669=CARTESIAN_POINT('',(21.1775295467787,12.559525019389,1.97010265246071));
#4670=CARTESIAN_POINT('',(21.1775950485734,12.5595250575578,1.96962491640765));
#4671=CARTESIAN_POINT('',(21.177670722328,12.5595241304456,1.96911735489799));
#4672=CARTESIAN_POINT('',(21.1777471827538,12.5595243903639,1.96864898301258));
#4673=CARTESIAN_POINT('',(21.1778256884159,12.5595252612519,1.96820319852966));
#4674=CARTESIAN_POINT('',(21.1779175157435,12.5595246738734,1.96771195428452));
#4675=CARTESIAN_POINT('',(21.1780172667193,12.5595238095587,1.9672131147541));
#4676=EDGE_CURVE('Edge_116',#4523,#4525,#4526,.T.);
#4677=CARTESIAN_POINT('',(23.9528616051132,13.0952380952802,1.9672131147541));
#4678=VERTEX_POINT('',#4677);
#4679=CARTESIAN_POINT('',(21.4628616051132,13.0952380952802,1.9672131147541));
#4680=VERTEX_POINT('',#4679);
#4681=B_SPLINE_CURVE_WITH_KNOTS('Curve_117',1,(#4682, #4683, #4684, #4685, #4686, #4687, #4688, #4689, #4690, #4691, #4692, #4693, #4694, #4695, #4696, #4697, #4698, #4699, #4700, #4701, #4702, #4703, #4704, #4705, #4706, #4707, #4708, #4709, #4710, #4711, #4712, #4713, #4714, #4715, #4716, #4717, #4718, #4719, #4720, #4721, #4722, #4723, #4724, #4725, #4726, #4727, #4728, #4729, #4730, #4731, #4732, #4733, #4734, #4735, #4736, #4737, #4738, #4739, #4740, #4741, #4742, #4743, #4744, #4745, #4746, #4747, #4748, #4749, #4750, #4751, #4752, #4753, #4754, #4755, #4756, #4757, #4758, #4759, #4760, #4761, #4762, #4763, #4764, #4765, #4766, #4767, #4768, #4769, #4770, #4771, #4772, #4773, #4774, #4775, #4776, #4777, #4778, #4779, #4780, #4781, #4782, #4783, #4784, #4785, #4786, #4787, #4788, #4789, #4790, #4791, #4792, #4793, #4794, #4795, #4796, #4797, #4798, #4799, #4800, #4801, #4802, #4803, #4804, #4805, #4806, #4807, #4808, #4809, #4810, #4811, #4812, #4813, #4814, #4815, #4816, #4817, #4818, #4819, #4820, #4821, #4822),.POLYLINE_FORM.,.F.,.F.,(2,1,1,1,1,1,1,1,1,1,1,1,1,1,1,1,1,1,1,1,1,1,1,1,1,1,1,1,1,1,1,1,1,1,1,1,1,1,1,1,1,1,1,1,1,1,1,1,1,1,1,1,1,1,1,1,1,1,1,1,1,1,1,1,1,1,1,1,1,1,1,1,1,1,1,1,1,1,1,1,1,1,1,1,1,1,1,1,1,1,1,1,1,1,1,1,1,1,1,1,1,1,1,1,1,1,1,1,1,1,1,1,1,1,1,1,1,1,1,1,1,1,1,1,1,1,1,1,1,1,1,1,1,1,1,1,1,1,1,1,2),(0.,1.,2.,3.,4.,5.,6.,7.,8.,9.,10.,11.,12.,13.,14.,15.,16.,17.,18.,19.,20.,21.,22.,23.,24.,25.,26.,27.,28.,29.,30.,31.,32.,33.,34.,35.,36.,37.,38.,39.,40.,41.,42.,43.,44.,45.,46.,47.,48.,49.,50.,51.,52.,53.,54.,55.,56.,57.,58.,59.,60.,61.,62.,63.,64.,65.,66.,67.,68.,69.,70.,71.,72.,73.,74.,75.,76.,77.,78.,79.,80.,81.,82.,83.,84.,85.,86.,87.,88.,89.,90.,91.,92.,93.,94.,95.,96.,97.,98.,99.,100.,101.,102.,103.,104.,105.,106.,107.,108.,109.,110.,111.,112.,113.,114.,115.,116.,117.,118.,119.,120.,121.,122.,123.,124.,125.,126.,127.,128.,129.,130.,131.,132.,133.,134.,135.,136.,137.,138.,139.,140.),.UNIFORM_KNOTS.);
#4682=CARTESIAN_POINT('',(23.9528616051132,13.0952380952802,1.9672131147541));
#4683=CARTESIAN_POINT('',(23.5550135529801,13.0952381339734,2.02249748592436));
#4684=CARTESIAN_POINT('',(23.2462614909417,13.095238246298,2.0598809210116));
#4685=CARTESIAN_POINT('',(23.0271513549397,13.0952381835139,2.08329903403629));
#4686=CARTESIAN_POINT('',(22.807736279394,13.0952381310552,2.10368130951238));
#4687=CARTESIAN_POINT('',(22.6408560088005,13.0952380995546,2.1166742919692));
#4688=CARTESIAN_POINT('',(22.525845885729,13.0952380926423,2.12410266984014));
#4689=CARTESIAN_POINT('',(22.4158121766011,13.095238089394,2.12983507388603));
#4690=CARTESIAN_POINT('',(22.2355780466786,13.0952381301352,2.13572079745877));
#4691=CARTESIAN_POINT('',(22.1153764353738,13.0952380936534,2.1366689505721));
#4692=CARTESIAN_POINT('',(22.0602862866273,13.0952380951271,2.13613145107317));
#4693=CARTESIAN_POINT('',(22.0021093932773,13.0952381047067,2.13480187057245));
#4694=CARTESIAN_POINT('',(21.9450134998381,13.0952381014223,2.13262319519804));
#4695=CARTESIAN_POINT('',(21.9062590187726,13.0952381178289,2.13051716809476));
#4696=CARTESIAN_POINT('',(21.877643970339,13.0952381141556,2.12855846553479));
#4697=CARTESIAN_POINT('',(21.8488344353237,13.0952381499271,2.12617536284451));
#4698=CARTESIAN_POINT('',(21.8201808904666,13.0952381645258,2.12333907798901));
#4699=CARTESIAN_POINT('',(21.8059948511384,13.0952381034788,2.12175011250267));
#4700=CARTESIAN_POINT('',(21.7915834963949,13.0952381761645,2.11999131604481));
#4701=CARTESIAN_POINT('',(21.7771612561078,13.0952383014921,2.11808819716443));
#4702=CARTESIAN_POINT('',(21.7594268963633,13.0952385817063,2.11552717710462));
#4703=CARTESIAN_POINT('',(21.7312568419761,13.0952383230638,2.11092621299388));
#4704=CARTESIAN_POINT('',(21.7149927925805,13.0952381989624,2.10794399101489));
#4705=CARTESIAN_POINT('',(21.7007271725251,13.0952384666388,2.10511499487363));
#4706=CARTESIAN_POINT('',(21.685255942302,13.0952394064559,2.10180374572116));
#4707=CARTESIAN_POINT('',(21.6739559464939,13.0952386741358,2.09921387986096));
#4708=CARTESIAN_POINT('',(21.6598343406723,13.0952391878075,2.09575978417552));
#4709=CARTESIAN_POINT('',(21.6457750882196,13.0952398360504,2.09206515855929));
#4710=CARTESIAN_POINT('',(21.6318230990775,13.0952404997084,2.08812567224561));
#4711=CARTESIAN_POINT('',(21.6181786825973,13.0952402087156,2.0839836848129));
#4712=CARTESIAN_POINT('',(21.6077462305965,13.0952388026201,2.08060642183199));
#4713=CARTESIAN_POINT('',(21.6009961188007,13.0952385194051,2.07831751198617));
#4714=CARTESIAN_POINT('',(21.5942733158051,13.0952381933604,2.07595163374353));
#4715=CARTESIAN_POINT('',(21.5874875514825,13.0952383645287,2.07347092182581));
#4716=CARTESIAN_POINT('',(21.5806995838961,13.095238780773,2.07089068957067));
#4717=CARTESIAN_POINT('',(21.573947324799,13.0952392531173,2.06822024125696));
#4718=CARTESIAN_POINT('',(21.5672341855392,13.0952398002408,2.06545504288145));
#4719=CARTESIAN_POINT('',(21.5606038404292,13.0952401114853,2.06260599102165));
#4720=CARTESIAN_POINT('',(21.5541068520482,13.0952397243792,2.05969120296493));
#4721=CARTESIAN_POINT('',(21.5476597784698,13.0952392845912,2.05667016214173));
#4722=CARTESIAN_POINT('',(21.5413718620174,13.0952386015504,2.05358961304221));
#4723=CARTESIAN_POINT('',(21.5379942922167,13.0952407803619,2.05187499461811));
#4724=CARTESIAN_POINT('',(21.5316852742662,13.0952404740834,2.04855112378415));
#4725=CARTESIAN_POINT('',(21.5286610947909,13.0952390640775,2.04689668282079));
#4726=CARTESIAN_POINT('',(21.5254633132015,13.0952399321249,2.04510010081876));
#4727=CARTESIAN_POINT('',(21.5223603070769,13.0952398886916,2.04330898924327));
#4728=CARTESIAN_POINT('',(21.5195509044674,13.0952386340778,2.04164481488572));
#4729=CARTESIAN_POINT('',(21.5165130321124,13.0952382864337,2.03979541650775));
#4730=CARTESIAN_POINT('',(21.5134727841013,13.0952382786882,2.03788818565083));
#4731=CARTESIAN_POINT('',(21.5104310908443,13.0952386834222,2.03591889191003));
#4732=CARTESIAN_POINT('',(21.5074202374808,13.0952391233749,2.03390417628484));
#4733=CARTESIAN_POINT('',(21.5059705451461,13.0952387046757,2.03290940018633));
#4734=CARTESIAN_POINT('',(21.5044426682028,13.0952395989647,2.03184185863397));
#4735=CARTESIAN_POINT('',(21.5030040750404,13.0952385286659,2.0308191975396));
#4736=CARTESIAN_POINT('',(21.499893811252,13.0952426260788,2.02854251839012));
#4737=CARTESIAN_POINT('',(21.4985941717524,13.0952401369652,2.02756541836844));
#4738=CARTESIAN_POINT('',(21.4972418064348,13.0952387105825,2.02652959147714));
#4739=CARTESIAN_POINT('',(21.4956979828532,13.0952414884426,2.02532059699272));
#4740=CARTESIAN_POINT('',(21.4942808060227,13.0952419841613,2.02418700243107));
#4741=CARTESIAN_POINT('',(21.4930212975115,13.0952391654595,2.02315993176163));
#4742=CARTESIAN_POINT('',(21.4916092544262,13.0952399862767,2.02198172198604));
#4743=CARTESIAN_POINT('',(21.4901199675964,13.0952431242686,2.02070750284067));
#4744=CARTESIAN_POINT('',(21.4888571691657,13.0952411304345,2.01960310823858));
#4745=CARTESIAN_POINT('',(21.4869020308122,13.0952395733566,2.0178414997112));
#4746=CARTESIAN_POINT('',(21.4856205016277,13.0952388973057,2.01664949195045));
#4747=CARTESIAN_POINT('',(21.4842712019334,13.0952402619632,2.01535836823581));
#4748=CARTESIAN_POINT('',(21.4830718976092,13.0952383121469,2.01417987732662));
#4749=CARTESIAN_POINT('',(21.481720438333,13.0952408208932,2.01280953371933));
#4750=CARTESIAN_POINT('',(21.4805660638721,13.0952385219679,2.01160532267469));
#4751=CARTESIAN_POINT('',(21.4792881741159,13.0952403140768,2.01022680391849));
#4752=CARTESIAN_POINT('',(21.4781292031071,13.0952392449756,2.00893443121092));
#4753=CARTESIAN_POINT('',(21.4769446446017,13.0952397262878,2.00756476170611));
#4754=CARTESIAN_POINT('',(21.4757907111204,13.0952400492843,2.00617875699912));
#4755=CARTESIAN_POINT('',(21.4747016004365,13.0952390563141,2.00481898809317));
#4756=CARTESIAN_POINT('',(21.4737520015666,13.0952407380678,2.00358514053368));
#4757=CARTESIAN_POINT('',(21.4728577530434,13.0952414159202,2.00237904186614));
#4758=CARTESIAN_POINT('',(21.4718966013447,13.0952382925666,2.00103037712195));
#4759=CARTESIAN_POINT('',(21.4713440454404,13.0952403499164,2.00022289232021));
#4760=CARTESIAN_POINT('',(21.4708297596951,13.0952412312201,1.99945076730609));
#4761=CARTESIAN_POINT('',(21.4703875978963,13.0952391556078,1.99877136823468));
#4762=CARTESIAN_POINT('',(21.4699094712397,13.0952391781679,1.99801460985416));
#4763=CARTESIAN_POINT('',(21.4695796895773,13.0952409792467,1.99747783238422));
#4764=CARTESIAN_POINT('',(21.4692918206242,13.0952396465054,1.9970023275249));
#4765=CARTESIAN_POINT('',(21.4687971548506,13.0952419129356,1.99615885421989));
#4766=CARTESIAN_POINT('',(21.4683884379097,13.09524010831,1.99544221101612));
#4767=CARTESIAN_POINT('',(21.4679869674045,13.0952383588912,1.99471598453377));
#4768=CARTESIAN_POINT('',(21.4675284142741,13.0952406895329,1.99385204784882));
#4769=CARTESIAN_POINT('',(21.4671077142273,13.0952416000097,1.993028758486));
#4770=CARTESIAN_POINT('',(21.4667486137236,13.0952392497002,1.99230221783755));
#4771=CARTESIAN_POINT('',(21.4663643537581,13.0952393600491,1.99149059056352));
#4772=CARTESIAN_POINT('',(21.4659624560773,13.0952418488494,1.99059917811427));
#4773=CARTESIAN_POINT('',(21.4656229088921,13.0952407810709,1.98981338001184));
#4774=CARTESIAN_POINT('',(21.4653130948012,13.0952382744716,1.98906483368682));
#4775=CARTESIAN_POINT('',(21.4649621556523,13.0952404695668,1.98816495452657));
#4776=CARTESIAN_POINT('',(21.464632750498,13.0952424133167,1.9872681904723));
#4777=CARTESIAN_POINT('',(21.4643657301281,13.0952398488693,1.98650321702135));
#4778=CARTESIAN_POINT('',(21.4640960439762,13.0952389859921,1.98567928048251));
#4779=CARTESIAN_POINT('',(21.4639490258086,13.0952406629723,1.98520200419763));
#4780=CARTESIAN_POINT('',(21.4638128522453,13.0952416722114,1.98474289175135));
#4781=CARTESIAN_POINT('',(21.463764892453,13.0952399377283,1.98458053888919));
#4782=CARTESIAN_POINT('',(21.4637175649164,13.0952382032453,1.98441800199295));
#4783=CARTESIAN_POINT('',(21.4636452020849,13.0952397383622,1.98415663028159));
#4784=CARTESIAN_POINT('',(21.4635728376168,13.0952414905089,1.98388823722787));
#4785=CARTESIAN_POINT('',(21.463462912467,13.0952409072504,1.98347335060259));
#4786=CARTESIAN_POINT('',(21.4633679383859,13.0952387935077,1.98310383032362));
#4787=CARTESIAN_POINT('',(21.4632389224277,13.0952423276866,1.98256308695484));
#4788=CARTESIAN_POINT('',(21.4631526983528,13.0952401230094,1.98219352673722));
#4789=CARTESIAN_POINT('',(21.4630598947708,13.0952396121088,1.98177243239564));
#4790=CARTESIAN_POINT('',(21.4629506183815,13.0952428817171,1.98123640369835));
#4791=CARTESIAN_POINT('',(21.4629168527689,13.0952411024531,1.98107050544635));
#4792=CARTESIAN_POINT('',(21.4628837914692,13.095239323189,1.98090447038546));
#4793=CARTESIAN_POINT('',(21.4628458399629,13.0952386495393,1.98070510168342));
#4794=CARTESIAN_POINT('',(21.4627969289619,13.0952404381749,1.98043151831265));
#4795=CARTESIAN_POINT('',(21.4627134496351,13.0952420888507,1.97994121908055));
#4796=CARTESIAN_POINT('',(21.4626577732156,13.0952385115796,1.9796072313766));
#4797=CARTESIAN_POINT('',(21.4625807980092,13.0952412678237,1.97908225984004));
#4798=CARTESIAN_POINT('',(21.4625203383917,13.0952412823989,1.97863863110148));
#4799=CARTESIAN_POINT('',(21.4624132589471,13.0952420971725,1.97772582926803));
#4800=CARTESIAN_POINT('',(21.462343388469,13.0952385795466,1.97701295369651));
#4801=CARTESIAN_POINT('',(21.4623076983624,13.0952387063783,1.97656188758702));
#4802=CARTESIAN_POINT('',(21.4622758918128,13.0952397900292,1.97607330845406));
#4803=CARTESIAN_POINT('',(21.4622527805622,13.0952392129013,1.97564807797252));
#4804=CARTESIAN_POINT('',(21.4622351309809,13.0952381328605,1.97524252407422));
#4805=CARTESIAN_POINT('',(21.4622212090332,13.0952391287383,1.97475582381128));
#4806=CARTESIAN_POINT('',(21.4622138416805,13.095239823898,1.97428011244601));
#4807=CARTESIAN_POINT('',(21.4622116850112,13.0952387559491,1.97387401149018));
#4808=CARTESIAN_POINT('',(21.4622150212077,13.0952384865143,1.97343666809083));
#4809=CARTESIAN_POINT('',(21.4622258961224,13.0952395241163,1.9729467309964));
#4810=CARTESIAN_POINT('',(21.462240961654,13.0952393535695,1.97250513506471));
#4811=CARTESIAN_POINT('',(21.4622592721338,13.0952383224362,1.97209920104205));
#4812=CARTESIAN_POINT('',(21.4622875578151,13.0952388957347,1.97162783235799));
#4813=CARTESIAN_POINT('',(21.4623241292453,13.0952398908826,1.97113773271027));
#4814=CARTESIAN_POINT('',(21.4623589209225,13.0952389016881,1.97073006543197));
#4815=CARTESIAN_POINT('',(21.4624001675638,13.0952382795027,1.97030849868665));
#4816=CARTESIAN_POINT('',(21.4624553058133,13.0952392474475,1.9698195434891));
#4817=CARTESIAN_POINT('',(21.4625124416321,13.0952394348511,1.96936412074312));
#4818=CARTESIAN_POINT('',(21.462567444319,13.0952384747851,1.96896045554469));
#4819=CARTESIAN_POINT('',(21.4626351510091,13.0952386481795,1.96850898560116));
#4820=CARTESIAN_POINT('',(21.4627144519568,13.0952395490548,1.96802598620958));
#4821=CARTESIAN_POINT('',(21.4627873832017,13.0952389880592,1.96761034973099));
#4822=CARTESIAN_POINT('',(21.4628616051132,13.0952380952802,1.9672131147541));
#4823=EDGE_CURVE('Edge_117',#4678,#4680,#4681,.T.);
#4824=CARTESIAN_POINT('',(24.067705943507,13.6309523810016,1.9672131147541));
#4825=VERTEX_POINT('',#4824);
#4826=CARTESIAN_POINT('',(21.747705943507,13.6309523810016,1.9672131147541));
#4827=VERTEX_POINT('',#4826);
#4828=B_SPLINE_CURVE_WITH_KNOTS('Curve_118',1,(#4829, #4830, #4831, #4832, #4833, #4834, #4835, #4836, #4837, #4838, #4839, #4840, #4841, #4842, #4843, #4844, #4845, #4846, #4847, #4848, #4849, #4850, #4851, #4852, #4853, #4854, #4855, #4856, #4857, #4858, #4859, #4860, #4861, #4862, #4863, #4864, #4865, #4866, #4867, #4868, #4869, #4870, #4871, #4872, #4873, #4874, #4875, #4876, #4877, #4878, #4879, #4880, #4881, #4882, #4883, #4884, #4885, #4886, #4887, #4888, #4889, #4890, #4891, #4892, #4893, #4894, #4895, #4896, #4897, #4898, #4899, #4900, #4901, #4902, #4903, #4904, #4905, #4906, #4907, #4908, #4909, #4910, #4911, #4912, #4913, #4914, #4915, #4916, #4917, #4918, #4919, #4920, #4921, #4922, #4923, #4924, #4925, #4926, #4927, #4928, #4929, #4930, #4931, #4932, #4933, #4934, #4935, #4936, #4937, #4938, #4939, #4940, #4941, #4942, #4943, #4944, #4945, #4946, #4947, #4948, #4949, #4950, #4951, #4952, #4953, #4954, #4955, #4956, #4957, #4958, #4959, #4960, #4961, #4962, #4963, #4964, #4965, #4966, #4967, #4968, #4969),.POLYLINE_FORM.,.F.,.F.,(2,1,1,1,1,1,1,1,1,1,1,1,1,1,1,1,1,1,1,1,1,1,1,1,1,1,1,1,1,1,1,1,1,1,1,1,1,1,1,1,1,1,1,1,1,1,1,1,1,1,1,1,1,1,1,1,1,1,1,1,1,1,1,1,1,1,1,1,1,1,1,1,1,1,1,1,1,1,1,1,1,1,1,1,1,1,1,1,1,1,1,1,1,1,1,1,1,1,1,1,1,1,1,1,1,1,1,1,1,1,1,1,1,1,1,1,1,1,1,1,1,1,1,1,1,1,1,1,1,1,1,1,1,1,1,1,1,1,1,1,2),(0.,1.,2.,3.,4.,5.,6.,7.,8.,9.,10.,11.,12.,13.,14.,15.,16.,17.,18.,19.,20.,21.,22.,23.,24.,25.,26.,27.,28.,29.,30.,31.,32.,33.,34.,35.,36.,37.,38.,39.,40.,41.,42.,43.,44.,45.,46.,47.,48.,49.,50.,51.,52.,53.,54.,55.,56.,57.,58.,59.,60.,61.,62.,63.,64.,65.,66.,67.,68.,69.,70.,71.,72.,73.,74.,75.,76.,77.,78.,79.,80.,81.,82.,83.,84.,85.,86.,87.,88.,89.,90.,91.,92.,93.,94.,95.,96.,97.,98.,99.,100.,101.,102.,103.,104.,105.,106.,107.,108.,109.,110.,111.,112.,113.,114.,115.,116.,117.,118.,119.,120.,121.,122.,123.,124.,125.,126.,127.,128.,129.,130.,131.,132.,133.,134.,135.,136.,137.,138.,139.,140.),.UNIFORM_KNOTS.);
#4829=CARTESIAN_POINT('',(24.067705943507,13.6309523810016,1.9672131147541));
#4830=CARTESIAN_POINT('',(23.7053711156615,13.6309526681195,2.01674579814901));
#4831=CARTESIAN_POINT('',(23.3998789446273,13.6309524139053,2.05302492346596));
#4832=CARTESIAN_POINT('',(23.2028708128261,13.6309524363199,2.07358948142604));
#4833=CARTESIAN_POINT('',(22.9988190462772,13.6309524014976,2.09210714525958));
#4834=CARTESIAN_POINT('',(22.8402034844113,13.630952382892,2.10411501716333));
#4835=CARTESIAN_POINT('',(22.7379557949544,13.6309523794497,2.11051808175714));
#4836=CARTESIAN_POINT('',(22.635637605284,13.6309523791384,2.115689002118));
#4837=CARTESIAN_POINT('',(22.462362867774,13.6309523951403,2.12103836447746));
#4838=CARTESIAN_POINT('',(22.3562146674411,13.630952379799,2.12171093138167));
#4839=CARTESIAN_POINT('',(22.3046257452691,13.6309523799456,2.12116550219121));
#4840=CARTESIAN_POINT('',(22.2503592783932,13.6309523831015,2.11988629731838));
#4841=CARTESIAN_POINT('',(22.196849268342,13.630952395281,2.11781146955287));
#4842=CARTESIAN_POINT('',(22.1617788928786,13.6309523880377,2.11589663301875));
#4843=CARTESIAN_POINT('',(22.1347008739081,13.630952410853,2.11404854593883));
#4844=CARTESIAN_POINT('',(22.1089906611335,13.6309524346575,2.1119436687818));
#4845=CARTESIAN_POINT('',(22.0828884080798,13.6309523810016,2.1094093119228));
#4846=CARTESIAN_POINT('',(22.0692173778958,13.6309524304951,2.10791110458262));
#4847=CARTESIAN_POINT('',(22.0555629207409,13.6309524991113,2.10627993416192));
#4848=CARTESIAN_POINT('',(22.04237738274,13.6309524926907,2.10457887900164));
#4849=CARTESIAN_POINT('',(22.0266252985686,13.630952498226,2.10236495583116));
#4850=CARTESIAN_POINT('',(22.0015767466875,13.6309528782739,2.09841147647552));
#4851=CARTESIAN_POINT('',(21.9856084577159,13.6309525019037,2.09558874449209));
#4852=CARTESIAN_POINT('',(21.9726446775497,13.6309524038972,2.09310913237041));
#4853=CARTESIAN_POINT('',(21.9591805601595,13.6309525937995,2.09034221956911));
#4854=CARTESIAN_POINT('',(21.9461731799292,13.6309534360977,2.08746910116703));
#4855=CARTESIAN_POINT('',(21.936100287252,13.6309524597558,2.08510088262194));
#4856=CARTESIAN_POINT('',(21.9229497112557,13.6309525964533,2.08180811232477));
#4857=CARTESIAN_POINT('',(21.9096838703999,13.6309529742601,2.07823931174456));
#4858=CARTESIAN_POINT('',(21.8964914824789,13.6309534584144,2.07441942609478));
#4859=CARTESIAN_POINT('',(21.8852599800836,13.6309531233001,2.0709342816686));
#4860=CARTESIAN_POINT('',(21.8787779273022,13.6309533273574,2.06881818761361));
#4861=CARTESIAN_POINT('',(21.8725799781114,13.630953164481,2.06671841866519));
#4862=CARTESIAN_POINT('',(21.866407282292,13.6309529744522,2.06454841891847));
#4863=CARTESIAN_POINT('',(21.8602618310024,13.6309527542613,2.06230532825196));
#4864=CARTESIAN_POINT('',(21.8541456157745,13.6309525007101,2.05998628691677));
#4865=CARTESIAN_POINT('',(21.8478917219342,13.6309525487823,2.05751977780692));
#4866=CARTESIAN_POINT('',(21.8415493691866,13.6309528762327,2.05491076607576));
#4867=CARTESIAN_POINT('',(21.8358734164941,13.6309536486122,2.0524762403743));
#4868=CARTESIAN_POINT('',(21.8304246665344,13.630952743169,2.05004515761994));
#4869=CARTESIAN_POINT('',(21.8244997277491,13.6309523810016,2.04728932368895));
#4870=CARTESIAN_POINT('',(21.8209004927498,13.6309540061033,2.04555301987073));
#4871=CARTESIAN_POINT('',(21.8183397099449,13.6309527898267,2.04428805948559));
#4872=CARTESIAN_POINT('',(21.8150597841788,13.6309537083827,2.04262775417386));
#4873=CARTESIAN_POINT('',(21.8122429344321,13.6309532675101,2.04116445775226));
#4874=CARTESIAN_POINT('',(21.8092812585578,13.6309533467893,2.03958615561633));
#4875=CARTESIAN_POINT('',(21.8062183356463,13.6309538154585,2.03790883281358));
#4876=CARTESIAN_POINT('',(21.8035716267422,13.6309529197328,2.03642113379883));
#4877=CARTESIAN_POINT('',(21.8011099488749,13.6309533255436,2.03500319995974));
#4878=CARTESIAN_POINT('',(21.7982229717073,13.6309533986118,2.03329517679354));
#4879=CARTESIAN_POINT('',(21.7954371166597,13.6309531855651,2.03159697548325));
#4880=CARTESIAN_POINT('',(21.7926754903032,13.6309529538676,2.02986113905646));
#4881=CARTESIAN_POINT('',(21.7899400199821,13.6309526998147,2.02808588948752));
#4882=CARTESIAN_POINT('',(21.7872327619502,13.6309524225359,2.02626930091839));
#4883=CARTESIAN_POINT('',(21.7831666598783,13.6309549079959,2.02341773006595));
#4884=CARTESIAN_POINT('',(21.7807760122248,13.6309533377001,2.02166663712589));
#4885=CARTESIAN_POINT('',(21.7779496151785,13.6309544348874,2.01951227467031));
#4886=CARTESIAN_POINT('',(21.7769545694349,13.6309525209797,2.01873132493521));
#4887=CARTESIAN_POINT('',(21.7753836692949,13.6309542287126,2.01746938445468));
#4888=CARTESIAN_POINT('',(21.77386495719,13.6309558317076,2.01621582779875));
#4889=CARTESIAN_POINT('',(21.7728982151654,13.6309538224591,2.01540093786304));
#4890=CARTESIAN_POINT('',(21.7709349615774,13.6309536597615,2.01369702913536));
#4891=CARTESIAN_POINT('',(21.769849124322,13.6309526629096,2.01272521965689));
#4892=CARTESIAN_POINT('',(21.768409798495,13.6309541312225,2.01139956147381));
#4893=CARTESIAN_POINT('',(21.767433901719,13.6309524978014,2.01047687299682));
#4894=CARTESIAN_POINT('',(21.7660409899859,13.630953983446,2.00911968391208));
#4895=CARTESIAN_POINT('',(21.7650051236738,13.6309529347119,2.00808006860319));
#4896=CARTESIAN_POINT('',(21.7637651609101,13.6309536335324,2.00679551297062));
#4897=CARTESIAN_POINT('',(21.7626558785131,13.6309534291036,2.00560658791097));
#4898=CARTESIAN_POINT('',(21.7615674636257,13.6309532318001,2.00439903080302));
#4899=CARTESIAN_POINT('',(21.7607604763879,13.6309536685586,2.00347449158995));
#4900=CARTESIAN_POINT('',(21.7596734496204,13.6309542526932,2.00218616726136));
#4901=CARTESIAN_POINT('',(21.7587980797339,13.6309525279584,2.00111065073098));
#4902=CARTESIAN_POINT('',(21.7581862370174,13.6309535382868,2.00033433295164));
#4903=CARTESIAN_POINT('',(21.7575776163137,13.6309546725698,1.99954120394008));
#4904=CARTESIAN_POINT('',(21.7571983541119,13.6309533601353,1.99903707788172));
#4905=CARTESIAN_POINT('',(21.7567568934967,13.6309527649756,1.99843787752019));
#4906=CARTESIAN_POINT('',(21.7561552384843,13.6309541660229,1.99759765689435));
#4907=CARTESIAN_POINT('',(21.755674991499,13.6309542642003,1.99690798926019));
#4908=CARTESIAN_POINT('',(21.7553199063966,13.6309528514396,1.99638701327764));
#4909=CARTESIAN_POINT('',(21.7548213959486,13.6309533627852,1.99563464881523));
#4910=CARTESIAN_POINT('',(21.7542645945728,13.6309548651118,1.99476482025123));
#4911=CARTESIAN_POINT('',(21.7539045913029,13.6309537866051,1.99418648238152));
#4912=CARTESIAN_POINT('',(21.7535627630414,13.6309524874867,1.99362360988198));
#4913=CARTESIAN_POINT('',(21.7530409082219,13.6309540305261,1.9927323683156));
#4914=CARTESIAN_POINT('',(21.7525870275783,13.6309547952603,1.99192620788125));
#4915=CARTESIAN_POINT('',(21.7522847326298,13.6309532392041,1.99137310854777));
#4916=CARTESIAN_POINT('',(21.7519032468631,13.6309531262827,1.9906501794227));
#4917=CARTESIAN_POINT('',(21.7514383947116,13.6309547739794,1.98972797800366));
#4918=CARTESIAN_POINT('',(21.7511050767197,13.6309542783722,1.98903810354103));
#4919=CARTESIAN_POINT('',(21.7508385387106,13.6309526192899,1.98846717067756));
#4920=CARTESIAN_POINT('',(21.750562039663,13.6309548234573,1.98784838630701));
#4921=CARTESIAN_POINT('',(21.750442426335,13.6309538345606,1.98757544267402));
#4922=CARTESIAN_POINT('',(21.7503114264173,13.6309531440171,1.98727038547579));
#4923=CARTESIAN_POINT('',(21.7500525815776,13.6309553846181,1.98664403856389));
#4924=CARTESIAN_POINT('',(21.7498187552055,13.6309536851069,1.98605903472253));
#4925=CARTESIAN_POINT('',(21.7495581316265,13.6309528239053,1.98537486827618));
#4926=CARTESIAN_POINT('',(21.7493623526878,13.6309542461385,1.98483323793588));
#4927=CARTESIAN_POINT('',(21.7492119782679,13.6309546091518,1.98440173691983));
#4928=CARTESIAN_POINT('',(21.749155078498,13.6309524696279,1.98423794234785));
#4929=CARTESIAN_POINT('',(21.7489443336044,13.6309548118941,1.98359329237192));
#4930=CARTESIAN_POINT('',(21.7488432893193,13.6309540902229,1.98327377750069));
#4931=CARTESIAN_POINT('',(21.7487562271896,13.6309530201405,1.98299150184823));
#4932=CARTESIAN_POINT('',(21.7485666608515,13.6309553849545,1.98234022244334));
#4933=CARTESIAN_POINT('',(21.7485081494296,13.6309535570172,1.98213523301149));
#4934=CARTESIAN_POINT('',(21.7483986448722,13.6309535791064,1.98173248834319));
#4935=CARTESIAN_POINT('',(21.7482459752981,13.6309553955879,1.98113580377851));
#4936=CARTESIAN_POINT('',(21.7482079874417,13.6309530122611,1.98098695743855));
#4937=CARTESIAN_POINT('',(21.7480842394832,13.6309541436582,1.98046204482798));
#4938=CARTESIAN_POINT('',(21.7479774514079,13.6309548564973,1.97997978586262));
#4939=CARTESIAN_POINT('',(21.7479442320353,13.6309524587659,1.97982980444126));
#4940=CARTESIAN_POINT('',(21.7478149190419,13.6309547108805,1.97918131468028));
#4941=CARTESIAN_POINT('',(21.7477465735206,13.6309543073819,1.97881563298962));
#4942=CARTESIAN_POINT('',(21.7477007305193,13.6309528638077,1.97856116571229));
#4943=CARTESIAN_POINT('',(21.7475925915896,13.6309552778384,1.97789144170943));
#4944=CARTESIAN_POINT('',(21.7475547701697,13.6309537511271,1.97764419848956));
#4945=CARTESIAN_POINT('',(21.7475017106085,13.6309534257139,1.97726726930346));
#4946=CARTESIAN_POINT('',(21.7474034698208,13.6309531906536,1.97646633526331));
#4947=CARTESIAN_POINT('',(21.7473484530122,13.6309534587752,1.97592620392584));
#4948=CARTESIAN_POINT('',(21.7473141837085,13.6309532517612,1.97553818507094));
#4949=CARTESIAN_POINT('',(21.7472894336321,13.630952505917,1.97522337905942));
#4950=CARTESIAN_POINT('',(21.747258225168,13.6309529951692,1.97474097862212));
#4951=CARTESIAN_POINT('',(21.7472329818488,13.6309536815818,1.97422969217812));
#4952=CARTESIAN_POINT('',(21.7472207672948,13.6309529435668,1.97391396845807));
#4953=CARTESIAN_POINT('',(21.7472107771239,13.6309525446569,1.97355262578222));
#4954=CARTESIAN_POINT('',(21.7472041555266,13.6309532622125,1.97303482768531));
#4955=CARTESIAN_POINT('',(21.7472047193716,13.6309533632898,1.97260217082636));
#4956=CARTESIAN_POINT('',(21.7472067619632,13.6309524181643,1.97237854243637));
#4957=CARTESIAN_POINT('',(21.7472134017298,13.6309532741721,1.97206559106071));
#4958=CARTESIAN_POINT('',(21.747221986829,13.6309525092289,1.9717603713779));
#4959=CARTESIAN_POINT('',(21.7472425059127,13.6309529530926,1.97127904240668));
#4960=CARTESIAN_POINT('',(21.7472728692158,13.6309536119143,1.97076323606918));
#4961=CARTESIAN_POINT('',(21.7472951105978,13.6309529138061,1.97044667267814));
#4962=CARTESIAN_POINT('',(21.7473243865303,13.6309525237171,1.97008754960011));
#4963=CARTESIAN_POINT('',(21.7473743667998,13.6309531834663,1.96956982967509));
#4964=CARTESIAN_POINT('',(21.747422534177,13.6309532861585,1.96913539930344));
#4965=CARTESIAN_POINT('',(21.7474607308378,13.6309526316389,1.96882061377003));
#4966=CARTESIAN_POINT('',(21.7475191871013,13.6309527659089,1.96838545705236));
#4967=CARTESIAN_POINT('',(21.747595793356,13.6309533792914,1.96787360178393));
#4968=CARTESIAN_POINT('',(21.747662103991,13.6309523810016,1.96746494780705));
#4969=CARTESIAN_POINT('',(21.747705943507,13.6309523810016,1.9672131147541));
#4970=EDGE_CURVE('Edge_118',#4825,#4827,#4828,.T.);
#4971=CARTESIAN_POINT('',(22.0325502819009,14.166666666723,1.9672131147541));
#4972=VERTEX_POINT('',#4971);
#4973=CARTESIAN_POINT('',(22.1369311963174,14.166666666723,2.05264334676217));
#4974=VERTEX_POINT('',#4973);
#4975=B_SPLINE_CURVE_WITH_KNOTS('Curve_119',1,(#4976, #4977, #4978, #4979, #4980, #4981, #4982, #4983, #4984, #4985, #4986, #4987, #4988, #4989, #4990, #4991, #4992, #4993, #4994, #4995, #4996, #4997, #4998, #4999, #5000, #5001, #5002, #5003, #5004, #5005, #5006, #5007, #5008, #5009, #5010, #5011, #5012, #5013, #5014, #5015, #5016, #5017, #5018, #5019, #5020, #5021, #5022, #5023, #5024, #5025, #5026, #5027, #5028, #5029, #5030, #5031, #5032, #5033, #5034, #5035, #5036, #5037, #5038, #5039, #5040, #5041, #5042, #5043, #5044, #5045, #5046, #5047, #5048, #5049, #5050, #5051, #5052, #5053, #5054, #5055, #5056, #5057, #5058, #5059, #5060, #5061, #5062, #5063, #5064, #5065, #5066, #5067, #5068, #5069, #5070, #5071, #5072),.POLYLINE_FORM.,.F.,.F.,(2,1,1,1,1,1,1,1,1,1,1,1,1,1,1,1,1,1,1,1,1,1,1,1,1,1,1,1,1,1,1,1,1,1,1,1,1,1,1,1,1,1,1,1,1,1,1,1,1,1,1,1,1,1,1,1,1,1,1,1,1,1,1,1,1,1,1,1,1,1,1,1,1,1,1,1,1,1,1,1,1,1,1,1,1,1,1,1,1,1,1,1,1,1,1,1,2),(0.,1.,2.,3.,4.,5.,6.,7.,8.,9.,10.,11.,12.,13.,14.,15.,16.,17.,18.,19.,20.,21.,22.,23.,24.,25.,26.,27.,28.,29.,30.,31.,32.,33.,34.,35.,36.,37.,38.,39.,40.,41.,42.,43.,44.,45.,46.,47.,48.,49.,50.,51.,52.,53.,54.,55.,56.,57.,58.,59.,60.,61.,62.,63.,64.,65.,66.,67.,68.,69.,70.,71.,72.,73.,74.,75.,76.,77.,78.,79.,80.,81.,82.,83.,84.,85.,86.,87.,88.,89.,90.,91.,92.,93.,94.,95.,96.),.UNIFORM_KNOTS.);
#4976=CARTESIAN_POINT('',(22.0325502819009,14.166666666723,1.9672131147541));
#4977=CARTESIAN_POINT('',(22.0324810499285,14.166666666723,1.96766884839963));
#4978=CARTESIAN_POINT('',(22.0324187635458,14.166666666723,1.96812690234299));
#4979=CARTESIAN_POINT('',(22.032363519224,14.166666666723,1.96858688566665));
#4980=CARTESIAN_POINT('',(22.0323154134345,14.166666666723,1.96904840745308));
#4981=CARTESIAN_POINT('',(22.0322745426485,14.166666666723,1.96951107678473));
#4982=CARTESIAN_POINT('',(22.0322410033375,14.166666666723,1.96997450274407));
#4983=CARTESIAN_POINT('',(22.0322148919728,14.166666666723,1.97043829441357));
#4984=CARTESIAN_POINT('',(22.0321963050255,14.166666666723,1.9709020608757));
#4985=CARTESIAN_POINT('',(22.0321853389671,14.166666666723,1.97136541121291));
#4986=CARTESIAN_POINT('',(22.0321819903502,14.166666666723,1.97182823144401));
#4987=CARTESIAN_POINT('',(22.0321860500077,14.166666666723,1.97229089996523));
#4988=CARTESIAN_POINT('',(22.0321974528047,14.166666666723,1.97275332682645));
#4989=CARTESIAN_POINT('',(22.0322161407442,14.166666666723,1.97321540104165));
#4990=CARTESIAN_POINT('',(22.032242055829,14.166666666723,1.97367701162482));
#4991=CARTESIAN_POINT('',(22.0322751400622,14.166666666723,1.97413804758996));
#4992=CARTESIAN_POINT('',(22.0323153354464,14.166666666723,1.97459839795105));
#4993=CARTESIAN_POINT('',(22.0323625839847,14.166666666723,1.97505795172207));
#4994=CARTESIAN_POINT('',(22.03241682768,14.166666666723,1.97551659791702));
#4995=CARTESIAN_POINT('',(22.032449594832,14.166666666723,1.97576821997766));
#4996=CARTESIAN_POINT('',(22.0325145736346,14.166666666723,1.97622523173502));
#4997=CARTESIAN_POINT('',(22.0325863827474,14.166666666723,1.97668107859713));
#4998=CARTESIAN_POINT('',(22.0326649172969,14.166666666723,1.97713570498958));
#4999=CARTESIAN_POINT('',(22.0327500724096,14.166666666723,1.97758905533798));
#5000=CARTESIAN_POINT('',(22.0328417432119,14.166666666723,1.97804107406791));
#5001=CARTESIAN_POINT('',(22.0329398248303,14.166666666723,1.97849170560496));
#5002=CARTESIAN_POINT('',(22.0330442123911,14.166666666723,1.97894089437472));
#5003=CARTESIAN_POINT('',(22.0331548010209,14.166666666723,1.97938858480278));
#5004=CARTESIAN_POINT('',(22.0332714858462,14.166666666723,1.97983472131474));
#5005=CARTESIAN_POINT('',(22.0333941619933,14.166666666723,1.98027924833618));
#5006=CARTESIAN_POINT('',(22.0335227245887,14.166666666723,1.9807221102927));
#5007=CARTESIAN_POINT('',(22.0336570687588,14.166666666723,1.98116325160989));
#5008=CARTESIAN_POINT('',(22.0337970896302,14.166666666723,1.98160261671334));
#5009=CARTESIAN_POINT('',(22.0339426823292,14.166666666723,1.98204015002864));
#5010=CARTESIAN_POINT('',(22.0340937419823,14.166666666723,1.98247579598137));
#5011=CARTESIAN_POINT('',(22.034250163716,14.166666666723,1.98290949899715));
#5012=CARTESIAN_POINT('',(22.0344118426567,14.166666666723,1.98334120350154));
#5013=CARTESIAN_POINT('',(22.0345786739308,14.166666666723,1.98377085392015));
#5014=CARTESIAN_POINT('',(22.0347505427417,14.166666666723,1.98419841002087));
#5015=CARTESIAN_POINT('',(22.0349273152233,14.166666666723,1.98462389306152));
#5016=CARTESIAN_POINT('',(22.0351088951408,14.166666666723,1.985047303311));
#5017=CARTESIAN_POINT('',(22.0352951894138,14.166666666723,1.98546863761522));
#5018=CARTESIAN_POINT('',(22.0354861049616,14.166666666723,1.98588789282012));
#5019=CARTESIAN_POINT('',(22.0356815487038,14.166666666723,1.98630506577165));
#5020=CARTESIAN_POINT('',(22.0358814275596,14.166666666723,1.98672015331573));
#5021=CARTESIAN_POINT('',(22.0360856484486,14.166666666723,1.98713315229829));
#5022=CARTESIAN_POINT('',(22.0362941182903,14.166666666723,1.98754405956529));
#5023=CARTESIAN_POINT('',(22.036723432509,14.166666666723,1.98835958633628));
#5024=CARTESIAN_POINT('',(22.0371686255715,14.166666666723,1.98916670839618));
#5025=CARTESIAN_POINT('',(22.037628952833,14.166666666723,1.98996540051247));
#5026=CARTESIAN_POINT('',(22.0381036696492,14.166666666723,1.99075563745262));
#5027=CARTESIAN_POINT('',(22.0385920323493,14.166666666723,1.99153739474188));
#5028=CARTESIAN_POINT('',(22.0390934645874,14.166666666723,1.9923107660001));
#5029=CARTESIAN_POINT('',(22.0396075231235,14.166666666723,1.99307590851122));
#5030=CARTESIAN_POINT('',(22.0401337188013,14.166666666723,1.99383293568882));
#5031=CARTESIAN_POINT('',(22.0406715624644,14.166666666723,1.9945819609465));
#5032=CARTESIAN_POINT('',(22.0412205649567,14.166666666723,1.99532309769782));
#5033=CARTESIAN_POINT('',(22.0417802371218,14.166666666723,1.99605645935639));
#5034=CARTESIAN_POINT('',(22.0423500898035,14.166666666723,1.99678215933578));
#5035=CARTESIAN_POINT('',(22.0431244192837,14.166666666723,1.99773747344033));
#5036=CARTESIAN_POINT('',(22.0440238044904,14.166666666723,1.99880717291958));
#5037=CARTESIAN_POINT('',(22.0446284289809,14.166666666723,1.99950449198578));
#5038=CARTESIAN_POINT('',(22.045241233265,14.166666666723,2.00019473716125));
#5039=CARTESIAN_POINT('',(22.0458619433997,14.166666666723,2.00087803054205));
#5040=CARTESIAN_POINT('',(22.046490285442,14.166666666723,2.00155449422426));
#5041=CARTESIAN_POINT('',(22.0477687694772,14.166666666723,2.00288742087711));
#5042=CARTESIAN_POINT('',(22.0485812281659,14.166666666723,2.00370674555614));
#5043=CARTESIAN_POINT('',(22.0496350333279,14.166666666723,2.00474039167338));
#5044=CARTESIAN_POINT('',(22.0509754940989,14.166666666723,2.00601256168143));
#5045=CARTESIAN_POINT('',(22.0523382203273,14.166666666723,2.00726138258907));
#5046=CARTESIAN_POINT('',(22.0537219523422,14.166666666723,2.00848759860277));
#5047=CARTESIAN_POINT('',(22.0551254304729,14.166666666723,2.00969195392899));
#5048=CARTESIAN_POINT('',(22.0573488213261,14.166666666723,2.01152739564652));
#5049=CARTESIAN_POINT('',(22.0587963825594,14.166666666723,2.01267966116173));
#5050=CARTESIAN_POINT('',(22.060259357648,14.166666666723,2.01381284098623));
#5051=CARTESIAN_POINT('',(22.0617369434879,14.166666666723,2.01492755917758));
#5052=CARTESIAN_POINT('',(22.0632283369754,14.166666666723,2.01602443979334));
#5053=CARTESIAN_POINT('',(22.0647327350066,14.166666666723,2.01710410689107));
#5054=CARTESIAN_POINT('',(22.0662493344776,14.166666666723,2.01816718452832));
#5055=CARTESIAN_POINT('',(22.0677773322846,14.166666666723,2.01921429676267));
#5056=CARTESIAN_POINT('',(22.0693159253236,14.166666666723,2.02024606765167));
#5057=CARTESIAN_POINT('',(22.0709486186513,14.166666666723,2.02131740429057));
#5058=CARTESIAN_POINT('',(22.0725078114072,14.166666666723,2.0223185772019));
#5059=CARTESIAN_POINT('',(22.0756543013876,14.166666666723,2.0242782047236));
#5060=CARTESIAN_POINT('',(22.0788353586294,14.166666666723,2.0261837628336));
#5061=CARTESIAN_POINT('',(22.0820478654631,14.166666666723,2.02803822993955));
#5062=CARTESIAN_POINT('',(22.0864632197144,14.166666666723,2.03048375704665));
#5063=CARTESIAN_POINT('',(22.0897384465762,14.166666666723,2.03222870999431));
#5064=CARTESIAN_POINT('',(22.0930370001746,14.166666666723,2.03393084479996));
#5065=CARTESIAN_POINT('',(22.0963575644641,14.166666666723,2.03559161731909));
#5066=CARTESIAN_POINT('',(22.0996988172877,14.166666666723,2.03721249032554));
#5067=CARTESIAN_POINT('',(22.1064362371885,14.166666666723,2.04034279827048));
#5068=CARTESIAN_POINT('',(22.111512848817,14.166666666723,2.04259069296537));
#5069=CARTESIAN_POINT('',(22.1181154442844,14.166666666723,2.04538553313747));
#5070=CARTESIAN_POINT('',(22.1250137921376,14.166666666723,2.04816046718975));
#5071=CARTESIAN_POINT('',(22.1319608355367,14.166666666723,2.05081822953414));
#5072=CARTESIAN_POINT('',(22.1369311963174,14.166666666723,2.05264334676217));
#5073=EDGE_CURVE('Edge_119',#4972,#4974,#4975,.T.);
#5074=CARTESIAN_POINT('',(24.1825502819009,14.166666666723,1.9672131147541));
#5075=VERTEX_POINT('',#5074);
#5076=CARTESIAN_POINT('',(22.1572550791496,14.166666666723,2.05951637994154));
#5077=VERTEX_POINT('',#5076);
#5078=B_SPLINE_CURVE_WITH_KNOTS('Curve_120',1,(#5079, #5080, #5081, #5082, #5083, #5084, #5085, #5086, #5087, #5088, #5089, #5090, #5091, #5092, #5093, #5094, #5095, #5096, #5097, #5098, #5099, #5100, #5101, #5102, #5103, #5104, #5105, #5106, #5107, #5108, #5109, #5110, #5111, #5112, #5113),.POLYLINE_FORM.,.F.,.F.,(2,1,1,1,1,1,1,1,1,1,1,1,1,1,1,1,1,1,1,1,1,1,1,1,1,1,1,1,1,1,1,1,1,1,2),(0.,1.,2.,3.,4.,5.,6.,7.,8.,9.,10.,11.,12.,13.,14.,15.,16.,17.,18.,19.,20.,21.,22.,23.,24.,25.,26.,27.,28.,29.,30.,31.,32.,33.,34.),.UNIFORM_KNOTS.);
#5079=CARTESIAN_POINT('',(24.1825502819009,14.166666666723,1.9672131147541));
#5080=CARTESIAN_POINT('',(23.7731575715975,14.166666666723,2.02113778483186));
#5081=CARTESIAN_POINT('',(23.4653418999608,14.166666666723,2.05531402764945));
#5082=CARTESIAN_POINT('',(23.2254867277808,14.166666666723,2.07760278504294));
#5083=CARTESIAN_POINT('',(23.0281546447722,14.166666666723,2.09226801670635));
#5084=CARTESIAN_POINT('',(22.9594508890651,14.166666666723,2.09640821842818));
#5085=CARTESIAN_POINT('',(22.8907139259943,14.166666666723,2.0999638485889));
#5086=CARTESIAN_POINT('',(22.8305434815529,14.166666666723,2.10254458686243));
#5087=CARTESIAN_POINT('',(22.7273459799541,14.166666666723,2.10565406153664));
#5088=CARTESIAN_POINT('',(22.6413150776429,14.166666666723,2.1067781689551));
#5089=CARTESIAN_POINT('',(22.5896916550391,14.166666666723,2.10670323675926));
#5090=CARTESIAN_POINT('',(22.5552781172306,14.166666666723,2.10630341767905));
#5091=CARTESIAN_POINT('',(22.5208692031647,14.166666666723,2.10559885632651));
#5092=CARTESIAN_POINT('',(22.4520808062682,14.166666666723,2.10315931822655));
#5093=CARTESIAN_POINT('',(22.4112744010977,14.166666666723,2.1008970549996));
#5094=CARTESIAN_POINT('',(22.3769513199491,14.166666666723,2.09837435977122));
#5095=CARTESIAN_POINT('',(22.342686051693,14.166666666723,2.09517554371188));
#5096=CARTESIAN_POINT('',(22.3255834946178,14.166666666723,2.09328760375385));
#5097=CARTESIAN_POINT('',(22.3085067410228,14.166666666723,2.09118625318673));
#5098=CARTESIAN_POINT('',(22.2999794916694,14.166666666723,2.09005155527056));
#5099=CARTESIAN_POINT('',(22.2850787924356,14.166666666723,2.08791870408156));
#5100=CARTESIAN_POINT('',(22.2680860282539,14.166666666723,2.08524571289438));
#5101=CARTESIAN_POINT('',(22.2574889720934,14.166666666723,2.0834381738435));
#5102=CARTESIAN_POINT('',(22.249025804881,14.166666666723,2.08191234313037));
#5103=CARTESIAN_POINT('',(22.2405769038429,14.166666666723,2.08031309532484));
#5104=CARTESIAN_POINT('',(22.2321438635481,14.166666666723,2.07863714924789));
#5105=CARTESIAN_POINT('',(22.2174292618849,14.166666666723,2.07550871667619));
#5106=CARTESIAN_POINT('',(22.2090481858469,14.166666666723,2.07360432834133));
#5107=CARTESIAN_POINT('',(22.2006889349692,14.166666666723,2.07161098694498));
#5108=CARTESIAN_POINT('',(22.1923531809546,14.166666666723,2.06952529750943));
#5109=CARTESIAN_POINT('',(22.1840435309237,14.166666666723,2.06734255305867));
#5110=CARTESIAN_POINT('',(22.1757631164088,14.166666666723,2.06505759584306));
#5111=CARTESIAN_POINT('',(22.1675150595768,14.166666666723,2.06266531591429));
#5112=CARTESIAN_POINT('',(22.1613521015927,14.166666666723,2.06079762693034));
#5113=CARTESIAN_POINT('',(22.1572550791496,14.166666666723,2.05951637994154));
#5114=EDGE_CURVE('Edge_120',#5075,#5077,#5078,.T.);
#5115=CARTESIAN_POINT('',(24.2973946202948,14.7023809524444,1.9672131147541));
#5116=VERTEX_POINT('',#5115);
#5117=CARTESIAN_POINT('',(22.3173946202948,14.7023809524444,1.9672131147541));
#5118=VERTEX_POINT('',#5117);
#5119=B_SPLINE_CURVE_WITH_KNOTS('Curve_121',1,(#5120, #5121, #5122, #5123, #5124, #5125, #5126, #5127, #5128, #5129, #5130, #5131, #5132, #5133, #5134, #5135, #5136, #5137, #5138, #5139, #5140, #5141, #5142, #5143, #5144, #5145, #5146, #5147, #5148, #5149, #5150, #5151, #5152, #5153, #5154, #5155, #5156, #5157, #5158, #5159, #5160, #5161, #5162, #5163, #5164, #5165, #5166, #5167, #5168, #5169, #5170, #5171, #5172, #5173, #5174, #5175, #5176, #5177, #5178, #5179, #5180, #5181, #5182, #5183, #5184, #5185, #5186, #5187, #5188, #5189, #5190, #5191, #5192, #5193, #5194, #5195, #5196, #5197, #5198, #5199, #5200, #5201, #5202, #5203, #5204, #5205, #5206, #5207, #5208, #5209, #5210, #5211, #5212, #5213, #5214, #5215, #5216, #5217, #5218, #5219, #5220, #5221, #5222, #5223, #5224, #5225, #5226, #5227, #5228, #5229, #5230, #5231, #5232, #5233, #5234, #5235, #5236, #5237, #5238, #5239, #5240, #5241, #5242, #5243, #5244, #5245, #5246, #5247, #5248, #5249, #5250),.POLYLINE_FORM.,.F.,.F.,(2,1,1,1,1,1,1,1,1,1,1,1,1,1,1,1,1,1,1,1,1,1,1,1,1,1,1,1,1,1,1,1,1,1,1,1,1,1,1,1,1,1,1,1,1,1,1,1,1,1,1,1,1,1,1,1,1,1,1,1,1,1,1,1,1,1,1,1,1,1,1,1,1,1,1,1,1,1,1,1,1,1,1,1,1,1,1,1,1,1,1,1,1,1,1,1,1,1,1,1,1,1,1,1,1,1,1,1,1,1,1,1,1,1,1,1,1,1,1,1,1,1,1,1,1,1,1,1,1,1,2),(0.,1.,2.,3.,4.,5.,6.,7.,8.,9.,10.,11.,12.,13.,14.,15.,16.,17.,18.,19.,20.,21.,22.,23.,24.,25.,26.,27.,28.,29.,30.,31.,32.,33.,34.,35.,36.,37.,38.,39.,40.,41.,42.,43.,44.,45.,46.,47.,48.,49.,50.,51.,52.,53.,54.,55.,56.,57.,58.,59.,60.,61.,62.,63.,64.,65.,66.,67.,68.,69.,70.,71.,72.,73.,74.,75.,76.,77.,78.,79.,80.,81.,82.,83.,84.,85.,86.,87.,88.,89.,90.,91.,92.,93.,94.,95.,96.,97.,98.,99.,100.,101.,102.,103.,104.,105.,106.,107.,108.,109.,110.,111.,112.,113.,114.,115.,116.,117.,118.,119.,120.,121.,122.,123.,124.,125.,126.,127.,128.,129.,130.),.UNIFORM_KNOTS.);
#5120=CARTESIAN_POINT('',(24.2973946202948,14.7023809524444,1.9672131147541));
#5121=CARTESIAN_POINT('',(23.9771476668879,14.7023813100815,2.00888066546368));
#5122=CARTESIAN_POINT('',(23.7177516283584,14.7023809708357,2.03802500535612));
#5123=CARTESIAN_POINT('',(23.555936000148,14.7023810287816,2.05397323868364));
#5124=CARTESIAN_POINT('',(23.38269954514,14.7023809816508,2.06878610335852));
#5125=CARTESIAN_POINT('',(23.249910226232,14.7023809528118,2.07821412019361));
#5126=CARTESIAN_POINT('',(23.1586114888817,14.7023809477707,2.08352284529743));
#5127=CARTESIAN_POINT('',(23.0720445516142,14.7023809425673,2.08751576970923));
#5128=CARTESIAN_POINT('',(22.925229980086,14.7023809521594,2.09148339945157));
#5129=CARTESIAN_POINT('',(22.8376877941832,14.7023809444473,2.09178913560278));
#5130=CARTESIAN_POINT('',(22.7921022154782,14.70238094947,2.09120588058273));
#5131=CARTESIAN_POINT('',(22.7470862016682,14.7023809532148,2.09005813496633));
#5132=CARTESIAN_POINT('',(22.7012536343717,14.7023809598569,2.0882200467523));
#5133=CARTESIAN_POINT('',(22.6737314654854,14.7023809564763,2.08671250058444));
#5134=CARTESIAN_POINT('',(22.6514750224653,14.7023809891325,2.08522908521804));
#5135=CARTESIAN_POINT('',(22.6284032313288,14.7023809566947,2.08340169381001));
#5136=CARTESIAN_POINT('',(22.6063347024116,14.7023810523842,2.08134173222868));
#5137=CARTESIAN_POINT('',(22.583260353093,14.7023809615179,2.07882605104748));
#5138=CARTESIAN_POINT('',(22.5588730669081,14.7023813758804,2.07571503580153));
#5139=CARTESIAN_POINT('',(22.5358510577797,14.7023811808284,2.07229618608022));
#5140=CARTESIAN_POINT('',(22.5227746631059,14.702381017014,2.07012337673752));
#5141=CARTESIAN_POINT('',(22.5119064250464,14.7023812405441,2.06817903535056));
#5142=CARTESIAN_POINT('',(22.5004738219716,14.7023817235674,2.06598852336579));
#5143=CARTESIAN_POINT('',(22.4890824029803,14.7023815260529,2.06364588958962));
#5144=CARTESIAN_POINT('',(22.4777281441161,14.7023812496273,2.06114133638716));
#5145=CARTESIAN_POINT('',(22.4665170953556,14.7023810222244,2.05849033799211));
#5146=CARTESIAN_POINT('',(22.4558253492789,14.7023814850545,2.05578262077152));
#5147=CARTESIAN_POINT('',(22.4455089529908,14.7023823949647,2.05298809619748));
#5148=CARTESIAN_POINT('',(22.4377120532396,14.7023811074053,2.05074837622133));
#5149=CARTESIAN_POINT('',(22.4322673923859,14.7023810658401,2.04911453064551));
#5150=CARTESIAN_POINT('',(22.4270068049185,14.702381368071,2.04747785991559));
#5151=CARTESIAN_POINT('',(22.4217645805196,14.7023817115943,2.04578686273573));
#5152=CARTESIAN_POINT('',(22.4165421560534,14.7023821007071,2.0440392689462));
#5153=CARTESIAN_POINT('',(22.4111604441497,14.7023820743017,2.04216897973366));
#5154=CARTESIAN_POINT('',(22.4057054377446,14.7023817717519,2.04019659219994));
#5155=CARTESIAN_POINT('',(22.4002794235237,14.7023814165012,2.03815076154484));
#5156=CARTESIAN_POINT('',(22.3948856427292,14.7023810046454,2.03602680394662));
#5157=CARTESIAN_POINT('',(22.3897669815967,14.7023813637951,2.0339223605113));
#5158=CARTESIAN_POINT('',(22.3847145819495,14.7023818968561,2.03175393217815));
#5159=CARTESIAN_POINT('',(22.3797000566325,14.7023825144459,2.0295032013201));
#5160=CARTESIAN_POINT('',(22.3746976132777,14.7023830858563,2.0271480430393));
#5161=CARTESIAN_POINT('',(22.3701880304208,14.7023816404374,2.02492096233304));
#5162=CARTESIAN_POINT('',(22.365801040835,14.7023816102915,2.02265000361922));
#5163=CARTESIAN_POINT('',(22.3633838220625,14.702381959803,2.02135013783796));
#5164=CARTESIAN_POINT('',(22.3609377424267,14.7023821013341,2.01999596698781));
#5165=CARTESIAN_POINT('',(22.3584275785798,14.7023818008393,2.01856289570592));
#5166=CARTESIAN_POINT('',(22.3559388541274,14.7023814710651,2.01709475513999));
#5167=CARTESIAN_POINT('',(22.3534735113868,14.7023811102516,2.01558948447555));
#5168=CARTESIAN_POINT('',(22.3495618598073,14.7023814663668,2.01308653363086));
#5169=CARTESIAN_POINT('',(22.3474807677392,14.7023834607614,2.01169094197009));
#5170=CARTESIAN_POINT('',(22.3450417702908,14.7023824942391,2.00999226435102));
#5171=CARTESIAN_POINT('',(22.3441551265373,14.7023846938496,2.00935493906817));
#5172=CARTESIAN_POINT('',(22.3427790829083,14.7023826988132,2.00834644182455));
#5173=CARTESIAN_POINT('',(22.3415129053638,14.7023814273342,2.00739372072344));
#5174=CARTESIAN_POINT('',(22.3406484217903,14.7023837453147,2.00672756927489));
#5175=CARTESIAN_POINT('',(22.3390220870733,14.7023812985937,2.00544329629007));
#5176=CARTESIAN_POINT('',(22.3380990352053,14.7023828218337,2.00469164211175));
#5177=CARTESIAN_POINT('',(22.3368641593651,14.7023812550048,2.0036611165555));
#5178=CARTESIAN_POINT('',(22.3361705847926,14.7023813971176,2.00306765171727));
#5179=CARTESIAN_POINT('',(22.3352037236656,14.7023823183089,2.00222177214781));
#5180=CARTESIAN_POINT('',(22.334126514192,14.7023819909404,2.0012533256731));
#5181=CARTESIAN_POINT('',(22.333077067244,14.7023818082818,2.00028043358833));
#5182=CARTESIAN_POINT('',(22.3321368448801,14.7023826630222,1.99938094994285));
#5183=CARTESIAN_POINT('',(22.3310155245339,14.7023812303824,1.99827209489192));
#5184=CARTESIAN_POINT('',(22.3302040051853,14.7023833322225,1.99743990303526));
#5185=CARTESIAN_POINT('',(22.3296128972162,14.7023819821351,1.99681918186207));
#5186=CARTESIAN_POINT('',(22.3290847189868,14.702381318129,1.99625190281935));
#5187=CARTESIAN_POINT('',(22.3287179882671,14.7023827465105,1.99584966617854));
#5188=CARTESIAN_POINT('',(22.3282506976865,14.7023827922535,1.99532909741347));
#5189=CARTESIAN_POINT('',(22.3276850145856,14.7023813512247,1.99468544285797));
#5190=CARTESIAN_POINT('',(22.3272760057484,14.7023820363088,1.99420847312489));
#5191=CARTESIAN_POINT('',(22.326925808188,14.7023835760753,1.99379195892703));
#5192=CARTESIAN_POINT('',(22.3263874238507,14.70238219152,1.99313957687368));
#5193=CARTESIAN_POINT('',(22.3258904254098,14.7023812622133,1.99252040411739));
#5194=CARTESIAN_POINT('',(22.3255555137908,14.7023828511379,1.99209186703687));
#5195=CARTESIAN_POINT('',(22.3251422184446,14.7023831031813,1.9915525055394));
#5196=CARTESIAN_POINT('',(22.3246302724313,14.7023814985253,1.99086648009467));
#5197=CARTESIAN_POINT('',(22.3242511456706,14.7023820559828,1.99034223071452));
#5198=CARTESIAN_POINT('',(22.3239380383431,14.7023837622772,1.9898979223379));
#5199=CARTESIAN_POINT('',(22.3234700420669,14.7023824328818,1.98921781199649));
#5200=CARTESIAN_POINT('',(22.3230203121261,14.7023811893144,1.98854086168192));
#5201=CARTESIAN_POINT('',(22.3227268085428,14.7023829473157,1.98808328917468));
#5202=CARTESIAN_POINT('',(22.3223770318966,14.7023834434346,1.98752375722298));
#5203=CARTESIAN_POINT('',(22.3219345513859,14.7023816688129,1.98679126780688));
#5204=CARTESIAN_POINT('',(22.321600634446,14.7023820584168,1.98621478216815));
#5205=CARTESIAN_POINT('',(22.3213355543102,14.7023839345356,1.98574041195232));
#5206=CARTESIAN_POINT('',(22.3209521940597,14.7023826976477,1.98503149737335));
#5207=CARTESIAN_POINT('',(22.3205713261753,14.7023810957074,1.98429215268873));
#5208=CARTESIAN_POINT('',(22.3203322993334,14.702383018417,1.983804279827));
#5209=CARTESIAN_POINT('',(22.3200589599669,14.7023837918864,1.98322544783672));
#5210=CARTESIAN_POINT('',(22.3197079730161,14.7023818568628,1.98244530521456));
#5211=CARTESIAN_POINT('',(22.3194408770676,14.7023820350058,1.98181377511838));
#5212=CARTESIAN_POINT('',(22.3192388206056,14.7023840605466,1.98130902370192));
#5213=CARTESIAN_POINT('',(22.3190413223306,14.7023815144004,1.98079825327882));
#5214=CARTESIAN_POINT('',(22.3189587324114,14.7023829577847,1.98057335212144));
#5215=CARTESIAN_POINT('',(22.3188556148008,14.7023835537774,1.98028711327285));
#5216=CARTESIAN_POINT('',(22.3186749550259,14.7023809804912,1.97977005762781));
#5217=CARTESIAN_POINT('',(22.3185064795627,14.7023830319371,1.97925293596384));
#5218=CARTESIAN_POINT('',(22.3183242892936,14.7023840859691,1.97865884107811));
#5219=CARTESIAN_POINT('',(22.3181931952102,14.7023824978418,1.97820731058642));
#5220=CARTESIAN_POINT('',(22.3180911588098,14.7023820259959,1.97783490313052));
#5221=CARTESIAN_POINT('',(22.3180522173672,14.7023845810484,1.9776820337074));
#5222=CARTESIAN_POINT('',(22.3179175418402,14.7023819544258,1.97715105558383));
#5223=CARTESIAN_POINT('',(22.3178482960378,14.7023825820708,1.97685583669564));
#5224=CARTESIAN_POINT('',(22.3177959969678,14.7023840394019,1.97662081321884));
#5225=CARTESIAN_POINT('',(22.3176812993755,14.7023814047196,1.97608498895802));
#5226=CARTESIAN_POINT('',(22.317639520339,14.7023831374136,1.97586861283876));
#5227=CARTESIAN_POINT('',(22.3174891873644,14.7023809942692,1.97502769927514));
#5228=CARTESIAN_POINT('',(22.3174463769062,14.7023817769897,1.97475107173337));
#5229=CARTESIAN_POINT('',(22.3174032663541,14.7023823114626,1.97445261588406));
#5230=CARTESIAN_POINT('',(22.3173467850687,14.702381447238,1.97402734066707));
#5231=CARTESIAN_POINT('',(22.317304541469,14.7023813117588,1.97366653095936));
#5232=CARTESIAN_POINT('',(22.3172765348131,14.7023821559869,1.97339534605194));
#5233=CARTESIAN_POINT('',(22.3172417412961,14.7023818847488,1.97302165914354));
#5234=CARTESIAN_POINT('',(22.3172081108586,14.7023810442082,1.97259353673986));
#5235=CARTESIAN_POINT('',(22.3171957529669,14.702382188383,1.97239588770445));
#5236=CARTESIAN_POINT('',(22.3171797382687,14.7023810227569,1.97212413827305));
#5237=CARTESIAN_POINT('',(22.3171681605853,14.7023818776406,1.97186539144168));
#5238=CARTESIAN_POINT('',(22.3171566897805,14.7023820975362,1.97153639827925));
#5239=CARTESIAN_POINT('',(22.3171474067732,14.702381282042,1.97110657764511));
#5240=CARTESIAN_POINT('',(22.3171456331207,14.7023814328748,1.97076936606891));
#5241=CARTESIAN_POINT('',(22.3171478633591,14.7023822217951,1.97049572991058));
#5242=CARTESIAN_POINT('',(22.3171556217899,14.7023816866033,1.97009175751846));
#5243=CARTESIAN_POINT('',(22.3171704086792,14.7023810010285,1.96967029733336));
#5244=CARTESIAN_POINT('',(22.3171843294376,14.7023817681229,1.96939654326437));
#5245=CARTESIAN_POINT('',(22.3172039353557,14.7023820580813,1.96907642322673));
#5246=CARTESIAN_POINT('',(22.3172358455305,14.7023812979755,1.96864632185769));
#5247=CARTESIAN_POINT('',(22.317267000877,14.7023813437075,1.96830037363533));
#5248=CARTESIAN_POINT('',(22.3172950529529,14.702382055537,1.96802861582396));
#5249=CARTESIAN_POINT('',(22.3173395652242,14.7023816562805,1.96763826651273));
#5250=CARTESIAN_POINT('',(22.3173946202948,14.7023809524444,1.9672131147541));
#5251=EDGE_CURVE('Edge_121',#5116,#5118,#5119,.T.);
#5252=CARTESIAN_POINT('',(24.4122389586887,15.2380952381659,1.9672131147541));
#5253=VERTEX_POINT('',#5252);
#5254=CARTESIAN_POINT('',(22.6022389586887,15.2380952381659,1.9672131147541));
#5255=VERTEX_POINT('',#5254);
#5256=B_SPLINE_CURVE_WITH_KNOTS('Curve_122',1,(#5257, #5258, #5259, #5260, #5261, #5262, #5263, #5264, #5265, #5266, #5267, #5268, #5269, #5270, #5271, #5272, #5273, #5274, #5275, #5276, #5277, #5278, #5279, #5280, #5281, #5282, #5283, #5284, #5285, #5286, #5287, #5288, #5289, #5290, #5291, #5292, #5293, #5294, #5295, #5296, #5297, #5298, #5299, #5300, #5301, #5302, #5303, #5304, #5305, #5306, #5307, #5308, #5309, #5310, #5311, #5312, #5313, #5314, #5315, #5316, #5317, #5318, #5319, #5320, #5321, #5322, #5323, #5324, #5325, #5326, #5327, #5328, #5329, #5330, #5331, #5332, #5333, #5334, #5335, #5336, #5337, #5338, #5339, #5340, #5341, #5342, #5343, #5344, #5345, #5346, #5347, #5348, #5349, #5350, #5351, #5352, #5353, #5354, #5355, #5356, #5357, #5358, #5359, #5360, #5361, #5362, #5363, #5364, #5365, #5366, #5367, #5368, #5369, #5370, #5371, #5372, #5373, #5374, #5375, #5376, #5377, #5378, #5379, #5380, #5381, #5382, #5383, #5384, #5385, #5386, #5387, #5388, #5389, #5390, #5391, #5392, #5393, #5394, #5395, #5396, #5397, #5398, #5399, #5400, #5401, #5402, #5403, #5404, #5405, #5406, #5407, #5408, #5409),.POLYLINE_FORM.,.F.,.F.,(2,1,1,1,1,1,1,1,1,1,1,1,1,1,1,1,1,1,1,1,1,1,1,1,1,1,1,1,1,1,1,1,1,1,1,1,1,1,1,1,1,1,1,1,1,1,1,1,1,1,1,1,1,1,1,1,1,1,1,1,1,1,1,1,1,1,1,1,1,1,1,1,1,1,1,1,1,1,1,1,1,1,1,1,1,1,1,1,1,1,1,1,1,1,1,1,1,1,1,1,1,1,1,1,1,1,1,1,1,1,1,1,1,1,1,1,1,1,1,1,1,1,1,1,1,1,1,1,1,1,1,1,1,1,1,1,1,1,1,1,1,1,1,1,1,1,1,1,1,1,1,1,2),(0.,1.,2.,3.,4.,5.,6.,7.,8.,9.,10.,11.,12.,13.,14.,15.,16.,17.,18.,19.,20.,21.,22.,23.,24.,25.,26.,27.,28.,29.,30.,31.,32.,33.,34.,35.,36.,37.,38.,39.,40.,41.,42.,43.,44.,45.,46.,47.,48.,49.,50.,51.,52.,53.,54.,55.,56.,57.,58.,59.,60.,61.,62.,63.,64.,65.,66.,67.,68.,69.,70.,71.,72.,73.,74.,75.,76.,77.,78.,79.,80.,81.,82.,83.,84.,85.,86.,87.,88.,89.,90.,91.,92.,93.,94.,95.,96.,97.,98.,99.,100.,101.,102.,103.,104.,105.,106.,107.,108.,109.,110.,111.,112.,113.,114.,115.,116.,117.,118.,119.,120.,121.,122.,123.,124.,125.,126.,127.,128.,129.,130.,131.,132.,133.,134.,135.,136.,137.,138.,139.,140.,141.,142.,143.,144.,145.,146.,147.,148.,149.,150.,151.,152.),.UNIFORM_KNOTS.);
#5257=CARTESIAN_POINT('',(24.4122389586887,15.2380952381659,1.9672131147541));
#5258=CARTESIAN_POINT('',(24.1240402857669,15.2380953093439,2.00359764116451));
#5259=CARTESIAN_POINT('',(23.8830542372905,15.2380952818948,2.02982606360205));
#5260=CARTESIAN_POINT('',(23.7294147322596,15.238095340315,2.04441362430105));
#5261=CARTESIAN_POINT('',(23.5754976046091,15.2380952723594,2.05704282984068));
#5262=CARTESIAN_POINT('',(23.4515776188115,15.2380952357394,2.06545009299996));
#5263=CARTESIAN_POINT('',(23.372633545599,15.2380952231348,2.06981810272812));
#5264=CARTESIAN_POINT('',(23.2898737872841,15.2380952225704,2.07342336567522));
#5265=CARTESIAN_POINT('',(23.1594169410233,15.238095228837,2.07666162545862));
#5266=CARTESIAN_POINT('',(23.0796396644362,15.2380952148739,2.07683469874941));
#5267=CARTESIAN_POINT('',(23.0380775825604,15.2380952370362,2.07626488750557));
#5268=CARTESIAN_POINT('',(22.9969600579642,15.2380952339492,2.07519108758811));
#5269=CARTESIAN_POINT('',(22.9554111029784,15.2380952419962,2.07351813531304));
#5270=CARTESIAN_POINT('',(22.9293053472272,15.23809526306,2.07209628539358));
#5271=CARTESIAN_POINT('',(22.9086075931491,15.2380952580429,2.07072813891349));
#5272=CARTESIAN_POINT('',(22.8880238157355,15.2380953000216,2.06912528370255));
#5273=CARTESIAN_POINT('',(22.8674160970302,15.2380953154204,2.06724710806442));
#5274=CARTESIAN_POINT('',(22.8468392724476,15.2380953319596,2.06506985945096));
#5275=CARTESIAN_POINT('',(22.8234738277704,15.2380957417228,2.06218718004013));
#5276=CARTESIAN_POINT('',(22.8030287836553,15.2380960077225,2.0592610752916));
#5277=CARTESIAN_POINT('',(22.7915549464877,15.2380953575179,2.05743588996351));
#5278=CARTESIAN_POINT('',(22.781382449377,15.2380954412706,2.05569823723743));
#5279=CARTESIAN_POINT('',(22.7704011997493,15.2380965997471,2.0536872531503));
#5280=CARTESIAN_POINT('',(22.7618498342035,15.2380954920566,2.05201671128526));
#5281=CARTESIAN_POINT('',(22.7518069029211,15.2380960669805,2.04993030187509));
#5282=CARTESIAN_POINT('',(22.741795371523,15.2380968048362,2.04770801124595));
#5283=CARTESIAN_POINT('',(22.731819884316,15.2380977347231,2.04533984221067));
#5284=CARTESIAN_POINT('',(22.7217660428177,15.2380974742876,2.04278288057908));
#5285=CARTESIAN_POINT('',(22.7138403613123,15.2380959770595,2.04063676264442));
#5286=CARTESIAN_POINT('',(22.7088450537956,15.2380955819897,2.03922052972202));
#5287=CARTESIAN_POINT('',(22.7038800903751,15.2380953446588,2.03776075142397));
#5288=CARTESIAN_POINT('',(22.6989830648387,15.2380958500409,2.036266901862));
#5289=CARTESIAN_POINT('',(22.6941031325382,15.238096424771,2.03472191807916));
#5290=CARTESIAN_POINT('',(22.6892415517312,15.238097076066,2.03312366714097));
#5291=CARTESIAN_POINT('',(22.6843620624345,15.2380971256365,2.03145637347815));
#5292=CARTESIAN_POINT('',(22.6803057261694,15.2380962456831,2.0300179077216));
#5293=CARTESIAN_POINT('',(22.675507958939,15.2380970068263,2.02824941748464));
#5294=CARTESIAN_POINT('',(22.670736879767,15.2380978704991,2.02641460979427));
#5295=CARTESIAN_POINT('',(22.665935237034,15.2380974136671,2.02448649017055));
#5296=CARTESIAN_POINT('',(22.6611612490414,15.2380967300765,2.02247963944737));
#5297=CARTESIAN_POINT('',(22.6564254561328,15.238095924631,2.02038934476075));
#5298=CARTESIAN_POINT('',(22.6517493874976,15.2380954882604,2.0182165686865));
#5299=CARTESIAN_POINT('',(22.647811875524,15.2380958631002,2.01629480323028));
#5300=CARTESIAN_POINT('',(22.6455369004684,15.2380964052119,2.01514168985249));
#5301=CARTESIAN_POINT('',(22.6432764817868,15.2380969932861,2.01396179860764));
#5302=CARTESIAN_POINT('',(22.6410131945445,15.2380969593054,2.01274418114388));
#5303=CARTESIAN_POINT('',(22.6387549199687,15.2380964479592,2.01148995850104));
#5304=CARTESIAN_POINT('',(22.6365157242962,15.2380958870259,2.01020369841678));
#5305=CARTESIAN_POINT('',(22.6327650602603,15.2380953196934,2.00794485481456));
#5306=CARTESIAN_POINT('',(22.6306926882327,15.2380999858487,2.00663290067981));
#5307=CARTESIAN_POINT('',(22.6284852976186,15.2380966801611,2.00518233894311));
#5308=CARTESIAN_POINT('',(22.6264542563494,15.2380984915987,2.00378881455389));
#5309=CARTESIAN_POINT('',(22.6250386738539,15.2380981502914,2.00278235951276));
#5310=CARTESIAN_POINT('',(22.6234421379282,15.238097204585,2.00160877809418));
#5311=CARTESIAN_POINT('',(22.6223985253548,15.2380958342535,2.00081754215924));
#5312=CARTESIAN_POINT('',(22.6214270427976,15.2380981634437,2.00006051462459));
#5313=CARTESIAN_POINT('',(22.6203844926261,15.2380954853239,1.99922845461279));
#5314=CARTESIAN_POINT('',(22.6194318706247,15.2380978125783,1.99844484290193));
#5315=CARTESIAN_POINT('',(22.6187882906196,15.2380974025258,1.99790408032287));
#5316=CARTESIAN_POINT('',(22.6178118999706,15.238096902471,1.99706347394946));
#5317=CARTESIAN_POINT('',(22.6168509890513,15.2380965687507,1.99621015290397));
#5318=CARTESIAN_POINT('',(22.6159280211813,15.2380979946881,1.99536287014695));
#5319=CARTESIAN_POINT('',(22.6149706621778,15.2380956201745,1.9944553279463));
#5320=CARTESIAN_POINT('',(22.6141004589129,15.2380989365566,1.99359764390826));
#5321=CARTESIAN_POINT('',(22.6131711951109,15.2380959093929,1.99265040397662));
#5322=CARTESIAN_POINT('',(22.6123195999976,15.2380980520889,1.99174452827901));
#5323=CARTESIAN_POINT('',(22.6114535166924,15.2380970903799,1.99078612055641));
#5324=CARTESIAN_POINT('',(22.6110570866707,15.2380994295113,1.99033109523274));
#5325=CARTESIAN_POINT('',(22.6106186971164,15.2380970521916,1.98981924134817));
#5326=CARTESIAN_POINT('',(22.6101993112425,15.2380958908761,1.98931651440796));
#5327=CARTESIAN_POINT('',(22.6098207601245,15.2380984231687,1.9888491708872));
#5328=CARTESIAN_POINT('',(22.6094244990972,15.2380984626055,1.98834938966495));
#5329=CARTESIAN_POINT('',(22.6090122157063,15.2380959052207,1.98781684404873));
#5330=CARTESIAN_POINT('',(22.6086407735944,15.2380971942591,1.98732095571689));
#5331=CARTESIAN_POINT('',(22.608287149502,15.2380999108196,1.98683473746977));
#5332=CARTESIAN_POINT('',(22.6078972785383,15.2380973501074,1.98628682316475));
#5333=CARTESIAN_POINT('',(22.6075247807031,15.2380958576687,1.98574546944594));
#5334=CARTESIAN_POINT('',(22.6071928692363,15.2380986547823,1.98524415305906));
#5335=CARTESIAN_POINT('',(22.6068493521157,15.2380989040977,1.98471021374996));
#5336=CARTESIAN_POINT('',(22.6066735698735,15.2380979827399,1.98443052338938));
#5337=CARTESIAN_POINT('',(22.6064932012919,15.2380960817603,1.9841388253926));
#5338=CARTESIAN_POINT('',(22.6064231141326,15.2380979004507,1.98402163682039));
#5339=CARTESIAN_POINT('',(22.606353448427,15.2380997191411,1.98390419872217));
#5340=CARTESIAN_POINT('',(22.6062676999879,15.2380991013323,1.98376089388058));
#5341=CARTESIAN_POINT('',(22.6061745156835,15.2380972826419,1.98360455524988));
#5342=CARTESIAN_POINT('',(22.6058758854687,15.2381002552151,1.98308309898641));
#5343=CARTESIAN_POINT('',(22.6055510502447,15.2380976594683,1.9824978849342));
#5344=CARTESIAN_POINT('',(22.6054124281262,15.238099562653,1.98223692777164));
#5345=CARTESIAN_POINT('',(22.6052421962302,15.2380958024524,1.9819152620965));
#5346=CARTESIAN_POINT('',(22.6051128763797,15.2380984839303,1.98165937699166));
#5347=CARTESIAN_POINT('',(22.6049725290934,15.238098843413,1.98137819434324));
#5348=CARTESIAN_POINT('',(22.6046982458337,15.2380993416364,1.98080872662463));
#5349=CARTESIAN_POINT('',(22.6044167898496,15.2380962687074,1.98019685881688));
#5350=CARTESIAN_POINT('',(22.6043624442914,15.2380982358608,1.98007148355651));
#5351=CARTESIAN_POINT('',(22.6043086503922,15.2381002030142,1.97994585898733));
#5352=CARTESIAN_POINT('',(22.6042410565874,15.2380992986067,1.97979002278942));
#5353=CARTESIAN_POINT('',(22.6041690802575,15.2380973314533,1.97962269079277));
#5354=CARTESIAN_POINT('',(22.6041334658512,15.2380963478766,1.97953886425686));
#5355=CARTESIAN_POINT('',(22.6040981023991,15.2380953642999,1.97945493138824));
#5356=CARTESIAN_POINT('',(22.6040713027777,15.2380961045056,1.97938891572731));
#5357=CARTESIAN_POINT('',(22.6040458768716,15.238097098288,1.97932548852805));
#5358=CARTESIAN_POINT('',(22.6039954595073,15.238099085853,1.97919845535327));
#5359=CARTESIAN_POINT('',(22.6039429826346,15.2381005094158,1.97906528759016));
#5360=CARTESIAN_POINT('',(22.6038753667994,15.2380985218509,1.9788961133237));
#5361=CARTESIAN_POINT('',(22.6038087958989,15.238096534286,1.97872652942503));
#5362=CARTESIAN_POINT('',(22.6037759056416,15.2380955405035,1.97864158516248));
#5363=CARTESIAN_POINT('',(22.6037494992327,15.2380959353783,1.97857111390723));
#5364=CARTESIAN_POINT('',(22.6037259807391,15.2380969374502,1.9785069515171));
#5365=CARTESIAN_POINT('',(22.6037026141536,15.2380979395221,1.97844273233941));
#5366=CARTESIAN_POINT('',(22.603601103381,15.2380997276668,1.97816194976642));
#5367=CARTESIAN_POINT('',(22.6034782840393,15.2380957193791,1.97781890406747));
#5368=CARTESIAN_POINT('',(22.6033885095644,15.2380987874474,1.97754917690706));
#5369=CARTESIAN_POINT('',(22.6032899928776,15.2380989250165,1.977247536036));
#5370=CARTESIAN_POINT('',(22.6032339938748,15.2380969082542,1.97707417093548));
#5371=CARTESIAN_POINT('',(22.6031817805034,15.2380955863095,1.97690781454168));
#5372=CARTESIAN_POINT('',(22.6031430918167,15.2380976116214,1.9767767137943));
#5373=CARTESIAN_POINT('',(22.6031050712983,15.2380996369332,1.97664540976923));
#5374=CARTESIAN_POINT('',(22.6030112606045,15.2380981062064,1.97632267204047));
#5375=CARTESIAN_POINT('',(22.6029210401056,15.2380964233166,1.97599710525752));
#5376=CARTESIAN_POINT('',(22.6028870741551,15.2380984530256,1.97586465782761));
#5377=CARTESIAN_POINT('',(22.6028538077655,15.2381004827346,1.97573201948235));
#5378=CARTESIAN_POINT('',(22.60281093511,15.2380993058911,1.97556474017229));
#5379=CARTESIAN_POINT('',(22.6027665156526,15.238097276182,1.97538798264043));
#5380=CARTESIAN_POINT('',(22.6027447788566,15.2380962613275,1.97529948142459));
#5381=CARTESIAN_POINT('',(22.6027233591348,15.238095246473,1.97521089926943));
#5382=CARTESIAN_POINT('',(22.6027083404299,15.2380962448087,1.97514397846373));
#5383=CARTESIAN_POINT('',(22.6026935535104,15.2380972597594,1.97507719164591));
#5384=CARTESIAN_POINT('',(22.602664525014,15.2380992896609,1.97494348297842));
#5385=CARTESIAN_POINT('',(22.6026338685392,15.2381004998478,1.97480070969274));
#5386=CARTESIAN_POINT('',(22.6025573668245,15.2380964400448,1.97444409177668));
#5387=CARTESIAN_POINT('',(22.6025179862995,15.2380964555254,1.97424354969605));
#5388=CARTESIAN_POINT('',(22.6024567840987,15.2380953938747,1.97391581181548));
#5389=CARTESIAN_POINT('',(22.6024065214196,15.2380967564641,1.97361861227692));
#5390=CARTESIAN_POINT('',(22.6023575232563,15.2380971402382,1.97330816819305));
#5391=CARTESIAN_POINT('',(22.6023084695656,15.2380957823538,1.97297399348015));
#5392=CARTESIAN_POINT('',(22.6022676095556,15.2380960360007,1.97266031464194));
#5393=CARTESIAN_POINT('',(22.6022331003861,15.2380973585376,1.97236058374872));
#5394=CARTESIAN_POINT('',(22.6021983140292,15.2380964552761,1.97203038646754));
#5395=CARTESIAN_POINT('',(22.6021678166112,15.2380953377065,1.97169640966415));
#5396=CARTESIAN_POINT('',(22.6021456929738,15.2380966392179,1.97139526359049));
#5397=CARTESIAN_POINT('',(22.6021264108187,15.2380970965365,1.97108237189509));
#5398=CARTESIAN_POINT('',(22.6021094404073,15.2380958050004,1.97074438102778));
#5399=CARTESIAN_POINT('',(22.6020988390288,15.2380959500045,1.97042601729442));
#5400=CARTESIAN_POINT('',(22.6020935462742,15.238097197329,1.97012325879278));
#5401=CARTESIAN_POINT('',(22.6020912608494,15.2380964282838,1.96979130180532));
#5402=CARTESIAN_POINT('',(22.6020937027201,15.2380952849205,1.96945314575969));
#5403=CARTESIAN_POINT('',(22.6021013093516,15.2380964978848,1.96915000911882));
#5404=CARTESIAN_POINT('',(22.6021129403715,15.2380970000411,1.96883697243869));
#5405=CARTESIAN_POINT('',(22.6021293795256,15.2380957982787,1.96849798214458));
#5406=CARTESIAN_POINT('',(22.6021500444283,15.2380958422875,1.96817840968296));
#5407=CARTESIAN_POINT('',(22.6021741482067,15.238096966634,1.96787709208779));
#5408=CARTESIAN_POINT('',(22.6022038969278,15.2380963491096,1.96754897136153));
#5409=CARTESIAN_POINT('',(22.6022389586887,15.2380952381659,1.9672131147541));
#5410=EDGE_CURVE('Edge_122',#5253,#5255,#5256,.T.);
#5411=CARTESIAN_POINT('',(24.5270832970825,15.7738095238873,1.9672131147541));
#5412=VERTEX_POINT('',#5411);
#5413=CARTESIAN_POINT('',(22.8870832970825,15.7738095238873,1.9672131147541));
#5414=VERTEX_POINT('',#5413);
#5415=B_SPLINE_CURVE_WITH_KNOTS('Curve_123',1,(#5416, #5417, #5418, #5419, #5420, #5421, #5422, #5423, #5424, #5425, #5426, #5427, #5428, #5429, #5430, #5431, #5432, #5433, #5434, #5435, #5436, #5437, #5438, #5439, #5440, #5441, #5442, #5443, #5444, #5445, #5446, #5447, #5448, #5449, #5450, #5451, #5452, #5453, #5454, #5455, #5456, #5457, #5458, #5459, #5460, #5461, #5462, #5463, #5464, #5465, #5466, #5467, #5468, #5469, #5470, #5471, #5472, #5473, #5474, #5475, #5476, #5477, #5478, #5479, #5480, #5481, #5482, #5483, #5484, #5485, #5486, #5487, #5488, #5489, #5490, #5491, #5492, #5493, #5494, #5495, #5496, #5497, #5498, #5499, #5500, #5501, #5502, #5503, #5504, #5505, #5506, #5507, #5508, #5509, #5510, #5511, #5512, #5513, #5514, #5515, #5516, #5517, #5518, #5519, #5520, #5521, #5522, #5523, #5524, #5525, #5526, #5527, #5528, #5529, #5530, #5531, #5532, #5533, #5534, #5535, #5536, #5537, #5538, #5539, #5540, #5541, #5542, #5543, #5544, #5545, #5546, #5547, #5548, #5549, #5550, #5551, #5552, #5553, #5554, #5555, #5556, #5557, #5558, #5559, #5560, #5561, #5562, #5563, #5564, #5565, #5566, #5567, #5568),.POLYLINE_FORM.,.F.,.F.,(2,1,1,1,1,1,1,1,1,1,1,1,1,1,1,1,1,1,1,1,1,1,1,1,1,1,1,1,1,1,1,1,1,1,1,1,1,1,1,1,1,1,1,1,1,1,1,1,1,1,1,1,1,1,1,1,1,1,1,1,1,1,1,1,1,1,1,1,1,1,1,1,1,1,1,1,1,1,1,1,1,1,1,1,1,1,1,1,1,1,1,1,1,1,1,1,1,1,1,1,1,1,1,1,1,1,1,1,1,1,1,1,1,1,1,1,1,1,1,1,1,1,1,1,1,1,1,1,1,1,1,1,1,1,1,1,1,1,1,1,1,1,1,1,1,1,1,1,1,1,1,1,2),(0.,1.,2.,3.,4.,5.,6.,7.,8.,9.,10.,11.,12.,13.,14.,15.,16.,17.,18.,19.,20.,21.,22.,23.,24.,25.,26.,27.,28.,29.,30.,31.,32.,33.,34.,35.,36.,37.,38.,39.,40.,41.,42.,43.,44.,45.,46.,47.,48.,49.,50.,51.,52.,53.,54.,55.,56.,57.,58.,59.,60.,61.,62.,63.,64.,65.,66.,67.,68.,69.,70.,71.,72.,73.,74.,75.,76.,77.,78.,79.,80.,81.,82.,83.,84.,85.,86.,87.,88.,89.,90.,91.,92.,93.,94.,95.,96.,97.,98.,99.,100.,101.,102.,103.,104.,105.,106.,107.,108.,109.,110.,111.,112.,113.,114.,115.,116.,117.,118.,119.,120.,121.,122.,123.,124.,125.,126.,127.,128.,129.,130.,131.,132.,133.,134.,135.,136.,137.,138.,139.,140.,141.,142.,143.,144.,145.,146.,147.,148.,149.,150.,151.,152.),.UNIFORM_KNOTS.);
#5416=CARTESIAN_POINT('',(24.5270832970825,15.7738095238873,1.9672131147541));
#5417=CARTESIAN_POINT('',(24.2528447660192,15.7738101514494,2.00037514742326));
#5418=CARTESIAN_POINT('',(24.0422102823017,15.7738096492784,2.02221973956024));
#5419=CARTESIAN_POINT('',(23.8977812076439,15.773809621693,2.03523551816017));
#5420=CARTESIAN_POINT('',(23.7552631004887,15.7738095464037,2.04620266928552));
#5421=CARTESIAN_POINT('',(23.654901621044,15.7738095196729,2.05256219056362));
#5422=CARTESIAN_POINT('',(23.5825343735249,15.7738095063957,2.05630676061002));
#5423=CARTESIAN_POINT('',(23.5075864937147,15.7738094851578,2.05931398539547));
#5424=CARTESIAN_POINT('',(23.3808823067822,15.7738095072217,2.06194434416709));
#5425=CARTESIAN_POINT('',(23.3195288875038,15.7738095184852,2.06186094439526));
#5426=CARTESIAN_POINT('',(23.2817856573444,15.7738095003652,2.06127667785441));
#5427=CARTESIAN_POINT('',(23.2460070141943,15.7738095132555,2.06029667452565));
#5428=CARTESIAN_POINT('',(23.2089886515175,15.7738095269124,2.05878819281996));
#5429=CARTESIAN_POINT('',(23.1852014707281,15.7738095487865,2.05750006307283));
#5430=CARTESIAN_POINT('',(23.1666355623233,15.7738095442505,2.0562929909059));
#5431=CARTESIAN_POINT('',(23.1479230694273,15.7738095877523,2.05487378430203));
#5432=CARTESIAN_POINT('',(23.129310488729,15.7738096042138,2.05323554489531));
#5433=CARTESIAN_POINT('',(23.1114941430509,15.7738096629613,2.05143438943344));
#5434=CARTESIAN_POINT('',(23.0910359046253,15.773809756347,2.04905317657315));
#5435=CARTESIAN_POINT('',(23.0725359627267,15.7738097506086,2.04657660649082));
#5436=CARTESIAN_POINT('',(23.0614192034776,15.7738099535877,2.04492486714387));
#5437=CARTESIAN_POINT('',(23.0522124153645,15.7738099528659,2.04345563604507));
#5438=CARTESIAN_POINT('',(23.0429883475474,15.7738097207047,2.04188579764166));
#5439=CARTESIAN_POINT('',(23.0337855666236,15.7738097806447,2.04021317394478));
#5440=CARTESIAN_POINT('',(23.0244997724124,15.7738103614469,2.03841137991586));
#5441=CARTESIAN_POINT('',(23.0152394621361,15.7738111064073,2.0364923109061));
#5442=CARTESIAN_POINT('',(23.0060087320854,15.7738120422741,2.03444624735777));
#5443=CARTESIAN_POINT('',(22.9970142991211,15.7738117770589,2.03231265305881));
#5444=CARTESIAN_POINT('',(22.9901423066529,15.7738102803153,2.03058215143304));
#5445=CARTESIAN_POINT('',(22.9863547818831,15.7738108113551,2.02958819682861));
#5446=CARTESIAN_POINT('',(22.981822418337,15.773811158066,2.02835889099722));
#5447=CARTESIAN_POINT('',(22.9773895953171,15.7738107609058,2.02711227872283));
#5448=CARTESIAN_POINT('',(22.9729699379717,15.773810301674,2.02582314866558));
#5449=CARTESIAN_POINT('',(22.9685644270616,15.7738097733291,2.02448967143134));
#5450=CARTESIAN_POINT('',(22.9641105708732,15.7738098727466,2.02308916151462));
#5451=CARTESIAN_POINT('',(22.9596271266109,15.7738105533004,2.02162100019374));
#5452=CARTESIAN_POINT('',(22.955164247897,15.7738113310932,2.02009621417518));
#5453=CARTESIAN_POINT('',(22.9507235027906,15.7738122139421,2.01851227720848));
#5454=CARTESIAN_POINT('',(22.9464065427224,15.7738117471325,2.01690461403212));
#5455=CARTESIAN_POINT('',(22.9421247389923,15.7738110477171,2.01523660898459));
#5456=CARTESIAN_POINT('',(22.9378725850786,15.7738102252449,2.01349883809));
#5457=CARTESIAN_POINT('',(22.933626676754,15.7738097794887,2.01167346162672));
#5458=CARTESIAN_POINT('',(22.9299830019686,15.7738101700035,2.01002820307736));
#5459=CARTESIAN_POINT('',(22.9278530247432,15.7738107307649,2.00902880298199));
#5460=CARTESIAN_POINT('',(22.9257353714933,15.7738113392933,2.00800496406505));
#5461=CARTESIAN_POINT('',(22.9236620309385,15.7738113047252,2.00697168042169));
#5462=CARTESIAN_POINT('',(22.9216232512485,15.7738107762532,2.00592317179277));
#5463=CARTESIAN_POINT('',(22.919599545043,15.7738101960331,2.00484734458911));
#5464=CARTESIAN_POINT('',(22.9167003177421,15.7738145966869,2.0032384215339));
#5465=CARTESIAN_POINT('',(22.9148506529235,15.7738101696115,2.00217006459422));
#5466=CARTESIAN_POINT('',(22.9127503843978,15.773813764744,2.00090676406505));
#5467=CARTESIAN_POINT('',(22.9108484235476,15.7738118582437,1.9997158195528));
#5468=CARTESIAN_POINT('',(22.9088961647631,15.7738124990604,1.99843871180284));
#5469=CARTESIAN_POINT('',(22.9074502592819,15.7738115653113,1.99745447339448));
#5470=CARTESIAN_POINT('',(22.9065430974805,15.773810142935,1.99681855124066));
#5471=CARTESIAN_POINT('',(22.9055396936707,15.7738125624895,1.99609527587878));
#5472=CARTESIAN_POINT('',(22.9046819128032,15.7738097806804,1.99546253575765));
#5473=CARTESIAN_POINT('',(22.9037009502816,15.7738122000757,1.99471684400265));
#5474=CARTESIAN_POINT('',(22.9028250068788,15.7738107440842,1.99403332745785));
#5475=CARTESIAN_POINT('',(22.901910268317,15.7738113741186,1.99329771082214));
#5476=CARTESIAN_POINT('',(22.9010109262184,15.7738118296445,1.99255153337731));
#5477=CARTESIAN_POINT('',(22.9001635735017,15.7738104384362,1.99182636074528));
#5478=CARTESIAN_POINT('',(22.8992470529345,15.7738130398698,1.99101236241766));
#5479=CARTESIAN_POINT('',(22.898848182992,15.7738116510019,1.99064957665996));
#5480=CARTESIAN_POINT('',(22.8984625743574,15.7738096641366,1.9902931958314));
#5481=CARTESIAN_POINT('',(22.8979994087668,15.7738119775879,1.98985457629596));
#5482=CARTESIAN_POINT('',(22.8975666615586,15.7738129551676,1.98943685105855));
#5483=CARTESIAN_POINT('',(22.8971968912241,15.7738106241986,1.98907476643496));
#5484=CARTESIAN_POINT('',(22.8967851684564,15.773810831024,1.98866226231306));
#5485=CARTESIAN_POINT('',(22.8963403266705,15.7738133201001,1.98820536150026));
#5486=CARTESIAN_POINT('',(22.8959646379622,15.7738119770834,1.98781278025549));
#5487=CARTESIAN_POINT('',(22.8956085423649,15.7738095843534,1.98743357604687));
#5488=CARTESIAN_POINT('',(22.8951792212593,15.7738121530143,1.98696247702353));
#5489=CARTESIAN_POINT('',(22.8947768382675,15.7738134425625,1.98651008705107));
#5490=CARTESIAN_POINT('',(22.8944367202426,15.7738108480518,1.9861206714531));
#5491=CARTESIAN_POINT('',(22.8940628491176,15.7738108756385,1.98568031497284));
#5492=CARTESIAN_POINT('',(22.8936580986908,15.7738136340476,1.98518839349518));
#5493=CARTESIAN_POINT('',(22.8933149003831,15.7738123500863,1.98476184882864));
#5494=CARTESIAN_POINT('',(22.892995427048,15.7738095629905,1.98435537846596));
#5495=CARTESIAN_POINT('',(22.892611996327,15.7738123295454,1.98384862122769));
#5496=CARTESIAN_POINT('',(22.8922515306508,15.7738139690081,1.98335675516959));
#5497=CARTESIAN_POINT('',(22.8919507450084,15.7738110975369,1.9829363669465));
#5498=CARTESIAN_POINT('',(22.8916254123015,15.7738109046379,1.98246471084108));
#5499=CARTESIAN_POINT('',(22.8912740971025,15.7738139362467,1.98193357895736));
#5500=CARTESIAN_POINT('',(22.8909763432843,15.7738127395995,1.98146908304889));
#5501=CARTESIAN_POINT('',(22.8908193189139,15.7738132177528,1.98121612836345));
#5502=CARTESIAN_POINT('',(22.8907038239879,15.773809684069,1.98103014361487));
#5503=CARTESIAN_POINT('',(22.8905184852126,15.7738135978422,1.98071694743485));
#5504=CARTESIAN_POINT('',(22.8903834380532,15.7738124712308,1.98048710939095));
#5505=CARTESIAN_POINT('',(22.8900817826347,15.7738144791256,1.97995227460468));
#5506=CARTESIAN_POINT('',(22.8898343948573,15.7738113548655,1.97949857028061));
#5507=CARTESIAN_POINT('',(22.8897504403033,15.7738133761111,1.97933699510349));
#5508=CARTESIAN_POINT('',(22.8896711850646,15.7738149451271,1.97918249053787));
#5509=CARTESIAN_POINT('',(22.8896218121105,15.7738129238815,1.97908819696716));
#5510=CARTESIAN_POINT('',(22.889572788955,15.773810902636,1.97899371791702));
#5511=CARTESIAN_POINT('',(22.8894339560974,15.7738122208024,1.97871360052047));
#5512=CARTESIAN_POINT('',(22.8892933778539,15.773814169505,1.97842092985005));
#5513=CARTESIAN_POINT('',(22.8890585175215,15.7738131004388,1.97791606043585));
#5514=CARTESIAN_POINT('',(22.8888488196946,15.7738098196217,1.97744322540771));
#5515=CARTESIAN_POINT('',(22.8887096995418,15.7738139883389,1.97710646106621));
#5516=CARTESIAN_POINT('',(22.888610489936,15.773812538103,1.97686360492991));
#5517=CARTESIAN_POINT('',(22.8885903200384,15.7738114959237,1.97681433244754));
#5518=CARTESIAN_POINT('',(22.8885702543945,15.7738104537444,1.97676501878117));
#5519=CARTESIAN_POINT('',(22.8885602607783,15.7738099326548,1.97674034653888));
#5520=CARTESIAN_POINT('',(22.8885489089877,15.7738096368781,1.97671182485507));
#5521=CARTESIAN_POINT('',(22.8885325767253,15.7738101610699,1.97666930901782));
#5522=CARTESIAN_POINT('',(22.8885163224556,15.7738106852616,1.976626762945));
#5523=CARTESIAN_POINT('',(22.8884520898137,15.7738127820285,1.97645627772195));
#5524=CARTESIAN_POINT('',(22.8883891230987,15.7738148787954,1.97628531442554));
#5525=CARTESIAN_POINT('',(22.8883455936006,15.7738137889343,1.97616850854894));
#5526=CARTESIAN_POINT('',(22.8883083392478,15.7738116921674,1.9760687684183));
#5527=CARTESIAN_POINT('',(22.8882898763225,15.7738106437839,1.97601883901465));
#5528=CARTESIAN_POINT('',(22.8882715233702,15.7738095954005,1.97596887020112));
#5529=CARTESIAN_POINT('',(22.8882425073855,15.7738105044028,1.97588524981356));
#5530=CARTESIAN_POINT('',(22.8882130237523,15.7738115566984,1.97579905571089));
#5531=CARTESIAN_POINT('',(22.8881550489784,15.7738136612895,1.97562632268423));
#5532=CARTESIAN_POINT('',(22.8881021372518,15.7738150423377,1.97546561628425));
#5533=CARTESIAN_POINT('',(22.8880680075742,15.7738129377466,1.97536476726477));
#5534=CARTESIAN_POINT('',(22.888034336418,15.7738108331555,1.97526376637138));
#5535=CARTESIAN_POINT('',(22.8879405447825,15.7738124280988,1.97496061680193));
#5536=CARTESIAN_POINT('',(22.8878502300399,15.7738141821275,1.97465332360308));
#5537=CARTESIAN_POINT('',(22.8878198468498,15.7738120744176,1.97455126438489));
#5538=CARTESIAN_POINT('',(22.8877899450713,15.7738099667077,1.97444906040757));
#5539=CARTESIAN_POINT('',(22.8877464283784,15.773811187458,1.97428845395775));
#5540=CARTESIAN_POINT('',(22.8877005069956,15.7738132934983,1.97411196065765));
#5541=CARTESIAN_POINT('',(22.887629025521,15.7738133107373,1.97383167367074));
#5542=CARTESIAN_POINT('',(22.8875776516501,15.7738097094292,1.97362804789958));
#5543=CARTESIAN_POINT('',(22.8875371225049,15.7738115472969,1.97345011944672));
#5544=CARTESIAN_POINT('',(22.8875083265995,15.7738107976073,1.97332428309509));
#5545=CARTESIAN_POINT('',(22.8874432506102,15.7738119095191,1.97301865779847));
#5546=CARTESIAN_POINT('',(22.8873914767191,15.773810453087,1.97276478329463));
#5547=CARTESIAN_POINT('',(22.8873395216742,15.7738100329701,1.9724891270846));
#5548=CARTESIAN_POINT('',(22.8872971142411,15.7738117739602,1.97224094208375));
#5549=CARTESIAN_POINT('',(22.8872748586066,15.7738103717542,1.97211071577957));
#5550=CARTESIAN_POINT('',(22.8872269247652,15.7738117769237,1.97179468611398));
#5551=CARTESIAN_POINT('',(22.8871892153917,15.7738108168926,1.97152803261707));
#5552=CARTESIAN_POINT('',(22.8871555159878,15.7738096296349,1.97126620623108));
#5553=CARTESIAN_POINT('',(22.8871207054286,15.7738110119116,1.97094820551));
#5554=CARTESIAN_POINT('',(22.8870921259369,15.7738114969598,1.97064868128776));
#5555=CARTESIAN_POINT('',(22.8870701262814,15.773810124582,1.97038994880953));
#5556=CARTESIAN_POINT('',(22.8870502742877,15.7738102782481,1.97009703493591));
#5557=CARTESIAN_POINT('',(22.8870341973621,15.7738116015721,1.96977667811841));
#5558=CARTESIAN_POINT('',(22.8870235788845,15.7738107866271,1.96950430965164));
#5559=CARTESIAN_POINT('',(22.8870196681487,15.7738112263312,1.96934882128694));
#5560=CARTESIAN_POINT('',(22.8870166369408,15.7738095734949,1.9692417163046));
#5561=CARTESIAN_POINT('',(22.8870151071805,15.7738110976806,1.96906040842874));
#5562=CARTESIAN_POINT('',(22.8870142921872,15.7738108608369,1.96892059949569));
#5563=CARTESIAN_POINT('',(22.8870164229467,15.7738113938621,1.96861647400432));
#5564=CARTESIAN_POINT('',(22.8870209583536,15.7738101182557,1.96835624427067));
#5565=CARTESIAN_POINT('',(22.8870307945498,15.773810164956,1.96806487147921));
#5566=CARTESIAN_POINT('',(22.887047037799,15.7738113572982,1.9677450430522));
#5567=CARTESIAN_POINT('',(22.8870640651422,15.7738107015078,1.96747159196192));
#5568=CARTESIAN_POINT('',(22.8870832970825,15.7738095238873,1.9672131147541));
#5569=EDGE_CURVE('Edge_123',#5412,#5414,#5415,.T.);
#5570=CARTESIAN_POINT('',(24.6419276354764,16.3095238096087,1.9672131147541));
#5571=VERTEX_POINT('',#5570);
#5572=CARTESIAN_POINT('',(23.1719276354764,16.3095238096087,1.9672131147541));
#5573=VERTEX_POINT('',#5572);
#5574=B_SPLINE_CURVE_WITH_KNOTS('Curve_124',1,(#5575, #5576, #5577, #5578, #5579, #5580, #5581, #5582, #5583, #5584, #5585, #5586, #5587, #5588, #5589, #5590, #5591, #5592, #5593, #5594, #5595, #5596, #5597, #5598, #5599, #5600, #5601, #5602, #5603, #5604, #5605, #5606, #5607, #5608, #5609, #5610, #5611, #5612, #5613, #5614, #5615, #5616, #5617, #5618, #5619, #5620, #5621, #5622, #5623, #5624, #5625, #5626, #5627, #5628, #5629, #5630, #5631, #5632, #5633, #5634, #5635, #5636, #5637, #5638, #5639, #5640, #5641, #5642, #5643, #5644, #5645, #5646, #5647, #5648, #5649, #5650, #5651, #5652, #5653, #5654, #5655, #5656, #5657, #5658, #5659, #5660, #5661, #5662, #5663, #5664, #5665, #5666, #5667, #5668, #5669, #5670, #5671, #5672, #5673, #5674, #5675, #5676, #5677, #5678, #5679, #5680, #5681, #5682, #5683, #5684, #5685, #5686, #5687, #5688, #5689, #5690, #5691, #5692, #5693, #5694, #5695, #5696, #5697, #5698, #5699, #5700, #5701, #5702, #5703, #5704, #5705, #5706, #5707, #5708, #5709, #5710, #5711, #5712, #5713, #5714, #5715),.POLYLINE_FORM.,.F.,.F.,(2,1,1,1,1,1,1,1,1,1,1,1,1,1,1,1,1,1,1,1,1,1,1,1,1,1,1,1,1,1,1,1,1,1,1,1,1,1,1,1,1,1,1,1,1,1,1,1,1,1,1,1,1,1,1,1,1,1,1,1,1,1,1,1,1,1,1,1,1,1,1,1,1,1,1,1,1,1,1,1,1,1,1,1,1,1,1,1,1,1,1,1,1,1,1,1,1,1,1,1,1,1,1,1,1,1,1,1,1,1,1,1,1,1,1,1,1,1,1,1,1,1,1,1,1,1,1,1,1,1,1,1,1,1,1,1,1,1,1,1,2),(0.,1.,2.,3.,4.,5.,6.,7.,8.,9.,10.,11.,12.,13.,14.,15.,16.,17.,18.,19.,20.,21.,22.,23.,24.,25.,26.,27.,28.,29.,30.,31.,32.,33.,34.,35.,36.,37.,38.,39.,40.,41.,42.,43.,44.,45.,46.,47.,48.,49.,50.,51.,52.,53.,54.,55.,56.,57.,58.,59.,60.,61.,62.,63.,64.,65.,66.,67.,68.,69.,70.,71.,72.,73.,74.,75.,76.,77.,78.,79.,80.,81.,82.,83.,84.,85.,86.,87.,88.,89.,90.,91.,92.,93.,94.,95.,96.,97.,98.,99.,100.,101.,102.,103.,104.,105.,106.,107.,108.,109.,110.,111.,112.,113.,114.,115.,116.,117.,118.,119.,120.,121.,122.,123.,124.,125.,126.,127.,128.,129.,130.,131.,132.,133.,134.,135.,136.,137.,138.,139.,140.),.UNIFORM_KNOTS.);
#5575=CARTESIAN_POINT('',(24.6419276354764,16.3095238096087,1.9672131147541));
#5576=CARTESIAN_POINT('',(24.3912576505734,16.3095242826971,1.99597821925904));
#5577=CARTESIAN_POINT('',(24.212889647299,16.3095238709959,2.01350219241968));
#5578=CARTESIAN_POINT('',(24.0801215918307,16.309523843647,2.02483467748601));
#5579=CARTESIAN_POINT('',(23.9534655425673,16.3095238122664,2.03402063250901));
#5580=CARTESIAN_POINT('',(23.8576837018153,16.3095237905324,2.03967785133877));
#5581=CARTESIAN_POINT('',(23.7941538479504,16.3095237768339,2.04269195447426));
#5582=CARTESIAN_POINT('',(23.7306553380643,16.3095237733358,2.0450146222599));
#5583=CARTESIAN_POINT('',(23.618339206528,16.309523765691,2.04707666091758));
#5584=CARTESIAN_POINT('',(23.5610520163341,16.3095238005677,2.04689912359952));
#5585=CARTESIAN_POINT('',(23.5272034473499,16.3095237902043,2.04632122206855));
#5586=CARTESIAN_POINT('',(23.4946631984294,16.3095238088431,2.04538752803909));
#5587=CARTESIAN_POINT('',(23.4607209565614,16.3095238217955,2.04396811896178));
#5588=CARTESIAN_POINT('',(23.4407574989252,16.3095238190617,2.04288415196691));
#5589=CARTESIAN_POINT('',(23.4241599952525,16.3095238273812,2.0418237705946));
#5590=CARTESIAN_POINT('',(23.4073379147005,16.3095238705222,2.04058540942667));
#5591=CARTESIAN_POINT('',(23.3911194131858,16.3095238096087,2.03921784580413));
#5592=CARTESIAN_POINT('',(23.3741542270026,16.3095239461328,2.03758729928911));
#5593=CARTESIAN_POINT('',(23.3549950681297,16.3095239995978,2.0354728891836));
#5594=CARTESIAN_POINT('',(23.3379138972785,16.3095244789777,2.03331357125863));
#5595=CARTESIAN_POINT('',(23.3296673608081,16.3095239794326,2.03216816394347));
#5596=CARTESIAN_POINT('',(23.3215615554137,16.3095238781537,2.03097173756611));
#5597=CARTESIAN_POINT('',(23.3118097064183,16.3095246062868,2.02943296313318));
#5598=CARTESIAN_POINT('',(23.3034128835131,16.3095249724037,2.02801344035746));
#5599=CARTESIAN_POINT('',(23.2954971888411,16.3095247258264,2.02659004746173));
#5600=CARTESIAN_POINT('',(23.2875983907636,16.3095243832977,2.02508114612968));
#5601=CARTESIAN_POINT('',(23.2797194718205,16.3095239234106,2.02347868714823));
#5602=CARTESIAN_POINT('',(23.2657625891792,16.3095243721056,2.02037513744795));
#5603=CARTESIAN_POINT('',(23.2575271108488,16.3095248656119,2.01836456425366));
#5604=CARTESIAN_POINT('',(23.2502611810888,16.3095247781769,2.01646358208777));
#5605=CARTESIAN_POINT('',(23.2422743055619,16.309524872249,2.01422038136301));
#5606=CARTESIAN_POINT('',(23.2384268052078,16.3095244573945,2.013074858206));
#5607=CARTESIAN_POINT('',(23.2345933413366,16.3095239759216,2.01188624229473));
#5608=CARTESIAN_POINT('',(23.2305931939566,16.3095241880306,2.01059303519307));
#5609=CARTESIAN_POINT('',(23.2265276535674,16.309524812155,2.00921913358708));
#5610=CARTESIAN_POINT('',(23.2224836284598,16.3095255327715,2.00778605773378));
#5611=CARTESIAN_POINT('',(23.218547040911,16.3095259269617,2.00631919280041));
#5612=CARTESIAN_POINT('',(23.2148147528526,16.3095253489977,2.00485605890513));
#5613=CARTESIAN_POINT('',(23.2120277479931,16.3095240525688,2.00371347224057));
#5614=CARTESIAN_POINT('',(23.2102333053434,16.3095251269527,2.00295192699043));
#5615=CARTESIAN_POINT('',(23.2083904317555,16.3095248127358,2.00214773450963));
#5616=CARTESIAN_POINT('',(23.2065633559028,16.3095244253161,2.00132682290626));
#5617=CARTESIAN_POINT('',(23.2047461954935,16.3095240004188,2.00048503931403));
#5618=CARTESIAN_POINT('',(23.2028676282713,16.309524079884,1.99958540711968));
#5619=CARTESIAN_POINT('',(23.200329832022,16.3095256681789,1.9983184067906));
#5620=CARTESIAN_POINT('',(23.1984571772411,16.3095260439039,1.99734313188108));
#5621=CARTESIAN_POINT('',(23.1967933121471,16.309524719098,1.99644439899531));
#5622=CARTESIAN_POINT('',(23.1947129561492,16.3095274836677,1.99527083413927));
#5623=CARTESIAN_POINT('',(23.1932725872259,16.3095240698908,1.99442493206333));
#5624=CARTESIAN_POINT('',(23.1916193037355,16.309525473029,1.99341306320122));
#5625=CARTESIAN_POINT('',(23.190829935867,16.3095245814163,1.992914235731));
#5626=CARTESIAN_POINT('',(23.189935895855,16.3095249067468,1.99233494100854));
#5627=CARTESIAN_POINT('',(23.1890431214279,16.3095252999799,1.99174072828418));
#5628=CARTESIAN_POINT('',(23.1882782078832,16.3095242700259,1.99121878086367));
#5629=CARTESIAN_POINT('',(23.1872876185505,16.3095260987278,1.99052203476442));
#5630=CARTESIAN_POINT('',(23.1866109421009,16.3095240585872,1.99003371294208));
#5631=CARTESIAN_POINT('',(23.185660596001,16.3095257257041,1.9893254952456));
#5632=CARTESIAN_POINT('',(23.1849066002293,16.3095248484913,1.98874572780253));
#5633=CARTESIAN_POINT('',(23.1840878433182,16.3095250395495,1.98809496761569));
#5634=CARTESIAN_POINT('',(23.1832472399334,16.3095257346906,1.98740192550611));
#5635=CARTESIAN_POINT('',(23.1825573322253,16.3095242593005,1.98681352458853));
#5636=CARTESIAN_POINT('',(23.1816397878726,16.3095267296682,1.98599741559755));
#5637=CARTESIAN_POINT('',(23.1810270802555,16.3095242327149,1.98543215466165));
#5638=CARTESIAN_POINT('',(23.1805568533043,16.309526007839,1.98498294810174));
#5639=CARTESIAN_POINT('',(23.1801884621974,16.3095260434646,1.98462278385744));
#5640=CARTESIAN_POINT('',(23.1799175017232,16.3095242484421,1.98435351457988));
#5641=CARTESIAN_POINT('',(23.1795072936983,16.3095252138755,1.98393470980397));
#5642=CARTESIAN_POINT('',(23.1790632867601,16.3095270491654,1.98346754147957));
#5643=CARTESIAN_POINT('',(23.1788028359693,16.3095251953733,1.98318823186398));
#5644=CARTESIAN_POINT('',(23.1784953057952,16.309524345612,1.98285061744098));
#5645=CARTESIAN_POINT('',(23.1780654657609,16.3095263208868,1.9823630024488));
#5646=CARTESIAN_POINT('',(23.1777363362579,16.3095262231237,1.9819786988305));
#5647=CARTESIAN_POINT('',(23.1774908767051,16.3095242268269,1.98168601962944));
#5648=CARTESIAN_POINT('',(23.1771162140506,16.3095254367597,1.981223406706));
#5649=CARTESIAN_POINT('',(23.1767257877165,16.3095273243074,1.98072224044849));
#5650=CARTESIAN_POINT('',(23.1764948552849,16.3095252670281,1.98041817012096));
#5651=CARTESIAN_POINT('',(23.176218893044,16.3095244733839,1.98004312019935));
#5652=CARTESIAN_POINT('',(23.1758448042584,16.3095266428449,1.97951199939632));
#5653=CARTESIAN_POINT('',(23.1755662423107,16.309526376192,1.97910099081481));
#5654=CARTESIAN_POINT('',(23.1754316251209,16.3095261598231,1.97889673221938));
#5655=CARTESIAN_POINT('',(23.1753562757499,16.3095241884978,1.9787822038466));
#5656=CARTESIAN_POINT('',(23.1751301168591,16.3095269543883,1.97842330540519));
#5657=CARTESIAN_POINT('',(23.1750349303635,16.3095256585875,1.97827057193204));
#5658=CARTESIAN_POINT('',(23.1747144222071,16.3095275564223,1.97773249859052));
#5659=CARTESIAN_POINT('',(23.1745241193391,16.3095253089261,1.97740124624076));
#5660=CARTESIAN_POINT('',(23.1744216652793,16.3095267340586,1.97721529819661));
#5661=CARTESIAN_POINT('',(23.1743400279154,16.309527456386,1.9770647459851));
#5662=CARTESIAN_POINT('',(23.1743177057813,16.3095260312535,1.9770247431334));
#5663=CARTESIAN_POINT('',(23.1742954591635,16.3095246061211,1.97698469935582));
#5664=CARTESIAN_POINT('',(23.174141542285,16.3095258852538,1.97669102378025));
#5665=CARTESIAN_POINT('',(23.1739973965911,16.3095269349146,1.97640666593898));
#5666=CARTESIAN_POINT('',(23.1737835720611,16.3095264676731,1.97596810848896));
#5667=CARTESIAN_POINT('',(23.1736219459898,16.3095241298618,1.97562192573703));
#5668=CARTESIAN_POINT('',(23.1734519075607,16.3095270521709,1.97523290936522));
#5669=CARTESIAN_POINT('',(23.1733774987522,16.3095258432156,1.97505899315696));
#5670=CARTESIAN_POINT('',(23.1733683371662,16.3095251126383,1.97503802035212));
#5671=CARTESIAN_POINT('',(23.1733591981834,16.3095243820611,1.97501703818819));
#5672=CARTESIAN_POINT('',(23.1733433249585,16.3095239683105,1.97497934229405));
#5673=CARTESIAN_POINT('',(23.1733033014503,16.309524701553,1.97488104486887));
#5674=CARTESIAN_POINT('',(23.1732247588484,16.309526168038,1.97468384247785));
#5675=CARTESIAN_POINT('',(23.1731482480921,16.309527634523,1.97448583628736));
#5676=CARTESIAN_POINT('',(23.1731388286633,16.3095278178336,1.97446102937022));
#5677=CARTESIAN_POINT('',(23.1731325011943,16.3095278464602,1.97444444280658));
#5678=CARTESIAN_POINT('',(23.1731303762596,16.3095276631496,1.97443913222765));
#5679=CARTESIAN_POINT('',(23.1731282528059,16.3095274798389,1.97443382107983));
#5680=CARTESIAN_POINT('',(23.1731240103434,16.3095271132177,1.9744231970781));
#5681=CARTESIAN_POINT('',(23.1731197738117,16.3095267465965,1.97441257080254));
#5682=CARTESIAN_POINT('',(23.1731113185594,16.309526013354,1.97439131143452));
#5683=CARTESIAN_POINT('',(23.1731028870872,16.3095252801115,1.97437004298496));
#5684=CARTESIAN_POINT('',(23.1730944794332,16.309524546869,1.97434876546304));
#5685=CARTESIAN_POINT('',(23.1730860956356,16.3095238136265,1.97432747887797));
#5686=CARTESIAN_POINT('',(23.1730495981156,16.3095245397127,1.97422829472293));
#5687=CARTESIAN_POINT('',(23.1730134699902,16.3095252738394,1.97412848531774));
#5688=CARTESIAN_POINT('',(23.1729428066859,16.3095267420926,1.97392828037588));
#5689=CARTESIAN_POINT('',(23.1728843001714,16.3095276471802,1.97375764557005));
#5690=CARTESIAN_POINT('',(23.1728689014344,16.309526178927,1.97371456245715));
#5691=CARTESIAN_POINT('',(23.1728536026792,16.3095247106737,1.97367144416697));
#5692=CARTESIAN_POINT('',(23.1726583310404,16.3095270717724,1.97305086119379));
#5693=CARTESIAN_POINT('',(23.1725765087777,16.3095249720981,1.97277218482557));
#5694=CARTESIAN_POINT('',(23.1725251652545,16.3095239165399,1.97258800821868));
#5695=CARTESIAN_POINT('',(23.1724467619309,16.309524750603,1.97228615733505));
#5696=CARTESIAN_POINT('',(23.1723750709086,16.3095254582985,1.97199009931552));
#5697=CARTESIAN_POINT('',(23.1723318241043,16.3095244131018,1.97180376836399));
#5698=CARTESIAN_POINT('',(23.1722794631076,16.3095242376678,1.97156228009457));
#5699=CARTESIAN_POINT('',(23.1722161355031,16.3095252558421,1.9712426778603));
#5700=CARTESIAN_POINT('',(23.1721734686493,16.3095248902348,1.97101128337954));
#5701=CARTESIAN_POINT('',(23.1721406586968,16.3095238776802,1.97082270763182));
#5702=CARTESIAN_POINT('',(23.1720921794275,16.3095247421875,1.97050956618111));
#5703=CARTESIAN_POINT('',(23.1720513620576,16.3095253430459,1.97021186747494));
#5704=CARTESIAN_POINT('',(23.1720273281138,16.3095243488036,1.97002180966377));
#5705=CARTESIAN_POINT('',(23.1719995997713,16.3095242489527,1.96977112789044));
#5706=CARTESIAN_POINT('',(23.1719697821943,16.3095252074068,1.96944573879708));
#5707=CARTESIAN_POINT('',(23.1719518499034,16.3095247910507,1.96921504085486));
#5708=CARTESIAN_POINT('',(23.1719390132146,16.3095238413131,1.96902352488988));
#5709=CARTESIAN_POINT('',(23.171923561324,16.3095247100127,1.96870149186534));
#5710=CARTESIAN_POINT('',(23.1719144912228,16.309525195639,1.96840503803528));
#5711=CARTESIAN_POINT('',(23.1719106754188,16.3095242717872,1.96821324832487));
#5712=CARTESIAN_POINT('',(23.1719095402117,16.3095242413807,1.96795637260289));
#5713=CARTESIAN_POINT('',(23.1719140859966,16.3095251044309,1.96763016254419));
#5714=CARTESIAN_POINT('',(23.1719211902911,16.3095238096087,1.96736726388375));
#5715=CARTESIAN_POINT('',(23.1719276354764,16.3095238096087,1.9672131147541));
#5716=EDGE_CURVE('Edge_124',#5571,#5573,#5574,.T.);
#5717=CARTESIAN_POINT('',(15.1108328589932,1.14880952381159,1.9672131147541));
#5718=VERTEX_POINT('',#5717);
#5719=CARTESIAN_POINT('',(14.5,0.,1.9672131147541));
#5720=VERTEX_POINT('',#5719);
#5721=B_SPLINE_CURVE_WITH_KNOTS('Curve_125',1,(#5722, #5723, #5724, #5725, #5726, #5727, #5728, #5729, #5730, #5731, #5732, #5733, #5734, #5735, #5736, #5737, #5738),.POLYLINE_FORM.,.F.,.F.,(2,1,1,1,1,1,1,1,1,1,1,1,1,1,1,1,2),(0.,1.,2.,3.,4.,5.,6.,7.,8.,9.,10.,11.,12.,13.,14.,15.,16.),.UNIFORM_KNOTS.);
#5722=CARTESIAN_POINT('',(15.1108328589932,1.14880952381159,1.9672131147541));
#5723=CARTESIAN_POINT('',(15.0726558053061,1.07700892857336,1.9672131147541));
#5724=CARTESIAN_POINT('',(15.034478751619,1.00520833333514,1.9672131147541));
#5725=CARTESIAN_POINT('',(14.9963016979319,0.933407738096915,1.9672131147541));
#5726=CARTESIAN_POINT('',(14.9581246442449,0.861607142858693,1.9672131147541));
#5727=CARTESIAN_POINT('',(14.9199475905578,0.789806547620467,1.9672131147541));
#5728=CARTESIAN_POINT('',(14.8817705368707,0.718005952382242,1.9672131147541));
#5729=CARTESIAN_POINT('',(14.8435934831836,0.646205357144017,1.9672131147541));
#5730=CARTESIAN_POINT('',(14.8054164294966,0.574404761905794,1.9672131147541));
#5731=CARTESIAN_POINT('',(14.7672393758095,0.502604166667571,1.9672131147541));
#5732=CARTESIAN_POINT('',(14.7290623221224,0.430803571429346,1.9672131147541));
#5733=CARTESIAN_POINT('',(14.6908852684354,0.359002976191121,1.9672131147541));
#5734=CARTESIAN_POINT('',(14.6527082147483,0.287202380952896,1.9672131147541));
#5735=CARTESIAN_POINT('',(14.6145311610612,0.215401785714673,1.9672131147541));
#5736=CARTESIAN_POINT('',(14.5763541073741,0.143601190476448,1.9672131147541));
#5737=CARTESIAN_POINT('',(14.5381770536871,0.0718005952382252,1.9672131147541));
#5738=CARTESIAN_POINT('',(14.5,0.,1.9672131147541));
#5739=EDGE_CURVE('Edge_125',#5718,#5720,#5721,.T.);
#5740=CARTESIAN_POINT('',(15.7216657179863,2.29761904762317,1.9672131147541));
#5741=VERTEX_POINT('',#5740);
#5742=CARTESIAN_POINT('',(15.1108328589932,1.14880952381159,1.9672131147541));
#5743=VERTEX_POINT('',#5742);
#5744=B_SPLINE_CURVE_WITH_KNOTS('Curve_126',1,(#5745, #5746, #5747, #5748, #5749, #5750, #5751, #5752, #5753, #5754, #5755, #5756, #5757, #5758, #5759, #5760, #5761),.POLYLINE_FORM.,.F.,.F.,(2,1,1,1,1,1,1,1,1,1,1,1,1,1,1,1,2),(0.,1.,2.,3.,4.,5.,6.,7.,8.,9.,10.,11.,12.,13.,14.,15.,16.),.UNIFORM_KNOTS.);
#5745=CARTESIAN_POINT('',(15.7216657179863,2.29761904762317,1.9672131147541));
#5746=CARTESIAN_POINT('',(15.6834886642992,2.22581845238495,1.9672131147541));
#5747=CARTESIAN_POINT('',(15.6453116106122,2.15401785714673,1.9672131147541));
#5748=CARTESIAN_POINT('',(15.6071345569251,2.0822172619085,1.9672131147541));
#5749=CARTESIAN_POINT('',(15.568957503238,2.01041666667028,1.9672131147541));
#5750=CARTESIAN_POINT('',(15.5307804495509,1.93861607143205,1.9672131147541));
#5751=CARTESIAN_POINT('',(15.4926033958639,1.86681547619383,1.9672131147541));
#5752=CARTESIAN_POINT('',(15.4544263421768,1.79501488095561,1.9672131147541));
#5753=CARTESIAN_POINT('',(15.4162492884897,1.72321428571738,1.9672131147541));
#5754=CARTESIAN_POINT('',(15.3780722348027,1.65141369047916,1.9672131147541));
#5755=CARTESIAN_POINT('',(15.3398951811156,1.57961309524093,1.9672131147541));
#5756=CARTESIAN_POINT('',(15.3017181274285,1.50781250000271,1.9672131147541));
#5757=CARTESIAN_POINT('',(15.2635410737414,1.43601190476448,1.9672131147541));
#5758=CARTESIAN_POINT('',(15.2253640200544,1.36421130952626,1.9672131147541));
#5759=CARTESIAN_POINT('',(15.1871869663673,1.29241071428804,1.9672131147541));
#5760=CARTESIAN_POINT('',(15.1490099126802,1.22061011904981,1.9672131147541));
#5761=CARTESIAN_POINT('',(15.1108328589932,1.14880952381159,1.9672131147541));
#5762=EDGE_CURVE('Edge_126',#5741,#5743,#5744,.T.);
#5763=CARTESIAN_POINT('',(16.3324985769795,3.44642857143476,1.9672131147541));
#5764=VERTEX_POINT('',#5763);
#5765=CARTESIAN_POINT('',(15.7216657179863,2.29761904762317,1.9672131147541));
#5766=VERTEX_POINT('',#5765);
#5767=B_SPLINE_CURVE_WITH_KNOTS('Curve_127',1,(#5768, #5769, #5770, #5771, #5772, #5773, #5774, #5775, #5776, #5777, #5778, #5779, #5780, #5781, #5782, #5783, #5784),.POLYLINE_FORM.,.F.,.F.,(2,1,1,1,1,1,1,1,1,1,1,1,1,1,1,1,2),(0.,1.,2.,3.,4.,5.,6.,7.,8.,9.,10.,11.,12.,13.,14.,15.,16.),.UNIFORM_KNOTS.);
#5768=CARTESIAN_POINT('',(16.3324985769795,3.44642857143476,1.9672131147541));
#5769=CARTESIAN_POINT('',(16.2943215232924,3.37462797619654,1.9672131147541));
#5770=CARTESIAN_POINT('',(16.2561444696053,3.30282738095831,1.9672131147541));
#5771=CARTESIAN_POINT('',(16.2179674159182,3.23102678572009,1.9672131147541));
#5772=CARTESIAN_POINT('',(16.1797903622312,3.15922619048186,1.9672131147541));
#5773=CARTESIAN_POINT('',(16.1416133085441,3.08742559524364,1.9672131147541));
#5774=CARTESIAN_POINT('',(16.103436254857,3.01562500000542,1.9672131147541));
#5775=CARTESIAN_POINT('',(16.06525920117,2.94382440476719,1.9672131147541));
#5776=CARTESIAN_POINT('',(16.0270821474829,2.87202380952897,1.9672131147541));
#5777=CARTESIAN_POINT('',(15.9889050937958,2.80022321429074,1.9672131147541));
#5778=CARTESIAN_POINT('',(15.9507280401087,2.72842261905252,1.9672131147541));
#5779=CARTESIAN_POINT('',(15.9125509864217,2.6566220238143,1.9672131147541));
#5780=CARTESIAN_POINT('',(15.8743739327346,2.58482142857607,1.9672131147541));
#5781=CARTESIAN_POINT('',(15.8361968790475,2.51302083333785,1.9672131147541));
#5782=CARTESIAN_POINT('',(15.7980198253604,2.44122023809962,1.9672131147541));
#5783=CARTESIAN_POINT('',(15.7598427716734,2.3694196428614,1.9672131147541));
#5784=CARTESIAN_POINT('',(15.7216657179863,2.29761904762317,1.9672131147541));
#5785=EDGE_CURVE('Edge_127',#5764,#5766,#5767,.T.);
#5786=CARTESIAN_POINT('',(16.9433314359726,4.59523809524635,1.9672131147541));
#5787=VERTEX_POINT('',#5786);
#5788=CARTESIAN_POINT('',(16.3324985769795,3.44642857143476,1.9672131147541));
#5789=VERTEX_POINT('',#5788);
#5790=B_SPLINE_CURVE_WITH_KNOTS('Curve_128',1,(#5791, #5792, #5793, #5794, #5795, #5796, #5797, #5798, #5799, #5800, #5801, #5802, #5803, #5804, #5805, #5806, #5807),.POLYLINE_FORM.,.F.,.F.,(2,1,1,1,1,1,1,1,1,1,1,1,1,1,1,1,2),(0.,1.,2.,3.,4.,5.,6.,7.,8.,9.,10.,11.,12.,13.,14.,15.,16.),.UNIFORM_KNOTS.);
#5791=CARTESIAN_POINT('',(16.9433314359726,4.59523809524635,1.9672131147541));
#5792=CARTESIAN_POINT('',(16.9051543822855,4.52343750000813,1.9672131147541));
#5793=CARTESIAN_POINT('',(16.8669773285985,4.4516369047699,1.9672131147541));
#5794=CARTESIAN_POINT('',(16.8288002749114,4.37983630953168,1.9672131147541));
#5795=CARTESIAN_POINT('',(16.7906232212243,4.30803571429345,1.9672131147541));
#5796=CARTESIAN_POINT('',(16.7524461675373,4.23623511905523,1.9672131147541));
#5797=CARTESIAN_POINT('',(16.7142691138502,4.164434523817,1.9672131147541));
#5798=CARTESIAN_POINT('',(16.6760920601631,4.09263392857878,1.9672131147541));
#5799=CARTESIAN_POINT('',(16.637915006476,4.02083333334056,1.9672131147541));
#5800=CARTESIAN_POINT('',(16.599737952789,3.94903273810233,1.9672131147541));
#5801=CARTESIAN_POINT('',(16.5615608991019,3.87723214286411,1.9672131147541));
#5802=CARTESIAN_POINT('',(16.5233838454148,3.80543154762588,1.9672131147541));
#5803=CARTESIAN_POINT('',(16.4852067917277,3.73363095238766,1.9672131147541));
#5804=CARTESIAN_POINT('',(16.4470297380407,3.66183035714944,1.9672131147541));
#5805=CARTESIAN_POINT('',(16.4088526843536,3.59002976191121,1.9672131147541));
#5806=CARTESIAN_POINT('',(16.3706756306665,3.51822916667299,1.9672131147541));
#5807=CARTESIAN_POINT('',(16.3324985769795,3.44642857143476,1.9672131147541));
#5808=EDGE_CURVE('Edge_128',#5787,#5789,#5790,.T.);
#5809=CARTESIAN_POINT('',(17.5541642949658,5.74404761905794,1.9672131147541));
#5810=VERTEX_POINT('',#5809);
#5811=CARTESIAN_POINT('',(16.9433314359726,4.59523809524635,1.9672131147541));
#5812=VERTEX_POINT('',#5811);
#5813=B_SPLINE_CURVE_WITH_KNOTS('Curve_129',1,(#5814, #5815, #5816, #5817, #5818, #5819, #5820, #5821, #5822, #5823, #5824, #5825, #5826, #5827, #5828, #5829, #5830),.POLYLINE_FORM.,.F.,.F.,(2,1,1,1,1,1,1,1,1,1,1,1,1,1,1,1,2),(0.,1.,2.,3.,4.,5.,6.,7.,8.,9.,10.,11.,12.,13.,14.,15.,16.),.UNIFORM_KNOTS.);
#5814=CARTESIAN_POINT('',(17.5541642949658,5.74404761905794,1.9672131147541));
#5815=CARTESIAN_POINT('',(17.5541642949658,5.74404761905794,1.9672131147541));
#5816=CARTESIAN_POINT('',(17.5541642949658,5.74404761905794,1.9672131147541));
#5817=CARTESIAN_POINT('',(17.5541642949658,5.74404761905794,1.9672131147541));
#5818=CARTESIAN_POINT('',(17.5541642949658,5.74404761905794,1.9672131147541));
#5819=CARTESIAN_POINT('',(17.5541642949658,5.74404761905794,1.9672131147541));
#5820=CARTESIAN_POINT('',(17.5541642949658,5.74404761905794,1.9672131147541));
#5821=CARTESIAN_POINT('',(17.5541642949658,5.74404761905794,1.9672131147541));
#5822=CARTESIAN_POINT('',(17.5541642949658,5.74404761905794,1.9672131147541));
#5823=CARTESIAN_POINT('',(17.4778101875916,5.60044642858149,1.9672131147541));
#5824=CARTESIAN_POINT('',(17.4014560802175,5.45684523810504,1.9672131147541));
#5825=CARTESIAN_POINT('',(17.3251019728433,5.31324404762859,1.9672131147541));
#5826=CARTESIAN_POINT('',(17.2487478654692,5.16964285715214,1.9672131147541));
#5827=CARTESIAN_POINT('',(17.172393758095,5.02604166667569,1.9672131147541));
#5828=CARTESIAN_POINT('',(17.0960396507209,4.88244047619924,1.9672131147541));
#5829=CARTESIAN_POINT('',(17.0196855433468,4.7388392857228,1.9672131147541));
#5830=CARTESIAN_POINT('',(16.9433314359726,4.59523809524635,1.9672131147541));
#5831=EDGE_CURVE('Edge_129',#5810,#5812,#5813,.T.);
#5832=CARTESIAN_POINT('',(18.1649971539589,6.89285714286953,1.9672131147541));
#5833=VERTEX_POINT('',#5832);
#5834=CARTESIAN_POINT('',(17.5541642949658,5.74404761905794,1.9672131147541));
#5835=VERTEX_POINT('',#5834);
#5836=B_SPLINE_CURVE_WITH_KNOTS('Curve_130',1,(#5837, #5838, #5839, #5840, #5841, #5842, #5843, #5844, #5845, #5846, #5847, #5848, #5849, #5850, #5851, #5852, #5853),.POLYLINE_FORM.,.F.,.F.,(2,1,1,1,1,1,1,1,1,1,1,1,1,1,1,1,2),(0.,1.,2.,3.,4.,5.,6.,7.,8.,9.,10.,11.,12.,13.,14.,15.,16.),.UNIFORM_KNOTS.);
#5837=CARTESIAN_POINT('',(18.1649971539589,6.89285714286953,1.9672131147541));
#5838=CARTESIAN_POINT('',(18.1268201002718,6.8210565476313,1.9672131147541));
#5839=CARTESIAN_POINT('',(18.0886430465848,6.74925595239308,1.9672131147541));
#5840=CARTESIAN_POINT('',(18.0504659928977,6.67745535715485,1.9672131147541));
#5841=CARTESIAN_POINT('',(18.0122889392106,6.60565476191663,1.9672131147541));
#5842=CARTESIAN_POINT('',(17.9741118855236,6.53385416667841,1.9672131147541));
#5843=CARTESIAN_POINT('',(17.9359348318365,6.46205357144018,1.9672131147541));
#5844=CARTESIAN_POINT('',(17.8977577781494,6.39025297620196,1.9672131147541));
#5845=CARTESIAN_POINT('',(17.8595807244623,6.31845238096373,1.9672131147541));
#5846=CARTESIAN_POINT('',(17.8214036707753,6.24665178572551,1.9672131147541));
#5847=CARTESIAN_POINT('',(17.7832266170882,6.17485119048728,1.9672131147541));
#5848=CARTESIAN_POINT('',(17.7450495634011,6.10305059524906,1.9672131147541));
#5849=CARTESIAN_POINT('',(17.7068725097141,6.03125000001083,1.9672131147541));
#5850=CARTESIAN_POINT('',(17.668695456027,5.95944940477261,1.9672131147541));
#5851=CARTESIAN_POINT('',(17.6305184023399,5.88764880953438,1.9672131147541));
#5852=CARTESIAN_POINT('',(17.5923413486528,5.81584821429616,1.9672131147541));
#5853=CARTESIAN_POINT('',(17.5541642949658,5.74404761905794,1.9672131147541));
#5854=EDGE_CURVE('Edge_130',#5833,#5835,#5836,.T.);
#5855=CARTESIAN_POINT('',(18.7758300129521,8.04166666668111,1.9672131147541));
#5856=VERTEX_POINT('',#5855);
#5857=CARTESIAN_POINT('',(18.1649971539589,6.89285714286953,1.9672131147541));
#5858=VERTEX_POINT('',#5857);
#5859=B_SPLINE_CURVE_WITH_KNOTS('Curve_131',1,(#5860, #5861, #5862, #5863, #5864, #5865, #5866, #5867, #5868, #5869, #5870, #5871, #5872, #5873, #5874, #5875, #5876),.POLYLINE_FORM.,.F.,.F.,(2,1,1,1,1,1,1,1,1,1,1,1,1,1,1,1,2),(0.,1.,2.,3.,4.,5.,6.,7.,8.,9.,10.,11.,12.,13.,14.,15.,16.),.UNIFORM_KNOTS.);
#5860=CARTESIAN_POINT('',(18.7758300129521,8.04166666668111,1.9672131147541));
#5861=CARTESIAN_POINT('',(18.737652959265,7.96986607144289,1.9672131147541));
#5862=CARTESIAN_POINT('',(18.6994759055779,7.89806547620466,1.9672131147541));
#5863=CARTESIAN_POINT('',(18.6612988518909,7.82626488096644,1.9672131147541));
#5864=CARTESIAN_POINT('',(18.6231217982038,7.75446428572822,1.9672131147541));
#5865=CARTESIAN_POINT('',(18.5849447445167,7.68266369048999,1.9672131147541));
#5866=CARTESIAN_POINT('',(18.5467676908296,7.61086309525177,1.9672131147541));
#5867=CARTESIAN_POINT('',(18.5085906371426,7.53906250001354,1.9672131147541));
#5868=CARTESIAN_POINT('',(18.4704135834555,7.46726190477532,1.9672131147541));
#5869=CARTESIAN_POINT('',(18.4322365297684,7.3954613095371,1.9672131147541));
#5870=CARTESIAN_POINT('',(18.3940594760814,7.32366071429887,1.9672131147541));
#5871=CARTESIAN_POINT('',(18.3558824223943,7.25186011906065,1.9672131147541));
#5872=CARTESIAN_POINT('',(18.3177053687072,7.18005952382242,1.9672131147541));
#5873=CARTESIAN_POINT('',(18.2795283150201,7.1082589285842,1.9672131147541));
#5874=CARTESIAN_POINT('',(18.2413512613331,7.03645833334598,1.9672131147541));
#5875=CARTESIAN_POINT('',(18.203174207646,6.96465773810775,1.9672131147541));
#5876=CARTESIAN_POINT('',(18.1649971539589,6.89285714286953,1.9672131147541));
#5877=EDGE_CURVE('Edge_131',#5856,#5858,#5859,.T.);
#5878=CARTESIAN_POINT('',(19.3866628719452,9.1904761904927,1.9672131147541));
#5879=VERTEX_POINT('',#5878);
#5880=CARTESIAN_POINT('',(18.7758300129521,8.04166666668111,1.9672131147541));
#5881=VERTEX_POINT('',#5880);
#5882=B_SPLINE_CURVE_WITH_KNOTS('Curve_132',1,(#5883, #5884, #5885, #5886, #5887, #5888, #5889, #5890, #5891, #5892, #5893, #5894, #5895, #5896, #5897, #5898, #5899),.POLYLINE_FORM.,.F.,.F.,(2,1,1,1,1,1,1,1,1,1,1,1,1,1,1,1,2),(0.,1.,2.,3.,4.,5.,6.,7.,8.,9.,10.,11.,12.,13.,14.,15.,16.),.UNIFORM_KNOTS.);
#5883=CARTESIAN_POINT('',(19.3866628719452,9.1904761904927,1.9672131147541));
#5884=CARTESIAN_POINT('',(19.3484858182582,9.11867559525448,1.9672131147541));
#5885=CARTESIAN_POINT('',(19.3103087645711,9.04687500001625,1.9672131147541));
#5886=CARTESIAN_POINT('',(19.272131710884,8.97507440477803,1.9672131147541));
#5887=CARTESIAN_POINT('',(19.2339546571969,8.9032738095398,1.9672131147541));
#5888=CARTESIAN_POINT('',(19.1957776035099,8.83147321430158,1.9672131147541));
#5889=CARTESIAN_POINT('',(19.1576005498228,8.75967261906336,1.9672131147541));
#5890=CARTESIAN_POINT('',(19.1194234961357,8.68787202382513,1.9672131147541));
#5891=CARTESIAN_POINT('',(19.0812464424486,8.6160714285869,1.9672131147541));
#5892=CARTESIAN_POINT('',(19.0430693887616,8.54427083334868,1.9672131147541));
#5893=CARTESIAN_POINT('',(19.0048923350745,8.47247023811046,1.9672131147541));
#5894=CARTESIAN_POINT('',(18.9667152813874,8.40066964287223,1.9672131147541));
#5895=CARTESIAN_POINT('',(18.9285382277004,8.32886904763401,1.9672131147541));
#5896=CARTESIAN_POINT('',(18.8903611740133,8.25706845239578,1.9672131147541));
#5897=CARTESIAN_POINT('',(18.8521841203262,8.18526785715756,1.9672131147541));
#5898=CARTESIAN_POINT('',(18.8140070666391,8.11346726191934,1.9672131147541));
#5899=CARTESIAN_POINT('',(18.7758300129521,8.04166666668111,1.9672131147541));
#5900=EDGE_CURVE('Edge_132',#5879,#5881,#5882,.T.);
#5901=CARTESIAN_POINT('',(19.9974957309384,10.3392857143043,1.9672131147541));
#5902=VERTEX_POINT('',#5901);
#5903=CARTESIAN_POINT('',(19.3866628719452,9.1904761904927,1.9672131147541));
#5904=VERTEX_POINT('',#5903);
#5905=B_SPLINE_CURVE_WITH_KNOTS('Curve_133',1,(#5906, #5907, #5908, #5909, #5910, #5911, #5912, #5913, #5914, #5915, #5916, #5917, #5918, #5919, #5920, #5921, #5922),.POLYLINE_FORM.,.F.,.F.,(2,1,1,1,1,1,1,1,1,1,1,1,1,1,1,1,2),(0.,1.,2.,3.,4.,5.,6.,7.,8.,9.,10.,11.,12.,13.,14.,15.,16.),.UNIFORM_KNOTS.);
#5906=CARTESIAN_POINT('',(19.9974957309384,10.3392857143043,1.9672131147541));
#5907=CARTESIAN_POINT('',(19.9593186772513,10.2674851190661,1.9672131147541));
#5908=CARTESIAN_POINT('',(19.9211416235642,10.1956845238278,1.9672131147541));
#5909=CARTESIAN_POINT('',(19.8829645698772,10.1238839285896,1.9672131147541));
#5910=CARTESIAN_POINT('',(19.8447875161901,10.0520833333514,1.9672131147541));
#5911=CARTESIAN_POINT('',(19.806610462503,9.98028273811316,1.9672131147541));
#5912=CARTESIAN_POINT('',(19.7684334088159,9.90848214287494,1.9672131147541));
#5913=CARTESIAN_POINT('',(19.7302563551289,9.83668154763672,1.9672131147541));
#5914=CARTESIAN_POINT('',(19.6920793014418,9.76488095239849,1.9672131147541));
#5915=CARTESIAN_POINT('',(19.6539022477547,9.69308035716027,1.9672131147541));
#5916=CARTESIAN_POINT('',(19.6157251940677,9.62127976192204,1.9672131147541));
#5917=CARTESIAN_POINT('',(19.5775481403806,9.54947916668382,1.9672131147541));
#5918=CARTESIAN_POINT('',(19.5393710866935,9.4776785714456,1.9672131147541));
#5919=CARTESIAN_POINT('',(19.5011940330064,9.40587797620737,1.9672131147541));
#5920=CARTESIAN_POINT('',(19.4630169793194,9.33407738096915,1.9672131147541));
#5921=CARTESIAN_POINT('',(19.4248399256323,9.26227678573092,1.9672131147541));
#5922=CARTESIAN_POINT('',(19.3866628719452,9.1904761904927,1.9672131147541));
#5923=EDGE_CURVE('Edge_133',#5902,#5904,#5905,.T.);
#5924=CARTESIAN_POINT('',(20.6083285899315,11.4880952381159,1.9672131147541));
#5925=VERTEX_POINT('',#5924);
#5926=CARTESIAN_POINT('',(19.9974957309384,10.3392857143043,1.9672131147541));
#5927=VERTEX_POINT('',#5926);
#5928=B_SPLINE_CURVE_WITH_KNOTS('Curve_134',1,(#5929, #5930, #5931, #5932, #5933, #5934, #5935, #5936, #5937, #5938, #5939, #5940, #5941, #5942, #5943, #5944, #5945),.POLYLINE_FORM.,.F.,.F.,(2,1,1,1,1,1,1,1,1,1,1,1,1,1,1,1,2),(0.,1.,2.,3.,4.,5.,6.,7.,8.,9.,10.,11.,12.,13.,14.,15.,16.),.UNIFORM_KNOTS.);
#5929=CARTESIAN_POINT('',(20.6083285899315,11.4880952381159,1.9672131147541));
#5930=CARTESIAN_POINT('',(20.6083285899315,11.4880952381159,1.9672131147541));
#5931=CARTESIAN_POINT('',(20.6083285899315,11.4880952381159,1.9672131147541));
#5932=CARTESIAN_POINT('',(20.6083285899315,11.4880952381159,1.9672131147541));
#5933=CARTESIAN_POINT('',(20.6083285899315,11.4880952381159,1.9672131147541));
#5934=CARTESIAN_POINT('',(20.6083285899315,11.4880952381159,1.9672131147541));
#5935=CARTESIAN_POINT('',(20.6083285899315,11.4880952381159,1.9672131147541));
#5936=CARTESIAN_POINT('',(20.6083285899315,11.4880952381159,1.9672131147541));
#5937=CARTESIAN_POINT('',(20.6083285899315,11.4880952381159,1.9672131147541));
#5938=CARTESIAN_POINT('',(20.5319744825574,11.3444940476394,1.9672131147541));
#5939=CARTESIAN_POINT('',(20.4556203751832,11.200892857163,1.9672131147541));
#5940=CARTESIAN_POINT('',(20.3792662678091,11.0572916666865,1.9672131147541));
#5941=CARTESIAN_POINT('',(20.302912160435,10.9136904762101,1.9672131147541));
#5942=CARTESIAN_POINT('',(20.2265580530608,10.7700892857336,1.9672131147541));
#5943=CARTESIAN_POINT('',(20.1502039456867,10.6264880952572,1.9672131147541));
#5944=CARTESIAN_POINT('',(20.0738498383125,10.4828869047807,1.9672131147541));
#5945=CARTESIAN_POINT('',(19.9974957309384,10.3392857143043,1.9672131147541));
#5946=EDGE_CURVE('Edge_134',#5925,#5927,#5928,.T.);
#5947=CARTESIAN_POINT('',(20.8931729283254,12.0238095238373,1.9672131147541));
#5948=VERTEX_POINT('',#5947);
#5949=CARTESIAN_POINT('',(20.6083285899315,11.4880952381159,1.9672131147541));
#5950=VERTEX_POINT('',#5949);
#5951=B_SPLINE_CURVE_WITH_KNOTS('Curve_135',1,(#5952, #5953, #5954, #5955, #5956, #5957, #5958, #5959, #5960, #5961, #5962, #5963, #5964, #5965, #5966, #5967, #5968),.POLYLINE_FORM.,.F.,.F.,(2,1,1,1,1,1,1,1,1,1,1,1,1,1,1,1,2),(0.,1.,2.,3.,4.,5.,6.,7.,8.,9.,10.,11.,12.,13.,14.,15.,16.),.UNIFORM_KNOTS.);
#5952=CARTESIAN_POINT('',(20.8931729283254,12.0238095238373,1.9672131147541));
#5953=CARTESIAN_POINT('',(20.8753701571758,11.9903273809797,1.9672131147541));
#5954=CARTESIAN_POINT('',(20.8575673860262,11.9568452381221,1.9672131147541));
#5955=CARTESIAN_POINT('',(20.8397646148766,11.9233630952645,1.9672131147541));
#5956=CARTESIAN_POINT('',(20.8219618437269,11.8898809524069,1.9672131147541));
#5957=CARTESIAN_POINT('',(20.8041590725773,11.8563988095494,1.9672131147541));
#5958=CARTESIAN_POINT('',(20.7863563014277,11.8229166666918,1.9672131147541));
#5959=CARTESIAN_POINT('',(20.7685535302781,11.7894345238342,1.9672131147541));
#5960=CARTESIAN_POINT('',(20.7507507591285,11.7559523809766,1.9672131147541));
#5961=CARTESIAN_POINT('',(20.7329479879789,11.722470238119,1.9672131147541));
#5962=CARTESIAN_POINT('',(20.7151452168292,11.6889880952614,1.9672131147541));
#5963=CARTESIAN_POINT('',(20.6973424456796,11.6555059524038,1.9672131147541));
#5964=CARTESIAN_POINT('',(20.67953967453,11.6220238095462,1.9672131147541));
#5965=CARTESIAN_POINT('',(20.6617369033804,11.5885416666886,1.9672131147541));
#5966=CARTESIAN_POINT('',(20.6439341322308,11.5550595238311,1.9672131147541));
#5967=CARTESIAN_POINT('',(20.6261313610811,11.5215773809735,1.9672131147541));
#5968=CARTESIAN_POINT('',(20.6083285899315,11.4880952381159,1.9672131147541));
#5969=EDGE_CURVE('Edge_135',#5948,#5950,#5951,.T.);
#5970=CARTESIAN_POINT('',(21.1780172667193,12.5595238095587,1.9672131147541));
#5971=VERTEX_POINT('',#5970);
#5972=CARTESIAN_POINT('',(20.8931729283254,12.0238095238373,1.9672131147541));
#5973=VERTEX_POINT('',#5972);
#5974=B_SPLINE_CURVE_WITH_KNOTS('Curve_136',1,(#5975, #5976, #5977, #5978, #5979, #5980, #5981, #5982, #5983, #5984, #5985, #5986, #5987, #5988, #5989, #5990, #5991),.POLYLINE_FORM.,.F.,.F.,(2,1,1,1,1,1,1,1,1,1,1,1,1,1,1,1,2),(0.,1.,2.,3.,4.,5.,6.,7.,8.,9.,10.,11.,12.,13.,14.,15.,16.),.UNIFORM_KNOTS.);
#5975=CARTESIAN_POINT('',(21.1780172667193,12.5595238095587,1.9672131147541));
#5976=CARTESIAN_POINT('',(21.1602144955697,12.5260416667011,1.9672131147541));
#5977=CARTESIAN_POINT('',(21.14241172442,12.4925595238435,1.9672131147541));
#5978=CARTESIAN_POINT('',(21.1246089532704,12.459077380986,1.9672131147541));
#5979=CARTESIAN_POINT('',(21.1068061821208,12.4255952381284,1.9672131147541));
#5980=CARTESIAN_POINT('',(21.0890034109712,12.3921130952708,1.9672131147541));
#5981=CARTESIAN_POINT('',(21.0712006398216,12.3586309524132,1.9672131147541));
#5982=CARTESIAN_POINT('',(21.053397868672,12.3251488095556,1.9672131147541));
#5983=CARTESIAN_POINT('',(21.0355950975223,12.291666666698,1.9672131147541));
#5984=CARTESIAN_POINT('',(21.0177923263727,12.2581845238404,1.9672131147541));
#5985=CARTESIAN_POINT('',(20.9999895552231,12.2247023809828,1.9672131147541));
#5986=CARTESIAN_POINT('',(20.9821867840735,12.1912202381252,1.9672131147541));
#5987=CARTESIAN_POINT('',(20.9643840129239,12.1577380952677,1.9672131147541));
#5988=CARTESIAN_POINT('',(20.9465812417743,12.1242559524101,1.9672131147541));
#5989=CARTESIAN_POINT('',(20.9287784706246,12.0907738095525,1.9672131147541));
#5990=CARTESIAN_POINT('',(20.910975699475,12.0572916666949,1.9672131147541));
#5991=CARTESIAN_POINT('',(20.8931729283254,12.0238095238373,1.9672131147541));
#5992=EDGE_CURVE('Edge_136',#5971,#5973,#5974,.T.);
#5993=CARTESIAN_POINT('',(21.4628616051132,13.0952380952802,1.9672131147541));
#5994=VERTEX_POINT('',#5993);
#5995=CARTESIAN_POINT('',(21.1780172667193,12.5595238095587,1.9672131147541));
#5996=VERTEX_POINT('',#5995);
#5997=B_SPLINE_CURVE_WITH_KNOTS('Curve_137',1,(#5998, #5999, #6000, #6001, #6002, #6003, #6004, #6005, #6006, #6007, #6008, #6009, #6010, #6011, #6012, #6013, #6014),.POLYLINE_FORM.,.F.,.F.,(2,1,1,1,1,1,1,1,1,1,1,1,1,1,1,1,2),(0.,1.,2.,3.,4.,5.,6.,7.,8.,9.,10.,11.,12.,13.,14.,15.,16.),.UNIFORM_KNOTS.);
#5998=CARTESIAN_POINT('',(21.4628616051132,13.0952380952802,1.9672131147541));
#5999=CARTESIAN_POINT('',(21.4450588339635,13.0617559524226,1.9672131147541));
#6000=CARTESIAN_POINT('',(21.4272560628139,13.028273809565,1.9672131147541));
#6001=CARTESIAN_POINT('',(21.4094532916643,12.9947916667074,1.9672131147541));
#6002=CARTESIAN_POINT('',(21.3916505205147,12.9613095238498,1.9672131147541));
#6003=CARTESIAN_POINT('',(21.3738477493651,12.9278273809922,1.9672131147541));
#6004=CARTESIAN_POINT('',(21.3560449782155,12.8943452381346,1.9672131147541));
#6005=CARTESIAN_POINT('',(21.3382422070658,12.860863095277,1.9672131147541));
#6006=CARTESIAN_POINT('',(21.3204394359162,12.8273809524194,1.9672131147541));
#6007=CARTESIAN_POINT('',(21.3026366647666,12.7938988095619,1.9672131147541));
#6008=CARTESIAN_POINT('',(21.284833893617,12.7604166667043,1.9672131147541));
#6009=CARTESIAN_POINT('',(21.2670311224674,12.7269345238467,1.9672131147541));
#6010=CARTESIAN_POINT('',(21.2492283513178,12.6934523809891,1.9672131147541));
#6011=CARTESIAN_POINT('',(21.2314255801681,12.6599702381315,1.9672131147541));
#6012=CARTESIAN_POINT('',(21.2136228090185,12.6264880952739,1.9672131147541));
#6013=CARTESIAN_POINT('',(21.1958200378689,12.5930059524163,1.9672131147541));
#6014=CARTESIAN_POINT('',(21.1780172667193,12.5595238095587,1.9672131147541));
#6015=EDGE_CURVE('Edge_137',#5994,#5996,#5997,.T.);
#6016=CARTESIAN_POINT('',(21.747705943507,13.6309523810016,1.9672131147541));
#6017=VERTEX_POINT('',#6016);
#6018=CARTESIAN_POINT('',(21.4628616051132,13.0952380952802,1.9672131147541));
#6019=VERTEX_POINT('',#6018);
#6020=B_SPLINE_CURVE_WITH_KNOTS('Curve_138',1,(#6021, #6022, #6023, #6024, #6025, #6026, #6027, #6028, #6029, #6030, #6031, #6032, #6033, #6034, #6035, #6036, #6037),.POLYLINE_FORM.,.F.,.F.,(2,1,1,1,1,1,1,1,1,1,1,1,1,1,1,1,2),(0.,1.,2.,3.,4.,5.,6.,7.,8.,9.,10.,11.,12.,13.,14.,15.,16.),.UNIFORM_KNOTS.);
#6021=CARTESIAN_POINT('',(21.747705943507,13.6309523810016,1.9672131147541));
#6022=CARTESIAN_POINT('',(21.7299031723574,13.597470238144,1.9672131147541));
#6023=CARTESIAN_POINT('',(21.7121004012078,13.5639880952864,1.9672131147541));
#6024=CARTESIAN_POINT('',(21.6942976300582,13.5305059524288,1.9672131147541));
#6025=CARTESIAN_POINT('',(21.6764948589086,13.4970238095712,1.9672131147541));
#6026=CARTESIAN_POINT('',(21.658692087759,13.4635416667136,1.9672131147541));
#6027=CARTESIAN_POINT('',(21.6408893166093,13.4300595238561,1.9672131147541));
#6028=CARTESIAN_POINT('',(21.6230865454597,13.3965773809985,1.9672131147541));
#6029=CARTESIAN_POINT('',(21.6052837743101,13.3630952381409,1.9672131147541));
#6030=CARTESIAN_POINT('',(21.5874810031605,13.3296130952833,1.9672131147541));
#6031=CARTESIAN_POINT('',(21.5696782320109,13.2961309524257,1.9672131147541));
#6032=CARTESIAN_POINT('',(21.5518754608612,13.2626488095681,1.9672131147541));
#6033=CARTESIAN_POINT('',(21.5340726897116,13.2291666667105,1.9672131147541));
#6034=CARTESIAN_POINT('',(21.516269918562,13.1956845238529,1.9672131147541));
#6035=CARTESIAN_POINT('',(21.4984671474124,13.1622023809953,1.9672131147541));
#6036=CARTESIAN_POINT('',(21.4806643762628,13.1287202381377,1.9672131147541));
#6037=CARTESIAN_POINT('',(21.4628616051132,13.0952380952802,1.9672131147541));
#6038=EDGE_CURVE('Edge_138',#6017,#6019,#6020,.T.);
#6039=CARTESIAN_POINT('',(22.0325502819009,14.166666666723,1.9672131147541));
#6040=VERTEX_POINT('',#6039);
#6041=CARTESIAN_POINT('',(21.747705943507,13.6309523810016,1.9672131147541));
#6042=VERTEX_POINT('',#6041);
#6043=B_SPLINE_CURVE_WITH_KNOTS('Curve_139',1,(#6044, #6045, #6046, #6047, #6048, #6049, #6050, #6051, #6052, #6053, #6054, #6055, #6056, #6057, #6058, #6059, #6060),.POLYLINE_FORM.,.F.,.F.,(2,1,1,1,1,1,1,1,1,1,1,1,1,1,1,1,2),(0.,1.,2.,3.,4.,5.,6.,7.,8.,9.,10.,11.,12.,13.,14.,15.,16.),.UNIFORM_KNOTS.);
#6044=CARTESIAN_POINT('',(22.0325502819009,14.166666666723,1.9672131147541));
#6045=CARTESIAN_POINT('',(22.0325502819009,14.166666666723,1.9672131147541));
#6046=CARTESIAN_POINT('',(22.0325502819009,14.166666666723,1.9672131147541));
#6047=CARTESIAN_POINT('',(22.0325502819009,14.166666666723,1.9672131147541));
#6048=CARTESIAN_POINT('',(22.0325502819009,14.166666666723,1.9672131147541));
#6049=CARTESIAN_POINT('',(22.0325502819009,14.166666666723,1.9672131147541));
#6050=CARTESIAN_POINT('',(22.0325502819009,14.166666666723,1.9672131147541));
#6051=CARTESIAN_POINT('',(22.0325502819009,14.166666666723,1.9672131147541));
#6052=CARTESIAN_POINT('',(22.0325502819009,14.166666666723,1.9672131147541));
#6053=CARTESIAN_POINT('',(21.9969447396017,14.0997023810078,1.9672131147541));
#6054=CARTESIAN_POINT('',(21.9613391973024,14.0327380952927,1.9672131147541));
#6055=CARTESIAN_POINT('',(21.9257336550032,13.9657738095775,1.9672131147541));
#6056=CARTESIAN_POINT('',(21.890128112704,13.8988095238623,1.9672131147541));
#6057=CARTESIAN_POINT('',(21.8545225704047,13.8318452381471,1.9672131147541));
#6058=CARTESIAN_POINT('',(21.8189170281055,13.7648809524319,1.9672131147541));
#6059=CARTESIAN_POINT('',(21.7833114858063,13.6979166667168,1.9672131147541));
#6060=CARTESIAN_POINT('',(21.747705943507,13.6309523810016,1.9672131147541));
#6061=EDGE_CURVE('Edge_139',#6040,#6042,#6043,.T.);
#6062=CARTESIAN_POINT('',(22.3173946202948,14.7023809524444,1.9672131147541));
#6063=VERTEX_POINT('',#6062);
#6064=CARTESIAN_POINT('',(22.0325502819009,14.166666666723,1.9672131147541));
#6065=VERTEX_POINT('',#6064);
#6066=B_SPLINE_CURVE_WITH_KNOTS('Curve_140',1,(#6067, #6068, #6069, #6070, #6071, #6072, #6073, #6074, #6075, #6076, #6077, #6078, #6079, #6080, #6081, #6082, #6083),.POLYLINE_FORM.,.F.,.F.,(2,1,1,1,1,1,1,1,1,1,1,1,1,1,1,1,2),(0.,1.,2.,3.,4.,5.,6.,7.,8.,9.,10.,11.,12.,13.,14.,15.,16.),.UNIFORM_KNOTS.);
#6067=CARTESIAN_POINT('',(22.3173946202948,14.7023809524444,1.9672131147541));
#6068=CARTESIAN_POINT('',(22.2995918491452,14.6688988095869,1.9672131147541));
#6069=CARTESIAN_POINT('',(22.2817890779955,14.6354166667293,1.9672131147541));
#6070=CARTESIAN_POINT('',(22.2639863068459,14.6019345238717,1.9672131147541));
#6071=CARTESIAN_POINT('',(22.2461835356963,14.5684523810141,1.9672131147541));
#6072=CARTESIAN_POINT('',(22.2283807645467,14.5349702381565,1.9672131147541));
#6073=CARTESIAN_POINT('',(22.2105779933971,14.5014880952989,1.9672131147541));
#6074=CARTESIAN_POINT('',(22.1927752222475,14.4680059524413,1.9672131147541));
#6075=CARTESIAN_POINT('',(22.1749724510978,14.4345238095837,1.9672131147541));
#6076=CARTESIAN_POINT('',(22.1571696799482,14.4010416667261,1.9672131147541));
#6077=CARTESIAN_POINT('',(22.1393669087986,14.3675595238686,1.9672131147541));
#6078=CARTESIAN_POINT('',(22.121564137649,14.334077381011,1.9672131147541));
#6079=CARTESIAN_POINT('',(22.1037613664994,14.3005952381534,1.9672131147541));
#6080=CARTESIAN_POINT('',(22.0859585953498,14.2671130952958,1.9672131147541));
#6081=CARTESIAN_POINT('',(22.0681558242001,14.2336309524382,1.9672131147541));
#6082=CARTESIAN_POINT('',(22.0503530530505,14.2001488095806,1.9672131147541));
#6083=CARTESIAN_POINT('',(22.0325502819009,14.166666666723,1.9672131147541));
#6084=EDGE_CURVE('Edge_140',#6063,#6065,#6066,.T.);
#6085=CARTESIAN_POINT('',(22.6022389586887,15.2380952381659,1.9672131147541));
#6086=VERTEX_POINT('',#6085);
#6087=CARTESIAN_POINT('',(22.3173946202948,14.7023809524444,1.9672131147541));
#6088=VERTEX_POINT('',#6087);
#6089=B_SPLINE_CURVE_WITH_KNOTS('Curve_141',1,(#6090, #6091, #6092, #6093, #6094, #6095, #6096, #6097, #6098, #6099, #6100, #6101, #6102, #6103, #6104, #6105, #6106),.POLYLINE_FORM.,.F.,.F.,(2,1,1,1,1,1,1,1,1,1,1,1,1,1,1,1,2),(0.,1.,2.,3.,4.,5.,6.,7.,8.,9.,10.,11.,12.,13.,14.,15.,16.),.UNIFORM_KNOTS.);
#6090=CARTESIAN_POINT('',(22.6022389586887,15.2380952381659,1.9672131147541));
#6091=CARTESIAN_POINT('',(22.584436187539,15.2046130953083,1.9672131147541));
#6092=CARTESIAN_POINT('',(22.5666334163894,15.1711309524507,1.9672131147541));
#6093=CARTESIAN_POINT('',(22.5488306452398,15.1376488095931,1.9672131147541));
#6094=CARTESIAN_POINT('',(22.5310278740902,15.1041666667355,1.9672131147541));
#6095=CARTESIAN_POINT('',(22.5132251029406,15.0706845238779,1.9672131147541));
#6096=CARTESIAN_POINT('',(22.495422331791,15.0372023810203,1.9672131147541));
#6097=CARTESIAN_POINT('',(22.4776195606413,15.0037202381627,1.9672131147541));
#6098=CARTESIAN_POINT('',(22.4598167894917,14.9702380953052,1.9672131147541));
#6099=CARTESIAN_POINT('',(22.4420140183421,14.9367559524476,1.9672131147541));
#6100=CARTESIAN_POINT('',(22.4242112471925,14.90327380959,1.9672131147541));
#6101=CARTESIAN_POINT('',(22.4064084760429,14.8697916667324,1.9672131147541));
#6102=CARTESIAN_POINT('',(22.3886057048933,14.8363095238748,1.9672131147541));
#6103=CARTESIAN_POINT('',(22.3708029337436,14.8028273810172,1.9672131147541));
#6104=CARTESIAN_POINT('',(22.353000162594,14.7693452381596,1.9672131147541));
#6105=CARTESIAN_POINT('',(22.3351973914444,14.735863095302,1.9672131147541));
#6106=CARTESIAN_POINT('',(22.3173946202948,14.7023809524444,1.9672131147541));
#6107=EDGE_CURVE('Edge_141',#6086,#6088,#6089,.T.);
#6108=CARTESIAN_POINT('',(22.8870832970825,15.7738095238873,1.9672131147541));
#6109=VERTEX_POINT('',#6108);
#6110=CARTESIAN_POINT('',(22.6022389586887,15.2380952381659,1.9672131147541));
#6111=VERTEX_POINT('',#6110);
#6112=B_SPLINE_CURVE_WITH_KNOTS('Curve_142',1,(#6113, #6114, #6115, #6116, #6117, #6118, #6119, #6120, #6121, #6122, #6123, #6124, #6125, #6126, #6127, #6128, #6129),.POLYLINE_FORM.,.F.,.F.,(2,1,1,1,1,1,1,1,1,1,1,1,1,1,1,1,2),(0.,1.,2.,3.,4.,5.,6.,7.,8.,9.,10.,11.,12.,13.,14.,15.,16.),.UNIFORM_KNOTS.);
#6113=CARTESIAN_POINT('',(22.8870832970825,15.7738095238873,1.9672131147541));
#6114=CARTESIAN_POINT('',(22.8692805259329,15.7403273810297,1.9672131147541));
#6115=CARTESIAN_POINT('',(22.8514777547833,15.7068452381721,1.9672131147541));
#6116=CARTESIAN_POINT('',(22.8336749836337,15.6733630953145,1.9672131147541));
#6117=CARTESIAN_POINT('',(22.8158722124841,15.6398809524569,1.9672131147541));
#6118=CARTESIAN_POINT('',(22.7980694413345,15.6063988095994,1.9672131147541));
#6119=CARTESIAN_POINT('',(22.7802666701848,15.5729166667418,1.9672131147541));
#6120=CARTESIAN_POINT('',(22.7624638990352,15.5394345238842,1.9672131147541));
#6121=CARTESIAN_POINT('',(22.7446611278856,15.5059523810266,1.9672131147541));
#6122=CARTESIAN_POINT('',(22.726858356736,15.472470238169,1.9672131147541));
#6123=CARTESIAN_POINT('',(22.7090555855864,15.4389880953114,1.9672131147541));
#6124=CARTESIAN_POINT('',(22.6912528144367,15.4055059524538,1.9672131147541));
#6125=CARTESIAN_POINT('',(22.6734500432871,15.3720238095962,1.9672131147541));
#6126=CARTESIAN_POINT('',(22.6556472721375,15.3385416667386,1.9672131147541));
#6127=CARTESIAN_POINT('',(22.6378445009879,15.3050595238811,1.9672131147541));
#6128=CARTESIAN_POINT('',(22.6200417298383,15.2715773810235,1.9672131147541));
#6129=CARTESIAN_POINT('',(22.6022389586887,15.2380952381659,1.9672131147541));
#6130=EDGE_CURVE('Edge_142',#6109,#6111,#6112,.T.);
#6131=CARTESIAN_POINT('',(23.1719276354764,16.3095238096087,1.9672131147541));
#6132=VERTEX_POINT('',#6131);
#6133=CARTESIAN_POINT('',(22.8870832970825,15.7738095238873,1.9672131147541));
#6134=VERTEX_POINT('',#6133);
#6135=B_SPLINE_CURVE_WITH_KNOTS('Curve_143',1,(#6136, #6137, #6138, #6139, #6140, #6141, #6142, #6143, #6144, #6145, #6146, #6147, #6148, #6149, #6150, #6151, #6152),.POLYLINE_FORM.,.F.,.F.,(2,1,1,1,1,1,1,1,1,1,1,1,1,1,1,1,2),(0.,1.,2.,3.,4.,5.,6.,7.,8.,9.,10.,11.,12.,13.,14.,15.,16.),.UNIFORM_KNOTS.);
#6136=CARTESIAN_POINT('',(23.1719276354764,16.3095238096087,1.9672131147541));
#6137=CARTESIAN_POINT('',(23.1541248643268,16.2760416667511,1.9672131147541));
#6138=CARTESIAN_POINT('',(23.1363220931772,16.2425595238936,1.9672131147541));
#6139=CARTESIAN_POINT('',(23.1185193220276,16.209077381036,1.9672131147541));
#6140=CARTESIAN_POINT('',(23.1007165508779,16.1755952381784,1.9672131147541));
#6141=CARTESIAN_POINT('',(23.0829137797283,16.1421130953208,1.9672131147541));
#6142=CARTESIAN_POINT('',(23.0651110085787,16.1086309524632,1.9672131147541));
#6143=CARTESIAN_POINT('',(23.0473082374291,16.0751488096056,1.9672131147541));
#6144=CARTESIAN_POINT('',(23.0295054662795,16.041666666748,1.9672131147541));
#6145=CARTESIAN_POINT('',(23.0117026951299,16.0081845238904,1.9672131147541));
#6146=CARTESIAN_POINT('',(22.9938999239802,15.9747023810328,1.9672131147541));
#6147=CARTESIAN_POINT('',(22.9760971528306,15.9412202381752,1.9672131147541));
#6148=CARTESIAN_POINT('',(22.958294381681,15.9077380953177,1.9672131147541));
#6149=CARTESIAN_POINT('',(22.9404916105314,15.8742559524601,1.9672131147541));
#6150=CARTESIAN_POINT('',(22.9226888393818,15.8407738096025,1.9672131147541));
#6151=CARTESIAN_POINT('',(22.9048860682322,15.8072916667449,1.9672131147541));
#6152=CARTESIAN_POINT('',(22.8870832970825,15.7738095238873,1.9672131147541));
#6153=EDGE_CURVE('Edge_143',#6132,#6134,#6135,.T.);
#6154=CARTESIAN_POINT('',(24.6419276354764,16.3095238096087,1.9672131147541));
#6155=VERTEX_POINT('',#6154);
#6156=CARTESIAN_POINT('',(24.7567719738703,16.8452380953302,1.9672131147541));
#6157=VERTEX_POINT('',#6156);
#6158=B_SPLINE_CURVE_WITH_KNOTS('Curve_144',1,(#6159, #6160, #6161, #6162, #6163, #6164, #6165, #6166, #6167, #6168, #6169, #6170, #6171, #6172, #6173, #6174, #6175),.POLYLINE_FORM.,.F.,.F.,(2,1,1,1,1,1,1,1,1,1,1,1,1,1,1,1,2),(0.,1.,2.,3.,4.,5.,6.,7.,8.,9.,10.,11.,12.,13.,14.,15.,16.),.UNIFORM_KNOTS.);
#6159=CARTESIAN_POINT('',(24.6419276354764,16.3095238096087,1.9672131147541));
#6160=CARTESIAN_POINT('',(24.649105406626,16.3430059524663,1.9672131147541));
#6161=CARTESIAN_POINT('',(24.6562831777756,16.3764880953239,1.9672131147541));
#6162=CARTESIAN_POINT('',(24.6634609489253,16.4099702381815,1.9672131147541));
#6163=CARTESIAN_POINT('',(24.6706387200749,16.4434523810391,1.9672131147541));
#6164=CARTESIAN_POINT('',(24.6778164912245,16.4769345238967,1.9672131147541));
#6165=CARTESIAN_POINT('',(24.6849942623741,16.5104166667543,1.9672131147541));
#6166=CARTESIAN_POINT('',(24.6921720335237,16.5438988096119,1.9672131147541));
#6167=CARTESIAN_POINT('',(24.6993498046733,16.5773809524694,1.9672131147541));
#6168=CARTESIAN_POINT('',(24.706527575823,16.610863095327,1.9672131147541));
#6169=CARTESIAN_POINT('',(24.7137053469726,16.6443452381846,1.9672131147541));
#6170=CARTESIAN_POINT('',(24.7208831181222,16.6778273810422,1.9672131147541));
#6171=CARTESIAN_POINT('',(24.7280608892718,16.7113095238998,1.9672131147541));
#6172=CARTESIAN_POINT('',(24.7352386604214,16.7447916667574,1.9672131147541));
#6173=CARTESIAN_POINT('',(24.7424164315711,16.778273809615,1.9672131147541));
#6174=CARTESIAN_POINT('',(24.7495942027207,16.8117559524726,1.9672131147541));
#6175=CARTESIAN_POINT('',(24.7567719738703,16.8452380953302,1.9672131147541));
#6176=EDGE_CURVE('Edge_144',#6155,#6157,#6158,.T.);
#6177=CARTESIAN_POINT('',(24.5270832970825,15.7738095238873,1.9672131147541));
#6178=VERTEX_POINT('',#6177);
#6179=CARTESIAN_POINT('',(24.6419276354764,16.3095238096087,1.9672131147541));
#6180=VERTEX_POINT('',#6179);
#6181=B_SPLINE_CURVE_WITH_KNOTS('Curve_145',1,(#6182, #6183, #6184, #6185, #6186, #6187, #6188, #6189, #6190, #6191, #6192, #6193, #6194, #6195, #6196, #6197, #6198),.POLYLINE_FORM.,.F.,.F.,(2,1,1,1,1,1,1,1,1,1,1,1,1,1,1,1,2),(0.,1.,2.,3.,4.,5.,6.,7.,8.,9.,10.,11.,12.,13.,14.,15.,16.),.UNIFORM_KNOTS.);
#6182=CARTESIAN_POINT('',(24.5270832970825,15.7738095238873,1.9672131147541));
#6183=CARTESIAN_POINT('',(24.5342610682322,15.8072916667449,1.9672131147541));
#6184=CARTESIAN_POINT('',(24.5414388393818,15.8407738096025,1.9672131147541));
#6185=CARTESIAN_POINT('',(24.5486166105314,15.8742559524601,1.9672131147541));
#6186=CARTESIAN_POINT('',(24.555794381681,15.9077380953177,1.9672131147541));
#6187=CARTESIAN_POINT('',(24.5629721528306,15.9412202381752,1.9672131147541));
#6188=CARTESIAN_POINT('',(24.5701499239802,15.9747023810328,1.9672131147541));
#6189=CARTESIAN_POINT('',(24.5773276951299,16.0081845238904,1.9672131147541));
#6190=CARTESIAN_POINT('',(24.5845054662795,16.041666666748,1.9672131147541));
#6191=CARTESIAN_POINT('',(24.5916832374291,16.0751488096056,1.9672131147541));
#6192=CARTESIAN_POINT('',(24.5988610085787,16.1086309524632,1.9672131147541));
#6193=CARTESIAN_POINT('',(24.6060387797283,16.1421130953208,1.9672131147541));
#6194=CARTESIAN_POINT('',(24.6132165508779,16.1755952381784,1.9672131147541));
#6195=CARTESIAN_POINT('',(24.6203943220276,16.209077381036,1.9672131147541));
#6196=CARTESIAN_POINT('',(24.6275720931772,16.2425595238936,1.9672131147541));
#6197=CARTESIAN_POINT('',(24.6347498643268,16.2760416667511,1.9672131147541));
#6198=CARTESIAN_POINT('',(24.6419276354764,16.3095238096087,1.9672131147541));
#6199=EDGE_CURVE('Edge_145',#6178,#6180,#6181,.T.);
#6200=CARTESIAN_POINT('',(24.4122389586887,15.2380952381659,1.9672131147541));
#6201=VERTEX_POINT('',#6200);
#6202=CARTESIAN_POINT('',(24.5270832970825,15.7738095238873,1.9672131147541));
#6203=VERTEX_POINT('',#6202);
#6204=B_SPLINE_CURVE_WITH_KNOTS('Curve_146',1,(#6205, #6206, #6207, #6208, #6209, #6210, #6211, #6212, #6213, #6214, #6215, #6216, #6217, #6218, #6219, #6220, #6221),.POLYLINE_FORM.,.F.,.F.,(2,1,1,1,1,1,1,1,1,1,1,1,1,1,1,1,2),(0.,1.,2.,3.,4.,5.,6.,7.,8.,9.,10.,11.,12.,13.,14.,15.,16.),.UNIFORM_KNOTS.);
#6205=CARTESIAN_POINT('',(24.4122389586887,15.2380952381659,1.9672131147541));
#6206=CARTESIAN_POINT('',(24.4194167298383,15.2715773810235,1.9672131147541));
#6207=CARTESIAN_POINT('',(24.4265945009879,15.3050595238811,1.9672131147541));
#6208=CARTESIAN_POINT('',(24.4337722721375,15.3385416667386,1.9672131147541));
#6209=CARTESIAN_POINT('',(24.4409500432871,15.3720238095962,1.9672131147541));
#6210=CARTESIAN_POINT('',(24.4481278144367,15.4055059524538,1.9672131147541));
#6211=CARTESIAN_POINT('',(24.4553055855864,15.4389880953114,1.9672131147541));
#6212=CARTESIAN_POINT('',(24.462483356736,15.472470238169,1.9672131147541));
#6213=CARTESIAN_POINT('',(24.4696611278856,15.5059523810266,1.9672131147541));
#6214=CARTESIAN_POINT('',(24.4768388990352,15.5394345238842,1.9672131147541));
#6215=CARTESIAN_POINT('',(24.4840166701848,15.5729166667418,1.9672131147541));
#6216=CARTESIAN_POINT('',(24.4911944413345,15.6063988095994,1.9672131147541));
#6217=CARTESIAN_POINT('',(24.4983722124841,15.6398809524569,1.9672131147541));
#6218=CARTESIAN_POINT('',(24.5055499836337,15.6733630953145,1.9672131147541));
#6219=CARTESIAN_POINT('',(24.5127277547833,15.7068452381721,1.9672131147541));
#6220=CARTESIAN_POINT('',(24.5199055259329,15.7403273810297,1.9672131147541));
#6221=CARTESIAN_POINT('',(24.5270832970825,15.7738095238873,1.9672131147541));
#6222=EDGE_CURVE('Edge_146',#6201,#6203,#6204,.T.);
#6223=CARTESIAN_POINT('',(24.2973946202948,14.7023809524444,1.9672131147541));
#6224=VERTEX_POINT('',#6223);
#6225=CARTESIAN_POINT('',(24.4122389586887,15.2380952381659,1.9672131147541));
#6226=VERTEX_POINT('',#6225);
#6227=B_SPLINE_CURVE_WITH_KNOTS('Curve_147',1,(#6228, #6229, #6230, #6231, #6232, #6233, #6234, #6235, #6236, #6237, #6238, #6239, #6240, #6241, #6242, #6243, #6244),.POLYLINE_FORM.,.F.,.F.,(2,1,1,1,1,1,1,1,1,1,1,1,1,1,1,1,2),(0.,1.,2.,3.,4.,5.,6.,7.,8.,9.,10.,11.,12.,13.,14.,15.,16.),.UNIFORM_KNOTS.);
#6228=CARTESIAN_POINT('',(24.2973946202948,14.7023809524444,1.9672131147541));
#6229=CARTESIAN_POINT('',(24.3045723914444,14.735863095302,1.9672131147541));
#6230=CARTESIAN_POINT('',(24.311750162594,14.7693452381596,1.9672131147541));
#6231=CARTESIAN_POINT('',(24.3189279337436,14.8028273810172,1.9672131147541));
#6232=CARTESIAN_POINT('',(24.3261057048933,14.8363095238748,1.9672131147541));
#6233=CARTESIAN_POINT('',(24.3332834760429,14.8697916667324,1.9672131147541));
#6234=CARTESIAN_POINT('',(24.3404612471925,14.90327380959,1.9672131147541));
#6235=CARTESIAN_POINT('',(24.3476390183421,14.9367559524476,1.9672131147541));
#6236=CARTESIAN_POINT('',(24.3548167894917,14.9702380953052,1.9672131147541));
#6237=CARTESIAN_POINT('',(24.3619945606413,15.0037202381627,1.9672131147541));
#6238=CARTESIAN_POINT('',(24.369172331791,15.0372023810203,1.9672131147541));
#6239=CARTESIAN_POINT('',(24.3763501029406,15.0706845238779,1.9672131147541));
#6240=CARTESIAN_POINT('',(24.3835278740902,15.1041666667355,1.9672131147541));
#6241=CARTESIAN_POINT('',(24.3907056452398,15.1376488095931,1.9672131147541));
#6242=CARTESIAN_POINT('',(24.3978834163894,15.1711309524507,1.9672131147541));
#6243=CARTESIAN_POINT('',(24.405061187539,15.2046130953083,1.9672131147541));
#6244=CARTESIAN_POINT('',(24.4122389586887,15.2380952381659,1.9672131147541));
#6245=EDGE_CURVE('Edge_147',#6224,#6226,#6227,.T.);
#6246=CARTESIAN_POINT('',(24.1825502819009,14.166666666723,1.9672131147541));
#6247=VERTEX_POINT('',#6246);
#6248=CARTESIAN_POINT('',(24.2973946202948,14.7023809524444,1.9672131147541));
#6249=VERTEX_POINT('',#6248);
#6250=B_SPLINE_CURVE_WITH_KNOTS('Curve_148',1,(#6251, #6252, #6253, #6254, #6255, #6256, #6257, #6258, #6259, #6260, #6261, #6262, #6263, #6264, #6265, #6266, #6267),.POLYLINE_FORM.,.F.,.F.,(2,1,1,1,1,1,1,1,1,1,1,1,1,1,1,1,2),(0.,1.,2.,3.,4.,5.,6.,7.,8.,9.,10.,11.,12.,13.,14.,15.,16.),.UNIFORM_KNOTS.);
#6251=CARTESIAN_POINT('',(24.1825502819009,14.166666666723,1.9672131147541));
#6252=CARTESIAN_POINT('',(24.1825502819009,14.166666666723,1.9672131147541));
#6253=CARTESIAN_POINT('',(24.1825502819009,14.166666666723,1.9672131147541));
#6254=CARTESIAN_POINT('',(24.1825502819009,14.166666666723,1.9672131147541));
#6255=CARTESIAN_POINT('',(24.1825502819009,14.166666666723,1.9672131147541));
#6256=CARTESIAN_POINT('',(24.1825502819009,14.166666666723,1.9672131147541));
#6257=CARTESIAN_POINT('',(24.1825502819009,14.166666666723,1.9672131147541));
#6258=CARTESIAN_POINT('',(24.1825502819009,14.166666666723,1.9672131147541));
#6259=CARTESIAN_POINT('',(24.1825502819009,14.166666666723,1.9672131147541));
#6260=CARTESIAN_POINT('',(24.1969058242001,14.2336309524382,1.9672131147541));
#6261=CARTESIAN_POINT('',(24.2112613664994,14.3005952381534,1.9672131147541));
#6262=CARTESIAN_POINT('',(24.2256169087986,14.3675595238686,1.9672131147541));
#6263=CARTESIAN_POINT('',(24.2399724510978,14.4345238095837,1.9672131147541));
#6264=CARTESIAN_POINT('',(24.2543279933971,14.5014880952989,1.9672131147541));
#6265=CARTESIAN_POINT('',(24.2686835356963,14.5684523810141,1.9672131147541));
#6266=CARTESIAN_POINT('',(24.2830390779956,14.6354166667293,1.9672131147541));
#6267=CARTESIAN_POINT('',(24.2973946202948,14.7023809524444,1.9672131147541));
#6268=EDGE_CURVE('Edge_148',#6247,#6249,#6250,.T.);
#6269=CARTESIAN_POINT('',(24.067705943507,13.6309523810016,1.9672131147541));
#6270=VERTEX_POINT('',#6269);
#6271=CARTESIAN_POINT('',(24.1825502819009,14.166666666723,1.9672131147541));
#6272=VERTEX_POINT('',#6271);
#6273=B_SPLINE_CURVE_WITH_KNOTS('Curve_149',1,(#6274, #6275, #6276, #6277, #6278, #6279, #6280, #6281, #6282, #6283, #6284, #6285, #6286, #6287, #6288, #6289, #6290),.POLYLINE_FORM.,.F.,.F.,(2,1,1,1,1,1,1,1,1,1,1,1,1,1,1,1,2),(0.,1.,2.,3.,4.,5.,6.,7.,8.,9.,10.,11.,12.,13.,14.,15.,16.),.UNIFORM_KNOTS.);
#6274=CARTESIAN_POINT('',(24.067705943507,13.6309523810016,1.9672131147541));
#6275=CARTESIAN_POINT('',(24.0748837146567,13.6644345238592,1.9672131147541));
#6276=CARTESIAN_POINT('',(24.0820614858063,13.6979166667168,1.9672131147541));
#6277=CARTESIAN_POINT('',(24.0892392569559,13.7313988095744,1.9672131147541));
#6278=CARTESIAN_POINT('',(24.0964170281055,13.7648809524319,1.9672131147541));
#6279=CARTESIAN_POINT('',(24.1035947992551,13.7983630952895,1.9672131147541));
#6280=CARTESIAN_POINT('',(24.1107725704047,13.8318452381471,1.9672131147541));
#6281=CARTESIAN_POINT('',(24.1179503415544,13.8653273810047,1.9672131147541));
#6282=CARTESIAN_POINT('',(24.125128112704,13.8988095238623,1.9672131147541));
#6283=CARTESIAN_POINT('',(24.1323058838536,13.9322916667199,1.9672131147541));
#6284=CARTESIAN_POINT('',(24.1394836550032,13.9657738095775,1.9672131147541));
#6285=CARTESIAN_POINT('',(24.1466614261528,13.9992559524351,1.9672131147541));
#6286=CARTESIAN_POINT('',(24.1538391973024,14.0327380952927,1.9672131147541));
#6287=CARTESIAN_POINT('',(24.1610169684521,14.0662202381502,1.9672131147541));
#6288=CARTESIAN_POINT('',(24.1681947396017,14.0997023810078,1.9672131147541));
#6289=CARTESIAN_POINT('',(24.1753725107513,14.1331845238654,1.9672131147541));
#6290=CARTESIAN_POINT('',(24.1825502819009,14.166666666723,1.9672131147541));
#6291=EDGE_CURVE('Edge_149',#6270,#6272,#6273,.T.);
#6292=CARTESIAN_POINT('',(23.9528616051132,13.0952380952802,1.9672131147541));
#6293=VERTEX_POINT('',#6292);
#6294=CARTESIAN_POINT('',(24.067705943507,13.6309523810016,1.9672131147541));
#6295=VERTEX_POINT('',#6294);
#6296=B_SPLINE_CURVE_WITH_KNOTS('Curve_150',1,(#6297, #6298, #6299, #6300, #6301, #6302, #6303, #6304, #6305, #6306, #6307, #6308, #6309, #6310, #6311, #6312, #6313),.POLYLINE_FORM.,.F.,.F.,(2,1,1,1,1,1,1,1,1,1,1,1,1,1,1,1,2),(0.,1.,2.,3.,4.,5.,6.,7.,8.,9.,10.,11.,12.,13.,14.,15.,16.),.UNIFORM_KNOTS.);
#6297=CARTESIAN_POINT('',(23.9528616051132,13.0952380952802,1.9672131147541));
#6298=CARTESIAN_POINT('',(23.9600393762628,13.1287202381377,1.9672131147541));
#6299=CARTESIAN_POINT('',(23.9672171474124,13.1622023809953,1.9672131147541));
#6300=CARTESIAN_POINT('',(23.974394918562,13.1956845238529,1.9672131147541));
#6301=CARTESIAN_POINT('',(23.9815726897116,13.2291666667105,1.9672131147541));
#6302=CARTESIAN_POINT('',(23.9887504608612,13.2626488095681,1.9672131147541));
#6303=CARTESIAN_POINT('',(23.9959282320109,13.2961309524257,1.9672131147541));
#6304=CARTESIAN_POINT('',(24.0031060031605,13.3296130952833,1.9672131147541));
#6305=CARTESIAN_POINT('',(24.0102837743101,13.3630952381409,1.9672131147541));
#6306=CARTESIAN_POINT('',(24.0174615454597,13.3965773809985,1.9672131147541));
#6307=CARTESIAN_POINT('',(24.0246393166093,13.4300595238561,1.9672131147541));
#6308=CARTESIAN_POINT('',(24.0318170877589,13.4635416667136,1.9672131147541));
#6309=CARTESIAN_POINT('',(24.0389948589086,13.4970238095712,1.9672131147541));
#6310=CARTESIAN_POINT('',(24.0461726300582,13.5305059524288,1.9672131147541));
#6311=CARTESIAN_POINT('',(24.0533504012078,13.5639880952864,1.9672131147541));
#6312=CARTESIAN_POINT('',(24.0605281723574,13.597470238144,1.9672131147541));
#6313=CARTESIAN_POINT('',(24.067705943507,13.6309523810016,1.9672131147541));
#6314=EDGE_CURVE('Edge_150',#6293,#6295,#6296,.T.);
#6315=CARTESIAN_POINT('',(23.8380172667193,12.5595238095587,1.9672131147541));
#6316=VERTEX_POINT('',#6315);
#6317=CARTESIAN_POINT('',(23.9528616051132,13.0952380952802,1.9672131147541));
#6318=VERTEX_POINT('',#6317);
#6319=B_SPLINE_CURVE_WITH_KNOTS('Curve_151',1,(#6320, #6321, #6322, #6323, #6324, #6325, #6326, #6327, #6328, #6329, #6330, #6331, #6332, #6333, #6334, #6335, #6336),.POLYLINE_FORM.,.F.,.F.,(2,1,1,1,1,1,1,1,1,1,1,1,1,1,1,1,2),(0.,1.,2.,3.,4.,5.,6.,7.,8.,9.,10.,11.,12.,13.,14.,15.,16.),.UNIFORM_KNOTS.);
#6320=CARTESIAN_POINT('',(23.8380172667193,12.5595238095587,1.9672131147541));
#6321=CARTESIAN_POINT('',(23.8451950378689,12.5930059524163,1.9672131147541));
#6322=CARTESIAN_POINT('',(23.8523728090185,12.6264880952739,1.9672131147541));
#6323=CARTESIAN_POINT('',(23.8595505801681,12.6599702381315,1.9672131147541));
#6324=CARTESIAN_POINT('',(23.8667283513178,12.6934523809891,1.9672131147541));
#6325=CARTESIAN_POINT('',(23.8739061224674,12.7269345238467,1.9672131147541));
#6326=CARTESIAN_POINT('',(23.881083893617,12.7604166667043,1.9672131147541));
#6327=CARTESIAN_POINT('',(23.8882616647666,12.7938988095619,1.9672131147541));
#6328=CARTESIAN_POINT('',(23.8954394359162,12.8273809524194,1.9672131147541));
#6329=CARTESIAN_POINT('',(23.9026172070658,12.860863095277,1.9672131147541));
#6330=CARTESIAN_POINT('',(23.9097949782155,12.8943452381346,1.9672131147541));
#6331=CARTESIAN_POINT('',(23.9169727493651,12.9278273809922,1.9672131147541));
#6332=CARTESIAN_POINT('',(23.9241505205147,12.9613095238498,1.9672131147541));
#6333=CARTESIAN_POINT('',(23.9313282916643,12.9947916667074,1.9672131147541));
#6334=CARTESIAN_POINT('',(23.9385060628139,13.028273809565,1.9672131147541));
#6335=CARTESIAN_POINT('',(23.9456838339635,13.0617559524226,1.9672131147541));
#6336=CARTESIAN_POINT('',(23.9528616051132,13.0952380952802,1.9672131147541));
#6337=EDGE_CURVE('Edge_151',#6316,#6318,#6319,.T.);
#6338=CARTESIAN_POINT('',(23.7231729283254,12.0238095238373,1.9672131147541));
#6339=VERTEX_POINT('',#6338);
#6340=CARTESIAN_POINT('',(23.8380172667193,12.5595238095587,1.9672131147541));
#6341=VERTEX_POINT('',#6340);
#6342=B_SPLINE_CURVE_WITH_KNOTS('Curve_152',1,(#6343, #6344, #6345, #6346, #6347, #6348, #6349, #6350, #6351, #6352, #6353, #6354, #6355, #6356, #6357, #6358, #6359),.POLYLINE_FORM.,.F.,.F.,(2,1,1,1,1,1,1,1,1,1,1,1,1,1,1,1,2),(0.,1.,2.,3.,4.,5.,6.,7.,8.,9.,10.,11.,12.,13.,14.,15.,16.),.UNIFORM_KNOTS.);
#6343=CARTESIAN_POINT('',(23.7231729283254,12.0238095238373,1.9672131147541));
#6344=CARTESIAN_POINT('',(23.730350699475,12.0572916666949,1.9672131147541));
#6345=CARTESIAN_POINT('',(23.7375284706246,12.0907738095525,1.9672131147541));
#6346=CARTESIAN_POINT('',(23.7447062417743,12.1242559524101,1.9672131147541));
#6347=CARTESIAN_POINT('',(23.7518840129239,12.1577380952677,1.9672131147541));
#6348=CARTESIAN_POINT('',(23.7590617840735,12.1912202381252,1.9672131147541));
#6349=CARTESIAN_POINT('',(23.7662395552231,12.2247023809828,1.9672131147541));
#6350=CARTESIAN_POINT('',(23.7734173263727,12.2581845238404,1.9672131147541));
#6351=CARTESIAN_POINT('',(23.7805950975223,12.291666666698,1.9672131147541));
#6352=CARTESIAN_POINT('',(23.787772868672,12.3251488095556,1.9672131147541));
#6353=CARTESIAN_POINT('',(23.7949506398216,12.3586309524132,1.9672131147541));
#6354=CARTESIAN_POINT('',(23.8021284109712,12.3921130952708,1.9672131147541));
#6355=CARTESIAN_POINT('',(23.8093061821208,12.4255952381284,1.9672131147541));
#6356=CARTESIAN_POINT('',(23.8164839532704,12.459077380986,1.9672131147541));
#6357=CARTESIAN_POINT('',(23.82366172442,12.4925595238436,1.9672131147541));
#6358=CARTESIAN_POINT('',(23.8308394955697,12.5260416667011,1.9672131147541));
#6359=CARTESIAN_POINT('',(23.8380172667193,12.5595238095587,1.9672131147541));
#6360=EDGE_CURVE('Edge_152',#6339,#6341,#6342,.T.);
#6361=CARTESIAN_POINT('',(23.6083285899315,11.4880952381159,1.9672131147541));
#6362=VERTEX_POINT('',#6361);
#6363=CARTESIAN_POINT('',(23.7231729283254,12.0238095238373,1.9672131147541));
#6364=VERTEX_POINT('',#6363);
#6365=B_SPLINE_CURVE_WITH_KNOTS('Curve_153',1,(#6366, #6367, #6368, #6369, #6370, #6371, #6372, #6373, #6374, #6375, #6376, #6377, #6378, #6379, #6380, #6381, #6382),.POLYLINE_FORM.,.F.,.F.,(2,1,1,1,1,1,1,1,1,1,1,1,1,1,1,1,2),(0.,1.,2.,3.,4.,5.,6.,7.,8.,9.,10.,11.,12.,13.,14.,15.,16.),.UNIFORM_KNOTS.);
#6366=CARTESIAN_POINT('',(23.6083285899315,11.4880952381159,1.9672131147541));
#6367=CARTESIAN_POINT('',(23.6083285899315,11.4880952381159,1.9672131147541));
#6368=CARTESIAN_POINT('',(23.6083285899315,11.4880952381159,1.9672131147541));
#6369=CARTESIAN_POINT('',(23.6083285899315,11.4880952381159,1.9672131147541));
#6370=CARTESIAN_POINT('',(23.6083285899315,11.4880952381159,1.9672131147541));
#6371=CARTESIAN_POINT('',(23.6083285899315,11.4880952381159,1.9672131147541));
#6372=CARTESIAN_POINT('',(23.6083285899315,11.4880952381159,1.9672131147541));
#6373=CARTESIAN_POINT('',(23.6083285899315,11.4880952381159,1.9672131147541));
#6374=CARTESIAN_POINT('',(23.6083285899315,11.4880952381159,1.9672131147541));
#6375=CARTESIAN_POINT('',(23.6226841322308,11.5550595238311,1.9672131147541));
#6376=CARTESIAN_POINT('',(23.63703967453,11.6220238095462,1.9672131147541));
#6377=CARTESIAN_POINT('',(23.6513952168292,11.6889880952614,1.9672131147541));
#6378=CARTESIAN_POINT('',(23.6657507591285,11.7559523809766,1.9672131147541));
#6379=CARTESIAN_POINT('',(23.6801063014277,11.8229166666918,1.9672131147541));
#6380=CARTESIAN_POINT('',(23.6944618437269,11.8898809524069,1.9672131147541));
#6381=CARTESIAN_POINT('',(23.7088173860262,11.9568452381221,1.9672131147541));
#6382=CARTESIAN_POINT('',(23.7231729283254,12.0238095238373,1.9672131147541));
#6383=EDGE_CURVE('Edge_153',#6362,#6364,#6365,.T.);
#6384=CARTESIAN_POINT('',(23.4177338261765,10.3392857143043,1.9672131147541));
#6385=VERTEX_POINT('',#6384);
#6386=CARTESIAN_POINT('',(23.6083285899315,11.4880952381159,1.9672131147541));
#6387=VERTEX_POINT('',#6386);
#6388=B_SPLINE_CURVE_WITH_KNOTS('Curve_154',1,(#6389, #6390, #6391, #6392, #6393, #6394, #6395, #6396, #6397, #6398, #6399, #6400, #6401, #6402, #6403, #6404, #6405),.POLYLINE_FORM.,.F.,.F.,(2,1,1,1,1,1,1,1,1,1,1,1,1,1,1,1,2),(0.,1.,2.,3.,4.,5.,6.,7.,8.,9.,10.,11.,12.,13.,14.,15.,16.),.UNIFORM_KNOTS.);
#6389=CARTESIAN_POINT('',(23.4177338261765,10.3392857143043,1.9672131147541));
#6390=CARTESIAN_POINT('',(23.4296459989112,10.4110863095425,1.9672131147541));
#6391=CARTESIAN_POINT('',(23.4415581716459,10.4828869047807,1.9672131147541));
#6392=CARTESIAN_POINT('',(23.4534703443805,10.554687500019,1.9672131147541));
#6393=CARTESIAN_POINT('',(23.4653825171152,10.6264880952572,1.9672131147541));
#6394=CARTESIAN_POINT('',(23.4772946898499,10.6982886904954,1.9672131147541));
#6395=CARTESIAN_POINT('',(23.4892068625846,10.7700892857336,1.9672131147541));
#6396=CARTESIAN_POINT('',(23.5011190353193,10.8418898809719,1.9672131147541));
#6397=CARTESIAN_POINT('',(23.513031208054,10.9136904762101,1.9672131147541));
#6398=CARTESIAN_POINT('',(23.5249433807887,10.9854910714483,1.9672131147541));
#6399=CARTESIAN_POINT('',(23.5368555535234,11.0572916666865,1.9672131147541));
#6400=CARTESIAN_POINT('',(23.5487677262581,11.1290922619248,1.9672131147541));
#6401=CARTESIAN_POINT('',(23.5606798989928,11.200892857163,1.9672131147541));
#6402=CARTESIAN_POINT('',(23.5725920717275,11.2726934524012,1.9672131147541));
#6403=CARTESIAN_POINT('',(23.5845042444621,11.3444940476394,1.9672131147541));
#6404=CARTESIAN_POINT('',(23.5964164171968,11.4162946428776,1.9672131147541));
#6405=CARTESIAN_POINT('',(23.6083285899315,11.4880952381159,1.9672131147541));
#6406=EDGE_CURVE('Edge_154',#6385,#6387,#6388,.T.);
#6407=CARTESIAN_POINT('',(23.2271390624214,9.1904761904927,1.9672131147541));
#6408=VERTEX_POINT('',#6407);
#6409=CARTESIAN_POINT('',(23.4177338261765,10.3392857143043,1.9672131147541));
#6410=VERTEX_POINT('',#6409);
#6411=B_SPLINE_CURVE_WITH_KNOTS('Curve_155',1,(#6412, #6413, #6414, #6415, #6416, #6417, #6418, #6419, #6420, #6421, #6422, #6423, #6424, #6425, #6426, #6427, #6428),.POLYLINE_FORM.,.F.,.F.,(2,1,1,1,1,1,1,1,1,1,1,1,1,1,1,1,2),(0.,1.,2.,3.,4.,5.,6.,7.,8.,9.,10.,11.,12.,13.,14.,15.,16.),.UNIFORM_KNOTS.);
#6412=CARTESIAN_POINT('',(23.2271390624214,9.1904761904927,1.9672131147541));
#6413=CARTESIAN_POINT('',(23.2390512351561,9.26227678573092,1.9672131147541));
#6414=CARTESIAN_POINT('',(23.2509634078908,9.33407738096915,1.9672131147541));
#6415=CARTESIAN_POINT('',(23.2628755806255,9.40587797620737,1.9672131147541));
#6416=CARTESIAN_POINT('',(23.2747877533602,9.4776785714456,1.9672131147541));
#6417=CARTESIAN_POINT('',(23.2866999260949,9.54947916668382,1.9672131147541));
#6418=CARTESIAN_POINT('',(23.2986120988296,9.62127976192204,1.9672131147541));
#6419=CARTESIAN_POINT('',(23.3105242715643,9.69308035716027,1.9672131147541));
#6420=CARTESIAN_POINT('',(23.3224364442989,9.76488095239849,1.9672131147541));
#6421=CARTESIAN_POINT('',(23.3343486170336,9.83668154763671,1.9672131147541));
#6422=CARTESIAN_POINT('',(23.3462607897683,9.90848214287494,1.9672131147541));
#6423=CARTESIAN_POINT('',(23.358172962503,9.98028273811316,1.9672131147541));
#6424=CARTESIAN_POINT('',(23.3700851352377,10.0520833333514,1.9672131147541));
#6425=CARTESIAN_POINT('',(23.3819973079724,10.1238839285896,1.9672131147541));
#6426=CARTESIAN_POINT('',(23.3939094807071,10.1956845238278,1.9672131147541));
#6427=CARTESIAN_POINT('',(23.4058216534418,10.2674851190661,1.9672131147541));
#6428=CARTESIAN_POINT('',(23.4177338261765,10.3392857143043,1.9672131147541));
#6429=EDGE_CURVE('Edge_155',#6408,#6410,#6411,.T.);
#6430=CARTESIAN_POINT('',(23.0365442986664,8.04166666668111,1.9672131147541));
#6431=VERTEX_POINT('',#6430);
#6432=CARTESIAN_POINT('',(23.2271390624214,9.1904761904927,1.9672131147541));
#6433=VERTEX_POINT('',#6432);
#6434=B_SPLINE_CURVE_WITH_KNOTS('Curve_156',1,(#6435, #6436, #6437, #6438, #6439, #6440, #6441, #6442, #6443, #6444, #6445, #6446, #6447, #6448, #6449, #6450, #6451),.POLYLINE_FORM.,.F.,.F.,(2,1,1,1,1,1,1,1,1,1,1,1,1,1,1,1,2),(0.,1.,2.,3.,4.,5.,6.,7.,8.,9.,10.,11.,12.,13.,14.,15.,16.),.UNIFORM_KNOTS.);
#6435=CARTESIAN_POINT('',(23.0365442986664,8.04166666668111,1.9672131147541));
#6436=CARTESIAN_POINT('',(23.048456471401,8.11346726191934,1.9672131147541));
#6437=CARTESIAN_POINT('',(23.0603686441357,8.18526785715756,1.9672131147541));
#6438=CARTESIAN_POINT('',(23.0722808168704,8.25706845239578,1.9672131147541));
#6439=CARTESIAN_POINT('',(23.0841929896051,8.32886904763401,1.9672131147541));
#6440=CARTESIAN_POINT('',(23.0961051623398,8.40066964287223,1.9672131147541));
#6441=CARTESIAN_POINT('',(23.1080173350745,8.47247023811046,1.9672131147541));
#6442=CARTESIAN_POINT('',(23.1199295078092,8.54427083334868,1.9672131147541));
#6443=CARTESIAN_POINT('',(23.1318416805439,8.6160714285869,1.9672131147541));
#6444=CARTESIAN_POINT('',(23.1437538532786,8.68787202382513,1.9672131147541));
#6445=CARTESIAN_POINT('',(23.1556660260133,8.75967261906335,1.9672131147541));
#6446=CARTESIAN_POINT('',(23.167578198748,8.83147321430158,1.9672131147541));
#6447=CARTESIAN_POINT('',(23.1794903714827,8.9032738095398,1.9672131147541));
#6448=CARTESIAN_POINT('',(23.1914025442173,8.97507440477803,1.9672131147541));
#6449=CARTESIAN_POINT('',(23.203314716952,9.04687500001625,1.9672131147541));
#6450=CARTESIAN_POINT('',(23.2152268896867,9.11867559525447,1.9672131147541));
#6451=CARTESIAN_POINT('',(23.2271390624214,9.1904761904927,1.9672131147541));
#6452=EDGE_CURVE('Edge_156',#6431,#6433,#6434,.T.);
#6453=CARTESIAN_POINT('',(22.8459495349113,6.89285714286953,1.9672131147541));
#6454=VERTEX_POINT('',#6453);
#6455=CARTESIAN_POINT('',(23.0365442986664,8.04166666668111,1.9672131147541));
#6456=VERTEX_POINT('',#6455);
#6457=B_SPLINE_CURVE_WITH_KNOTS('Curve_157',1,(#6458, #6459, #6460, #6461, #6462, #6463, #6464, #6465, #6466, #6467, #6468, #6469, #6470, #6471, #6472, #6473, #6474),.POLYLINE_FORM.,.F.,.F.,(2,1,1,1,1,1,1,1,1,1,1,1,1,1,1,1,2),(0.,1.,2.,3.,4.,5.,6.,7.,8.,9.,10.,11.,12.,13.,14.,15.,16.),.UNIFORM_KNOTS.);
#6458=CARTESIAN_POINT('',(22.8459495349113,6.89285714286953,1.9672131147541));
#6459=CARTESIAN_POINT('',(22.857861707646,6.96465773810775,1.9672131147541));
#6460=CARTESIAN_POINT('',(22.8697738803807,7.03645833334598,1.9672131147541));
#6461=CARTESIAN_POINT('',(22.8816860531154,7.1082589285842,1.9672131147541));
#6462=CARTESIAN_POINT('',(22.8935982258501,7.18005952382242,1.9672131147541));
#6463=CARTESIAN_POINT('',(22.9055103985848,7.25186011906065,1.9672131147541));
#6464=CARTESIAN_POINT('',(22.9174225713194,7.32366071429887,1.9672131147541));
#6465=CARTESIAN_POINT('',(22.9293347440541,7.3954613095371,1.9672131147541));
#6466=CARTESIAN_POINT('',(22.9412469167888,7.46726190477532,1.9672131147541));
#6467=CARTESIAN_POINT('',(22.9531590895235,7.53906250001354,1.9672131147541));
#6468=CARTESIAN_POINT('',(22.9650712622582,7.61086309525177,1.9672131147541));
#6469=CARTESIAN_POINT('',(22.9769834349929,7.68266369048999,1.9672131147541));
#6470=CARTESIAN_POINT('',(22.9888956077276,7.75446428572822,1.9672131147541));
#6471=CARTESIAN_POINT('',(23.0008077804623,7.82626488096644,1.9672131147541));
#6472=CARTESIAN_POINT('',(23.012719953197,7.89806547620466,1.9672131147541));
#6473=CARTESIAN_POINT('',(23.0246321259317,7.96986607144289,1.9672131147541));
#6474=CARTESIAN_POINT('',(23.0365442986664,8.04166666668111,1.9672131147541));
#6475=EDGE_CURVE('Edge_157',#6454,#6456,#6457,.T.);
#6476=CARTESIAN_POINT('',(22.6553547711562,5.74404761905794,1.9672131147541));
#6477=VERTEX_POINT('',#6476);
#6478=CARTESIAN_POINT('',(22.8459495349113,6.89285714286953,1.9672131147541));
#6479=VERTEX_POINT('',#6478);
#6480=B_SPLINE_CURVE_WITH_KNOTS('Curve_158',1,(#6481, #6482, #6483, #6484, #6485, #6486, #6487, #6488, #6489, #6490, #6491, #6492, #6493, #6494, #6495, #6496, #6497),.POLYLINE_FORM.,.F.,.F.,(2,1,1,1,1,1,1,1,1,1,1,1,1,1,1,1,2),(0.,1.,2.,3.,4.,5.,6.,7.,8.,9.,10.,11.,12.,13.,14.,15.,16.),.UNIFORM_KNOTS.);
#6481=CARTESIAN_POINT('',(22.6553547711562,5.74404761905794,1.9672131147541));
#6482=CARTESIAN_POINT('',(22.6553547711562,5.74404761905794,1.9672131147541));
#6483=CARTESIAN_POINT('',(22.6553547711562,5.74404761905794,1.9672131147541));
#6484=CARTESIAN_POINT('',(22.6553547711562,5.74404761905794,1.9672131147541));
#6485=CARTESIAN_POINT('',(22.6553547711562,5.74404761905794,1.9672131147541));
#6486=CARTESIAN_POINT('',(22.6553547711562,5.74404761905794,1.9672131147541));
#6487=CARTESIAN_POINT('',(22.6553547711562,5.74404761905794,1.9672131147541));
#6488=CARTESIAN_POINT('',(22.6553547711562,5.74404761905794,1.9672131147541));
#6489=CARTESIAN_POINT('',(22.6553547711562,5.74404761905794,1.9672131147541));
#6490=CARTESIAN_POINT('',(22.6791791166256,5.88764880953438,1.9672131147541));
#6491=CARTESIAN_POINT('',(22.703003462095,6.03125000001083,1.9672131147541));
#6492=CARTESIAN_POINT('',(22.7268278075644,6.17485119048728,1.9672131147541));
#6493=CARTESIAN_POINT('',(22.7506521530338,6.31845238096373,1.9672131147541));
#6494=CARTESIAN_POINT('',(22.7744764985032,6.46205357144018,1.9672131147541));
#6495=CARTESIAN_POINT('',(22.7983008439725,6.60565476191663,1.9672131147541));
#6496=CARTESIAN_POINT('',(22.8221251894419,6.74925595239308,1.9672131147541));
#6497=CARTESIAN_POINT('',(22.8459495349113,6.89285714286953,1.9672131147541));
#6498=EDGE_CURVE('Edge_158',#6477,#6479,#6480,.T.);
#6499=CARTESIAN_POINT('',(22.4647600074012,4.59523809524635,1.9672131147541));
#6500=VERTEX_POINT('',#6499);
#6501=CARTESIAN_POINT('',(22.6553547711562,5.74404761905794,1.9672131147541));
#6502=VERTEX_POINT('',#6501);
#6503=B_SPLINE_CURVE_WITH_KNOTS('Curve_159',1,(#6504, #6505, #6506, #6507, #6508, #6509, #6510, #6511, #6512, #6513, #6514, #6515, #6516, #6517, #6518, #6519, #6520),.POLYLINE_FORM.,.F.,.F.,(2,1,1,1,1,1,1,1,1,1,1,1,1,1,1,1,2),(0.,1.,2.,3.,4.,5.,6.,7.,8.,9.,10.,11.,12.,13.,14.,15.,16.),.UNIFORM_KNOTS.);
#6504=CARTESIAN_POINT('',(22.4647600074012,4.59523809524635,1.9672131147541));
#6505=CARTESIAN_POINT('',(22.4766721801359,4.66703869048457,1.9672131147541));
#6506=CARTESIAN_POINT('',(22.4885843528706,4.7388392857228,1.9672131147541));
#6507=CARTESIAN_POINT('',(22.5004965256053,4.81063988096102,1.9672131147541));
#6508=CARTESIAN_POINT('',(22.5124086983399,4.88244047619924,1.9672131147541));
#6509=CARTESIAN_POINT('',(22.5243208710746,4.95424107143747,1.9672131147541));
#6510=CARTESIAN_POINT('',(22.5362330438093,5.02604166667569,1.9672131147541));
#6511=CARTESIAN_POINT('',(22.548145216544,5.09784226191392,1.9672131147541));
#6512=CARTESIAN_POINT('',(22.5600573892787,5.16964285715214,1.9672131147541));
#6513=CARTESIAN_POINT('',(22.5719695620134,5.24144345239037,1.9672131147541));
#6514=CARTESIAN_POINT('',(22.5838817347481,5.31324404762859,1.9672131147541));
#6515=CARTESIAN_POINT('',(22.5957939074828,5.38504464286682,1.9672131147541));
#6516=CARTESIAN_POINT('',(22.6077060802175,5.45684523810504,1.9672131147541));
#6517=CARTESIAN_POINT('',(22.6196182529522,5.52864583334326,1.9672131147541));
#6518=CARTESIAN_POINT('',(22.6315304256869,5.60044642858149,1.9672131147541));
#6519=CARTESIAN_POINT('',(22.6434425984216,5.67224702381971,1.9672131147541));
#6520=CARTESIAN_POINT('',(22.6553547711562,5.74404761905794,1.9672131147541));
#6521=EDGE_CURVE('Edge_159',#6500,#6502,#6503,.T.);
#6522=CARTESIAN_POINT('',(22.2741652436461,3.44642857143476,1.9672131147541));
#6523=VERTEX_POINT('',#6522);
#6524=CARTESIAN_POINT('',(22.4647600074012,4.59523809524635,1.9672131147541));
#6525=VERTEX_POINT('',#6524);
#6526=B_SPLINE_CURVE_WITH_KNOTS('Curve_160',1,(#6527, #6528, #6529, #6530, #6531, #6532, #6533, #6534, #6535, #6536, #6537, #6538, #6539, #6540, #6541, #6542, #6543),.POLYLINE_FORM.,.F.,.F.,(2,1,1,1,1,1,1,1,1,1,1,1,1,1,1,1,2),(0.,1.,2.,3.,4.,5.,6.,7.,8.,9.,10.,11.,12.,13.,14.,15.,16.),.UNIFORM_KNOTS.);
#6527=CARTESIAN_POINT('',(22.2741652436461,3.44642857143476,1.9672131147541));
#6528=CARTESIAN_POINT('',(22.2860774163808,3.51822916667299,1.9672131147541));
#6529=CARTESIAN_POINT('',(22.2979895891155,3.59002976191121,1.9672131147541));
#6530=CARTESIAN_POINT('',(22.3099017618502,3.66183035714944,1.9672131147541));
#6531=CARTESIAN_POINT('',(22.3218139345849,3.73363095238766,1.9672131147541));
#6532=CARTESIAN_POINT('',(22.3337261073196,3.80543154762588,1.9672131147541));
#6533=CARTESIAN_POINT('',(22.3456382800543,3.87723214286411,1.9672131147541));
#6534=CARTESIAN_POINT('',(22.357550452789,3.94903273810233,1.9672131147541));
#6535=CARTESIAN_POINT('',(22.3694626255237,4.02083333334056,1.9672131147541));
#6536=CARTESIAN_POINT('',(22.3813747982583,4.09263392857878,1.9672131147541));
#6537=CARTESIAN_POINT('',(22.393286970993,4.164434523817,1.9672131147541));
#6538=CARTESIAN_POINT('',(22.4051991437277,4.23623511905523,1.9672131147541));
#6539=CARTESIAN_POINT('',(22.4171113164624,4.30803571429345,1.9672131147541));
#6540=CARTESIAN_POINT('',(22.4290234891971,4.37983630953168,1.9672131147541));
#6541=CARTESIAN_POINT('',(22.4409356619318,4.4516369047699,1.9672131147541));
#6542=CARTESIAN_POINT('',(22.4528478346665,4.52343750000813,1.9672131147541));
#6543=CARTESIAN_POINT('',(22.4647600074012,4.59523809524635,1.9672131147541));
#6544=EDGE_CURVE('Edge_160',#6523,#6525,#6526,.T.);
#6545=CARTESIAN_POINT('',(22.0835704798911,2.29761904762317,1.9672131147541));
#6546=VERTEX_POINT('',#6545);
#6547=CARTESIAN_POINT('',(22.2741652436461,3.44642857143476,1.9672131147541));
#6548=VERTEX_POINT('',#6547);
#6549=B_SPLINE_CURVE_WITH_KNOTS('Curve_161',1,(#6550, #6551, #6552, #6553, #6554, #6555, #6556, #6557, #6558, #6559, #6560, #6561, #6562, #6563, #6564, #6565, #6566),.POLYLINE_FORM.,.F.,.F.,(2,1,1,1,1,1,1,1,1,1,1,1,1,1,1,1,2),(0.,1.,2.,3.,4.,5.,6.,7.,8.,9.,10.,11.,12.,13.,14.,15.,16.),.UNIFORM_KNOTS.);
#6550=CARTESIAN_POINT('',(22.0835704798911,2.29761904762317,1.9672131147541));
#6551=CARTESIAN_POINT('',(22.0954826526258,2.3694196428614,1.9672131147541));
#6552=CARTESIAN_POINT('',(22.1073948253604,2.44122023809962,1.9672131147541));
#6553=CARTESIAN_POINT('',(22.1193069980951,2.51302083333785,1.9672131147541));
#6554=CARTESIAN_POINT('',(22.1312191708298,2.58482142857607,1.9672131147541));
#6555=CARTESIAN_POINT('',(22.1431313435645,2.6566220238143,1.9672131147541));
#6556=CARTESIAN_POINT('',(22.1550435162992,2.72842261905252,1.9672131147541));
#6557=CARTESIAN_POINT('',(22.1669556890339,2.80022321429074,1.9672131147541));
#6558=CARTESIAN_POINT('',(22.1788678617686,2.87202380952897,1.9672131147541));
#6559=CARTESIAN_POINT('',(22.1907800345033,2.94382440476719,1.9672131147541));
#6560=CARTESIAN_POINT('',(22.202692207238,3.01562500000542,1.9672131147541));
#6561=CARTESIAN_POINT('',(22.2146043799727,3.08742559524364,1.9672131147541));
#6562=CARTESIAN_POINT('',(22.2265165527074,3.15922619048186,1.9672131147541));
#6563=CARTESIAN_POINT('',(22.238428725442,3.23102678572009,1.9672131147541));
#6564=CARTESIAN_POINT('',(22.2503408981767,3.30282738095831,1.9672131147541));
#6565=CARTESIAN_POINT('',(22.2622530709114,3.37462797619654,1.9672131147541));
#6566=CARTESIAN_POINT('',(22.2741652436461,3.44642857143476,1.9672131147541));
#6567=EDGE_CURVE('Edge_161',#6546,#6548,#6549,.T.);
#6568=CARTESIAN_POINT('',(21.892975716136,1.14880952381159,1.9672131147541));
#6569=VERTEX_POINT('',#6568);
#6570=CARTESIAN_POINT('',(22.0835704798911,2.29761904762317,1.9672131147541));
#6571=VERTEX_POINT('',#6570);
#6572=B_SPLINE_CURVE_WITH_KNOTS('Curve_162',1,(#6573, #6574, #6575, #6576, #6577, #6578, #6579, #6580, #6581, #6582, #6583, #6584, #6585, #6586, #6587, #6588, #6589),.POLYLINE_FORM.,.F.,.F.,(2,1,1,1,1,1,1,1,1,1,1,1,1,1,1,1,2),(0.,1.,2.,3.,4.,5.,6.,7.,8.,9.,10.,11.,12.,13.,14.,15.,16.),.UNIFORM_KNOTS.);
#6573=CARTESIAN_POINT('',(21.892975716136,1.14880952381159,1.9672131147541));
#6574=CARTESIAN_POINT('',(21.9048878888707,1.22061011904981,1.9672131147541));
#6575=CARTESIAN_POINT('',(21.9168000616054,1.29241071428804,1.9672131147541));
#6576=CARTESIAN_POINT('',(21.9287122343401,1.36421130952626,1.9672131147541));
#6577=CARTESIAN_POINT('',(21.9406244070748,1.43601190476448,1.9672131147541));
#6578=CARTESIAN_POINT('',(21.9525365798095,1.50781250000271,1.9672131147541));
#6579=CARTESIAN_POINT('',(21.9644487525442,1.57961309524093,1.9672131147541));
#6580=CARTESIAN_POINT('',(21.9763609252788,1.65141369047916,1.9672131147541));
#6581=CARTESIAN_POINT('',(21.9882730980135,1.72321428571738,1.9672131147541));
#6582=CARTESIAN_POINT('',(22.0001852707482,1.79501488095561,1.9672131147541));
#6583=CARTESIAN_POINT('',(22.0120974434829,1.86681547619383,1.9672131147541));
#6584=CARTESIAN_POINT('',(22.0240096162176,1.93861607143205,1.9672131147541));
#6585=CARTESIAN_POINT('',(22.0359217889523,2.01041666667028,1.9672131147541));
#6586=CARTESIAN_POINT('',(22.047833961687,2.0822172619085,1.9672131147541));
#6587=CARTESIAN_POINT('',(22.0597461344217,2.15401785714673,1.9672131147541));
#6588=CARTESIAN_POINT('',(22.0716583071564,2.22581845238495,1.9672131147541));
#6589=CARTESIAN_POINT('',(22.0835704798911,2.29761904762317,1.9672131147541));
#6590=EDGE_CURVE('Edge_162',#6569,#6571,#6572,.T.);
#6591=PLANE('Plane_YVPPGUYUKL, Wing2_Struct2_Skin, 0, 0',#6595);
#6592=CARTESIAN_POINT('',(18.0613045118186,0.,1.84406162717993));
#6593=DIRECTION('',(0.,1.,0.));
#6594=DIRECTION('',(0.0639793776395294,0.,-0.997951220870469));
#6595=AXIS2_PLACEMENT_3D('',#6592,#6593,#6594);
#6596=ORIENTED_EDGE('',*,*,#713,.T.);
#6597=ORIENTED_EDGE('',*,*,#596,.T.);
#6598=EDGE_LOOP('',(#6596, #6597));
#6599=FACE_OUTER_BOUND('',#6598,.T.);
#6600=ADVANCED_FACE('',(#6599),#6591,.T.);
#6601=PLANE('Plane_YVPPGUYUKL, Wing2_Struct2_Skin, 0, 1',#6605);
#6602=CARTESIAN_POINT('',(18.0371173050254,0.,2.22133401461661));
#6603=DIRECTION('',(-0.,1.,-0.));
#6604=DIRECTION('',(-0.0639793776395293,0.,0.997951220870469));
#6605=AXIS2_PLACEMENT_3D('',#6602,#6603,#6604);
#6606=ORIENTED_EDGE('',*,*,#596,.F.);
#6607=ORIENTED_EDGE('',*,*,#539,.T.);
#6608=EDGE_LOOP('',(#6606, #6607));
#6609=FACE_OUTER_BOUND('',#6608,.T.);
#6610=ADVANCED_FACE('',(#6609),#6601,.T.);
#6611=B_SPLINE_SURFACE_WITH_KNOTS('Surf_YVPPGUYUKL, Wing2_Struct2_Skin, 0, 2',1,3,((#6612, #6613, #6614, #6615, #6616, #6617, #6618, #6619, #6620, #6621, #6622, #6623, #6624, #6625, #6626, #6627, #6628, #6629, #6630, #6631, #6632, #6633, #6634, #6635, #6636, #6637, #6638, #6639, #6640, #6641, #6642, #6643, #6644, #6645, #6646, #6647, #6648, #6649, #6650, #6651, #6652, #6653, #6654, #6655, #6656, #6657, #6658, #6659, #6660, #6661, #6662, #6663, #6664, #6665, #6666, #6667, #6668, #6669, #6670, #6671, #6672, #6673, #6674, #6675, #6676, #6677, #6678, #6679, #6680, #6681, #6682, #6683, #6684, #6685, #6686, #6687, #6688, #6689, #6690, #6691, #6692, #6693, #6694, #6695, #6696, #6697, #6698, #6699, #6700, #6701, #6702, #6703, #6704, #6705, #6706, #6707, #6708, #6709, #6710, #6711, #6712, #6713, #6714, #6715, #6716, #6717, #6718, #6719, #6720, #6721, #6722, #6723, #6724, #6725, #6726, #6727, #6728, #6729, #6730, #6731, #6732, #6733, #6734, #6735, #6736, #6737, #6738, #6739, #6740, #6741, #6742, #6743, #6744, #6745, #6746, #6747),(#6748, #6749, #6750, #6754, #6755, #6756, #6760, #6761, #6762, #6766, #6767, #6768, #6772, #6773, #6774, #6778, #6779, #6780, #6784, #6785, #6786, #6790, #6791, #6792, #6796, #6797, #6798, #6802, #6803, #6804, #6808, #6809, #6810, #6814, #6815, #6816, #6820, #6821, #6822, #6826, #6827, #6828, #6832, #6833, #6834, #6838, #6839, #6840, #6844, #6845, #6846, #6850, #6851, #6852, #6856, #6857, #6858, #6862, #6863, #6864, #6868, #6869, #6870, #6874, #6875, #6876, #6880, #6881, #6882, #6886, #6887, #6888, #6892, #6893, #6894, #6898, #6899, #6900, #6904, #6905, #6906, #6910, #6911, #6912, #6916, #6917, #6918, #6922, #6923, #6924, #6928, #6929, #6930, #6934, #6935, #6936, #6940, #6941, #6942, #6946, #6947, #6948, #6952, #6953, #6954, #6958, #6959, #6960, #6964, #6965, #6966, #6970, #6971, #6972, #6976, #6977, #6978, #6982, #6983, #6984, #6988, #6989, #6990, #6994, #6995, #6996, #7000, #7001, #7002, #7006, #7007, #7008, #7012, #7013, #7014, #7015),(#6751, #6752, #6753, #6757, #6758, #6759, #6763, #6764, #6765, #6769, #6770, #6771, #6775, #6776, #6777, #6781, #6782, #6783, #6787, #6788, #6789, #6793, #6794, #6795, #6799, #6800, #6801, #6805, #6806, #6807, #6811, #6812, #6813, #6817, #6818, #6819, #6823, #6824, #6825, #6829, #6830, #6831, #6835, #6836, #6837, #6841, #6842, #6843, #6847, #6848, #6849, #6853, #6854, #6855, #6859, #6860, #6861, #6865, #6866, #6867, #6871, #6872, #6873, #6877, #6878, #6879, #6883, #6884, #6885, #6889, #6890, #6891, #6895, #6896, #6897, #6901, #6902, #6903, #6907, #6908, #6909, #6913, #6914, #6915, #6919, #6920, #6921, #6925, #6926, #6927, #6931, #6932, #6933, #6937, #6938, #6939, #6943, #6944, #6945, #6949, #6950, #6951, #6955, #6956, #6957, #6961, #6962, #6963, #6967, #6968, #6969, #6973, #6974, #6975, #6979, #6980, #6981, #6985, #6986, #6987, #6991, #6992, #6993, #6997, #6998, #6999, #7003, #7004, #7005, #7009, #7010, #7011, #7016, #7017, #7018, #7019)),.UNSPECIFIED.,.F.,.F.,.F.,(2,1,2),(4,3,3,3,3,3,3,3,3,3,3,3,3,3,3,3,3,3,3,3,3,3,3,3,3,3,3,3,3,3,3,3,3,3,3,3,3,3,3,3,3,3,3,3,3,4),(0.,1.,2.),(0.,1.,2.,3.,4.,5.,6.,7.,8.,9.,10.,11.,12.,13.,14.,15.,16.,17.,18.,19.,20.,21.,22.,23.,24.,25.,26.,27.,28.,29.,30.,31.,32.,33.,34.,35.,36.,37.,38.,39.,40.,41.,42.,43.,44.,45.),.PIECEWISE_BEZIER_KNOTS.);
#6612=CARTESIAN_POINT('',(21.7023809523809,0.,1.9672131147541));
#6613=CARTESIAN_POINT('',(21.4009539768498,0.,1.93101452983518));
#6614=CARTESIAN_POINT('',(21.0992115764947,0.,1.89745343085527));
#6615=CARTESIAN_POINT('',(20.7972290012724,0.,1.86622614499141));
#6616=CARTESIAN_POINT('',(20.4952464260501,0.,1.83499885912756));
#6617=CARTESIAN_POINT('',(20.1930225998588,0.,1.80610231659814));
#6618=CARTESIAN_POINT('',(19.8905849137612,0.,1.77964226449146));
#6619=CARTESIAN_POINT('',(19.7393660707125,0.,1.76641223843813));
#6620=CARTESIAN_POINT('',(19.5880931647733,0.,1.75379795305258));
#6621=CARTESIAN_POINT('',(19.4367669308748,0.,1.74186018277546));
#6622=CARTESIAN_POINT('',(19.2854406969763,0.,1.72992241249835));
#6623=CARTESIAN_POINT('',(19.1340610739004,0.,1.71865654890771));
#6624=CARTESIAN_POINT('',(18.9826281273646,0.,1.70815792126891));
#6625=CARTESIAN_POINT('',(18.8311951808287,0.,1.6976592936301));
#6626=CARTESIAN_POINT('',(18.6797082862268,0.,1.68791657860198));
#6627=CARTESIAN_POINT('',(18.5281693240411,0.,1.67907831702171));
#6628=CARTESIAN_POINT('',(18.3766303618555,0.,1.67024005544144));
#6629=CARTESIAN_POINT('',(18.2250393320861,0.,1.66230624730901));
#6630=CARTESIAN_POINT('',(18.0733981152153,0.,1.6554254334616));
#6631=CARTESIAN_POINT('',(17.9975775067798,0.,1.65198502653789));
#6632=CARTESIAN_POINT('',(17.9217447322654,0.,1.64881790858612));
#6633=CARTESIAN_POINT('',(17.8459007760004,0.,1.64594793875224));
#6634=CARTESIAN_POINT('',(17.7700568197354,0.,1.64307796891836));
#6635=CARTESIAN_POINT('',(17.69420168172,0.,1.64050514720237));
#6636=CARTESIAN_POINT('',(17.6183363462826,0.,1.63825333275022));
#6637=CARTESIAN_POINT('',(17.5424710108452,0.,1.63600151829806));
#6638=CARTESIAN_POINT('',(17.4665957523809,0.,1.63408006454685));
#6639=CARTESIAN_POINT('',(17.3907132324478,0.,1.63252615626575));
#6640=CARTESIAN_POINT('',(17.3148307125148,0.,1.63097224798465));
#6641=CARTESIAN_POINT('',(17.238940931113,0.,1.62978588517366));
#6642=CARTESIAN_POINT('',(17.1630465498005,0.,1.62900425260195));
#6643=CARTESIAN_POINT('',(17.0112577871757,0.,1.62744098745854));
#6644=CARTESIAN_POINT('',(16.8594494087393,0.,1.62749942293484));
#6645=CARTESIAN_POINT('',(16.7076676808161,0.,1.6296305498928));
#6646=CARTESIAN_POINT('',(16.6317768168545,0.,1.63069611337177));
#6647=CARTESIAN_POINT('',(16.5558911002246,0.,1.63227065893155));
#6648=CARTESIAN_POINT('',(16.4800231959882,0.,1.6344427984275));
#6649=CARTESIAN_POINT('',(16.4420892438699,0.,1.63552886817548));
#6650=CARTESIAN_POINT('',(16.4041597448501,0.,1.6367643364075));
#6651=CARTESIAN_POINT('',(16.3662362820613,0.,1.63816027960549));
#6652=CARTESIAN_POINT('',(16.3283128192725,0.,1.63955622280348));
#6653=CARTESIAN_POINT('',(16.2903953927147,0.,1.64111264096744));
#6654=CARTESIAN_POINT('',(16.2524855855208,0.,1.64284061057929));
#6655=CARTESIAN_POINT('',(16.2145757783269,0.,1.64456858019114));
#6656=CARTESIAN_POINT('',(16.176673743247,0.,1.64646711124594));
#6657=CARTESIAN_POINT('',(16.1387819809186,0.,1.64855303255184));
#6658=CARTESIAN_POINT('',(16.1008902185902,0.,1.65063895385774));
#6659=CARTESIAN_POINT('',(16.0630087290134,0.,1.65291226541475));
#6660=CARTESIAN_POINT('',(16.0251400128256,0.,1.65538979603101));
#6661=CARTESIAN_POINT('',(15.9872712966378,0.,1.65786732664728));
#6662=CARTESIAN_POINT('',(15.9494151747966,0.,1.66053510488408));
#6663=CARTESIAN_POINT('',(15.9115754450735,0.,1.66341186752069));
#6664=CARTESIAN_POINT('',(15.892655580212,0.,1.66485024883899));
#6665=CARTESIAN_POINT('',(15.8737393529894,0.,1.66634135042274));
#6666=CARTESIAN_POINT('',(15.8548267329056,0.,1.66787672340862));
#6667=CARTESIAN_POINT('',(15.8359141128219,0.,1.6694120963945));
#6668=CARTESIAN_POINT('',(15.817005099877,0.,1.67099174078252));
#6669=CARTESIAN_POINT('',(15.7980996635712,0.,1.67260720770934));
#6670=CARTESIAN_POINT('',(15.7791942272653,0.,1.67422267463617));
#6671=CARTESIAN_POINT('',(15.7602925223911,0.,1.67588571664786));
#6672=CARTESIAN_POINT('',(15.7413943528291,0.,1.67758854137117));
#6673=CARTESIAN_POINT('',(15.7224961832671,0.,1.67929136609449));
#6674=CARTESIAN_POINT('',(15.7036015490173,0.,1.68103397352942));
#6675=CARTESIAN_POINT('',(15.6847102539603,0.,1.68280857130274));
#6676=CARTESIAN_POINT('',(15.6658189589033,0.,1.68458316907606));
#6677=CARTESIAN_POINT('',(15.6469311747671,0.,1.68639691152499));
#6678=CARTESIAN_POINT('',(15.6280468092084,0.,1.68824563829366));
#6679=CARTESIAN_POINT('',(15.6091624436497,0.,1.69009436506232));
#6680=CARTESIAN_POINT('',(15.5902814966685,0.,1.69197807615072));
#6681=CARTESIAN_POINT('',(15.5714038759214,0.,1.69389261120295));
#6682=CARTESIAN_POINT('',(15.5525262551744,0.,1.69580714625519));
#6683=CARTESIAN_POINT('',(15.5336519243846,0.,1.69775458571135));
#6684=CARTESIAN_POINT('',(15.514781001715,0.,1.6997348310654));
#6685=CARTESIAN_POINT('',(15.4959100790453,0.,1.70171507641946));
#6686=CARTESIAN_POINT('',(15.4770425644958,0.,1.7037281276714));
#6687=CARTESIAN_POINT('',(15.4581785762292,0.,1.7057738863152));
#6688=CARTESIAN_POINT('',(15.4204505996961,0.,1.70986540360278));
#6689=CARTESIAN_POINT('',(15.3827367282948,0.,1.71408775045777));
#6690=CARTESIAN_POINT('',(15.3450379073279,0.,1.71844013883183));
#6691=CARTESIAN_POINT('',(15.3261884968445,0.,1.72061633301887));
#6692=CARTESIAN_POINT('',(15.3073428163767,0.,1.72282542507185));
#6693=CARTESIAN_POINT('',(15.2885017707564,0.,1.72507314854248));
#6694=CARTESIAN_POINT('',(15.2696607251361,0.,1.7273208720131));
#6695=CARTESIAN_POINT('',(15.2508243143633,0.,1.72960722690136));
#6696=CARTESIAN_POINT('',(15.2319934432698,0.,1.73193794675894));
#6697=CARTESIAN_POINT('',(15.1943317010829,0.,1.73659938647409));
#6698=CARTESIAN_POINT('',(15.1566921176135,0.,1.7414382860665));
#6699=CARTESIAN_POINT('',(15.1190819315165,0.,1.74650051394963));
#6700=CARTESIAN_POINT('',(15.0814717454195,0.,1.75156274183275));
#6701=CARTESIAN_POINT('',(15.0438957787335,0.,1.75687800253615));
#6702=CARTESIAN_POINT('',(15.0063723727328,0.,1.76254894274617));
#6703=CARTESIAN_POINT('',(14.9876106697324,0.,1.76538441285119));
#6704=CARTESIAN_POINT('',(14.9688647214947,0.,1.76832245398511));
#6705=CARTESIAN_POINT('',(14.9501373419023,0.,1.77137624658458));
#6706=CARTESIAN_POINT('',(14.9314099623098,0.,1.77443003918405));
#6707=CARTESIAN_POINT('',(14.9127021017496,0.,1.77760596736083));
#6708=CARTESIAN_POINT('',(14.894025200304,0.,1.7809521600842));
#6709=CARTESIAN_POINT('',(14.8753482988584,0.,1.78429835280757));
#6710=CARTESIAN_POINT('',(14.8566959698329,0.,1.78779352454362));
#6711=CARTESIAN_POINT('',(14.8380890462849,0.,1.79151185641906));
#6712=CARTESIAN_POINT('',(14.8194821227369,0.,1.79523018829451));
#6713=CARTESIAN_POINT('',(14.8009206046664,0.,1.79917168030934));
#6714=CARTESIAN_POINT('',(14.7824253251309,0.,1.80341051359026));
#6715=CARTESIAN_POINT('',(14.7639300455953,0.,1.80764934687118));
#6716=CARTESIAN_POINT('',(14.7455026028437,0.,1.81218782125451));
#6717=CARTESIAN_POINT('',(14.7271883441746,0.,1.81715265639751));
#6718=CARTESIAN_POINT('',(14.7180312148401,0.,1.81963507396902));
#6719=CARTESIAN_POINT('',(14.7089017747461,0.,1.82222350834388));
#6720=CARTESIAN_POINT('',(14.6998130915846,0.,1.8249458973512));
#6721=CARTESIAN_POINT('',(14.6907244084232,0.,1.82766828635853));
#6722=CARTESIAN_POINT('',(14.6816764821943,0.,1.83052462999831));
#6723=CARTESIAN_POINT('',(14.6726823805901,0.,1.83354286609964));
#6724=CARTESIAN_POINT('',(14.6546941773815,0.,1.83957933830231));
#6725=CARTESIAN_POINT('',(14.6369063263149,0.,1.84624358497132));
#6726=CARTESIAN_POINT('',(14.619544020275,0.,1.8539022096631));
#6727=CARTESIAN_POINT('',(14.6108628672551,0.,1.857731522009));
#6728=CARTESIAN_POINT('',(14.6022955110831,0.,1.86181852372172));
#6729=CARTESIAN_POINT('',(14.5938923822383,0.,1.86622431484433));
#6730=CARTESIAN_POINT('',(14.5854892533935,0.,1.87063010596694));
#6731=CARTESIAN_POINT('',(14.5772573288554,0.,1.87536389950539));
#6732=CARTESIAN_POINT('',(14.5692833727404,0.,1.88050673922278));
#6733=CARTESIAN_POINT('',(14.5613094166253,0.,1.88564957894017));
#6734=CARTESIAN_POINT('',(14.5535997272648,0.,1.89121028416708));
#6735=CARTESIAN_POINT('',(14.5463188283995,0.,1.8972924558545));
#6736=CARTESIAN_POINT('',(14.5390379295343,0.,1.90337462754191));
#6737=CARTESIAN_POINT('',(14.532177756839,0.,1.90998093338797));
#6738=CARTESIAN_POINT('',(14.5260168959183,0.,1.91719455145486));
#6739=CARTESIAN_POINT('',(14.5198560349976,0.,1.92440816952175));
#6740=CARTESIAN_POINT('',(14.5143891679959,0.,1.93223726547324));
#6741=CARTESIAN_POINT('',(14.5099594742574,0.,1.94062559361987));
#6742=CARTESIAN_POINT('',(14.5077446273882,0.,1.94481975769318));
#6743=CARTESIAN_POINT('',(14.5057852991889,0.,1.94915335530641));
#6744=CARTESIAN_POINT('',(14.5041179449398,0.,1.95359405075388));
#6745=CARTESIAN_POINT('',(14.5024505906907,0.,1.95803474620135));
#6746=CARTESIAN_POINT('',(14.5010730286339,0.,1.96255985519502));
#6747=CARTESIAN_POINT('',(14.5,0.,1.9672131147541));
#6748=CARTESIAN_POINT('',(23.6083285899315,11.4880952381159,1.9672131147541));
#6749=CARTESIAN_POINT('',(23.4827755356607,11.4880952381159,1.95213535706886));
#6750=CARTESIAN_POINT('',(23.3570910978268,11.4880952381159,1.93815618856814));
#6751=CARTESIAN_POINT('',(24.7567719738703,16.8452380953302,1.9672131147541));
#6752=CARTESIAN_POINT('',(24.7021847095341,16.8452380953302,1.96083050285717));
#6753=CARTESIAN_POINT('',(24.6475497199921,16.8452380953302,1.95485758263004));
#6754=CARTESIAN_POINT('',(23.2313066202136,11.4880952381159,1.92514912073724));
#6755=CARTESIAN_POINT('',(23.1055221426003,11.4880952381159,1.91214205290635));
#6756=CARTESIAN_POINT('',(22.9796371769802,11.4880952381159,1.90010580709244));
#6757=CARTESIAN_POINT('',(24.5928777640157,16.8452380953302,1.94924634906004));
#6758=CARTESIAN_POINT('',(24.5382058080392,16.8452380953302,1.94363511549004));
#6759=CARTESIAN_POINT('',(24.483496750839,16.8452380953302,1.93838516253134));
#6760=CARTESIAN_POINT('',(22.853663132523,11.4880952381159,1.8890844300166));
#6761=CARTESIAN_POINT('',(22.7906761102944,11.4880952381159,1.88357374147869));
#6762=CARTESIAN_POINT('',(22.7276665693082,11.4880952381159,1.87831952673958));
#6763=CARTESIAN_POINT('',(24.4287539876977,16.8452380953302,1.93351269015798));
#6764=CARTESIAN_POINT('',(24.401382606127,16.8452380953302,1.93107645397129));
#6765=CARTESIAN_POINT('',(24.3740027439373,16.8452380953302,1.92873466680988));
#6766=CARTESIAN_POINT('',(22.6646348156843,11.4880952381159,1.87334710011176));
#6767=CARTESIAN_POINT('',(22.6016030620605,11.4880952381159,1.86837467348393));
#6768=CARTESIAN_POINT('',(22.5385490703,11.4880952381159,1.86368211542635));
#6769=CARTESIAN_POINT('',(24.3466142830806,16.8452380953302,1.92649872316673));
#6770=CARTESIAN_POINT('',(24.319225822224,16.8452380953302,1.92426277952358));
#6771=CARTESIAN_POINT('',(24.2918287627005,16.8452380953302,1.92213267939869));
#6772=CARTESIAN_POINT('',(22.4754728677759,11.4880952381159,1.85930913333547));
#6773=CARTESIAN_POINT('',(22.4123966652519,11.4880952381159,1.8549361512446));
#6774=CARTESIAN_POINT('',(22.3492979917979,11.4880952381159,1.85087802862132));
#6775=CARTESIAN_POINT('',(24.2644229864622,16.8452380953302,1.92011981728503));
#6776=CARTESIAN_POINT('',(24.237017210224,16.8452380953302,1.91810695517137));
#6777=CARTESIAN_POINT('',(24.2096026080846,16.8452380953302,1.91621163069646));
#6778=CARTESIAN_POINT('',(22.2861776306892,11.4880952381159,1.84719663702094));
#6779=CARTESIAN_POINT('',(22.2230572695804,11.4880952381159,1.84351524542056));
#6780=CARTESIAN_POINT('',(22.159915220817,11.4880952381159,1.84021058484309));
#6781=CARTESIAN_POINT('',(24.1821791097406,16.8452380953302,1.91445683903697));
#6782=CARTESIAN_POINT('',(24.1547556113967,16.8452380953302,1.91270204737747));
#6783=CARTESIAN_POINT('',(24.127323216848,16.8452380953302,1.9110877885334));
#6784=CARTESIAN_POINT('',(22.0967522676741,11.4880952381159,1.83734452684383));
#6785=CARTESIAN_POINT('',(22.0651707911026,11.4880952381159,1.83591149784421));
#6786=CARTESIAN_POINT('',(22.0335842470073,11.4880952381159,1.83459230160644));
#6787=CARTESIAN_POINT('',(24.0998818557912,16.8452380953302,1.90963705768143));
#6788=CARTESIAN_POINT('',(24.0861611752628,16.8452380953302,1.90891169225544));
#6789=CARTESIAN_POINT('',(24.0724382743435,16.8452380953302,1.90822866877155));
#6790=CARTESIAN_POINT('',(22.0019930453895,11.4880952381159,1.83339687615498));
#6791=CARTESIAN_POINT('',(21.9704018437717,11.4880952381159,1.83220145070351));
#6792=CARTESIAN_POINT('',(21.9388059846314,11.4880952381159,1.83112979603834));
#6793=CARTESIAN_POINT('',(24.0587132408932,16.8452380953302,1.90759188654745));
#6794=CARTESIAN_POINT('',(24.044988207443,16.8452380953302,1.90695510432334));
#6795=CARTESIAN_POINT('',(24.0312610414618,16.8452380953302,1.90636456335902));
#6796=CARTESIAN_POINT('',(21.9072058779699,11.4880952381159,1.83019185018389));
#6797=CARTESIAN_POINT('',(21.8756057713084,11.4880952381159,1.82925390432944));
#6798=CARTESIAN_POINT('',(21.8440015314191,11.4880952381159,1.82845356326282));
#6799=CARTESIAN_POINT('',(24.0175318308095,16.8452380953302,1.90582416297218));
#6800=CARTESIAN_POINT('',(24.0038026201573,16.8452380953302,1.90528376258533));
#6801=CARTESIAN_POINT('',(23.9900714034841,16.8452380953302,1.90479530870383));
#6802=CARTESIAN_POINT('',(21.8123942669181,11.4880952381159,1.82780631551598));
#6803=CARTESIAN_POINT('',(21.780787002417,11.4880952381159,1.82715906776914));
#6804=CARTESIAN_POINT('',(21.7491767133042,11.4880952381159,1.82666491334208));
#6805=CARTESIAN_POINT('',(23.9763383854244,16.8452380953302,1.9043630350452));
#6806=CARTESIAN_POINT('',(23.9626053673647,16.8452380953302,1.90393076138657));
#6807=CARTESIAN_POINT('',(23.9488704946726,16.8452380953302,1.90355479522288));
#6808=CARTESIAN_POINT('',(21.7175645081956,11.4880952381159,1.82633934076676));
#6809=CARTESIAN_POINT('',(21.6543400979783,11.4880952381159,1.82568819561611));
#6810=CARTESIAN_POINT('',(21.5911075172081,11.4880952381159,1.82571253568228));
#6811=CARTESIAN_POINT('',(23.9351342614771,16.8452380953302,1.9032436420509));
#6812=CARTESIAN_POINT('',(23.9076617950863,16.8452380953302,1.90262133570693));
#6813=CARTESIAN_POINT('',(23.8801831915869,16.8452380953302,1.90225024513917));
#6814=CARTESIAN_POINT('',(21.5278860371475,11.4880952381159,1.82660021170443));
#6815=CARTESIAN_POINT('',(21.4962752971172,11.4880952381159,1.82704404971551));
#6816=CARTESIAN_POINT('',(21.4646667010995,11.4880952381159,1.82769989348586));
#6817=CARTESIAN_POINT('',(23.8527034581904,16.8452380953302,1.90220033898895));
#6818=CARTESIAN_POINT('',(23.8389635914922,16.8452380953302,1.90217538591384));
#6819=CARTESIAN_POINT('',(23.8252236924242,16.8452380953302,1.90223280059394));
#6820=CARTESIAN_POINT('',(21.4330655244588,11.4880952381159,1.82860465241641));
#6821=CARTESIAN_POINT('',(21.4172649361385,11.4880952381159,1.82905703188168));
#6822=CARTESIAN_POINT('',(21.4014662026625,11.4880952381159,1.829571640137));
#6823=CARTESIAN_POINT('',(23.8114845434669,16.8452380953302,1.90238089916006));
#6824=CARTESIAN_POINT('',(23.8046149689882,16.8452380953302,1.90245494844312));
#6825=CARTESIAN_POINT('',(23.7977458726622,16.8452380953302,1.9025542448022));
#6826=CARTESIAN_POINT('',(21.3856699834513,11.4880952381159,1.83015309085749));
#6827=CARTESIAN_POINT('',(21.3698737642401,11.4880952381159,1.83073454157797));
#6828=CARTESIAN_POINT('',(21.3540800592937,11.4880952381159,1.83138283476362));
#6829=CARTESIAN_POINT('',(23.7908770166475,16.8452380953302,1.90267681954285));
#6830=CARTESIAN_POINT('',(23.7840081606329,16.8452380953302,1.90279939428349));
#6831=CARTESIAN_POINT('',(23.7771395986176,16.8452380953302,1.90294562458215));
#6832=CARTESIAN_POINT('',(21.3382895280328,11.4880952381159,1.83210258408955));
#6833=CARTESIAN_POINT('',(21.3224989967718,11.4880952381159,1.83282233341548));
#6834=CARTESIAN_POINT('',(21.3067117028212,11.4880952381159,1.83361312651599));
#6835=CARTESIAN_POINT('',(23.7702720248444,16.8452380953302,1.90312129025654));
#6836=CARTESIAN_POINT('',(23.7634044510713,16.8452380953302,1.90329695593094));
#6837=CARTESIAN_POINT('',(23.756537382113,16.8452380953302,1.90349852497744));
#6838=CARTESIAN_POINT('',(21.2909286877687,11.4880952381159,1.83448197307646));
#6839=CARTESIAN_POINT('',(21.2751456727162,11.4880952381159,1.83535081963694));
#6840=CARTESIAN_POINT('',(21.2593669365619,11.4880952381159,1.83629771965738));
#6841=CARTESIAN_POINT('',(23.7496712646398,16.8452380953302,1.90372902091821));
#6842=CARTESIAN_POINT('',(23.7428051471666,16.8452380953302,1.90395951685897));
#6843=CARTESIAN_POINT('',(23.7359399811785,16.8452380953302,1.90421893969399));
#6844=CARTESIAN_POINT('',(21.2435935208936,11.4880952381159,1.83732968282316));
#6845=CARTESIAN_POINT('',(21.2278201052253,11.4880952381159,1.83836164598894));
#6846=CARTESIAN_POINT('',(21.2120519354667,11.4880952381159,1.83947285279171));
#6847=CARTESIAN_POINT('',(23.7290762133458,16.8452380953302,1.90451031294543));
#6848=CARTESIAN_POINT('',(23.722212445513,16.8452380953302,1.90480168619687));
#6849=CARTESIAN_POINT('',(23.7153500758356,16.8452380953302,1.90512500986473));
#6850=CARTESIAN_POINT('',(21.1962905934994,11.4880952381159,1.840671107642));
#6851=CARTESIAN_POINT('',(21.1884099225157,11.4880952381159,1.84127023506714));
#6852=CARTESIAN_POINT('',(21.1805307667139,11.4880952381159,1.84189132200781));
#6853=CARTESIAN_POINT('',(23.7084895509838,16.8452380953302,1.90548330747115));
#6854=CARTESIAN_POINT('',(23.7050592885579,16.8452380953302,1.90566245627436));
#6855=CARTESIAN_POINT('',(23.7016294873384,16.8452380953302,1.90585034856222));
#6856=CARTESIAN_POINT('',(21.1726531133897,11.4880952381159,1.84253084926805));
#6857=CARTESIAN_POINT('',(21.1647754600656,11.4880952381159,1.84317037652828));
#6858=CARTESIAN_POINT('',(21.1568993092192,11.4880952381159,1.84382834410808));
#6859=CARTESIAN_POINT('',(23.6982002031591,16.8452380953302,1.90604736227498));
#6860=CARTESIAN_POINT('',(23.6947709189797,16.8452380953302,1.90624437598775));
#6861=CARTESIAN_POINT('',(23.6913421518406,16.8452380953302,1.90645051112542));
#6862=CARTESIAN_POINT('',(21.1490246481463,11.4880952381159,1.84450123281149));
#6863=CARTESIAN_POINT('',(21.1411499870735,11.4880952381159,1.8451741215149));
#6864=CARTESIAN_POINT('',(21.1332768802498,11.4880952381159,1.84586682661729));
#6865=CARTESIAN_POINT('',(23.6879139575754,16.8452380953302,1.90666614562828));
#6866=CARTESIAN_POINT('',(23.6844857633102,16.8452380953302,1.90688178013114));
#6867=CARTESIAN_POINT('',(23.6810581447307,16.8452380953302,1.90710687942126));
#6868=CARTESIAN_POINT('',(21.125405245986,11.4880952381159,1.84657610236981));
#6869=CARTESIAN_POINT('',(21.1175336117221,11.4880952381159,1.84728537812233));
#6870=CARTESIAN_POINT('',(21.1096634500181,11.4880952381159,1.84801122452498));
#6871=CARTESIAN_POINT('',(23.6776312212504,16.8452380953302,1.90734209208098));
#6872=CARTESIAN_POINT('',(23.6742042977702,16.8452380953302,1.90757730474071));
#6873=CARTESIAN_POINT('',(23.6707780693892,16.8452380953302,1.90782263077003));
#6874=CARTESIAN_POINT('',(21.1017946791844,11.4880952381159,1.84875039582891));
#6875=CARTESIAN_POINT('',(21.0939259083508,11.4880952381159,1.84948956713283));
#6876=CARTESIAN_POINT('',(21.0860585999172,11.4880952381159,1.85024504332644));
#6877=CARTESIAN_POINT('',(23.6673526555211,16.8452380953302,1.90807871875131));
#6878=CARTESIAN_POINT('',(23.6639272416529,16.8452380953302,1.90833480673258));
#6879=CARTESIAN_POINT('',(23.6605026422977,16.8452380953302,1.90860165666581));
#6880=CARTESIAN_POINT('',(21.07819271542,11.4880952381159,1.85101509150115));
#6881=CARTESIAN_POINT('',(21.0703268309228,11.4880952381159,1.85178513967587));
#6882=CARTESIAN_POINT('',(21.062462370362,11.4880952381159,1.8525697598317));
#6883=CARTESIAN_POINT('',(23.6570789768689,16.8452380953302,1.90887991713332));
#6884=CARTESIAN_POINT('',(23.6536553114402,16.8452380953302,1.90915817760083));
#6885=CARTESIAN_POINT('',(23.6502325799379,16.8452380953302,1.90944784860262));
#6886=CARTESIAN_POINT('',(21.054599295274,11.4880952381159,1.85336721906007));
#6887=CARTESIAN_POINT('',(21.046736220186,11.4880952381159,1.85416467828844));
#6888=CARTESIAN_POINT('',(21.0388745154603,11.4880952381159,1.85497584315282));
#6889=CARTESIAN_POINT('',(23.6468109017758,16.8452380953302,1.90974957872105));
#6890=CARTESIAN_POINT('',(23.6433892236136,16.8452380953302,1.91005130883949));
#6891=CARTESIAN_POINT('',(23.6399685689312,16.8452380953302,1.91036493790847));
#6892=CARTESIAN_POINT('',(21.0310142303153,11.4880952381159,1.85580067262261));
#6893=CARTESIAN_POINT('',(21.0231539451702,11.4880952381159,1.8566255020924));
#6894=CARTESIAN_POINT('',(21.0152950796058,11.4880952381159,1.85746399616759));
#6895=CARTESIAN_POINT('',(23.6365491402969,16.8452380953302,1.91069140328));
#6896=CARTESIAN_POINT('',(23.6331297116627,16.8452380953302,1.91101786865154));
#6897=CARTESIAN_POINT('',(23.6297115090766,16.8452380953302,1.91135717032563));
#6898=CARTESIAN_POINT('',(21.0074376828402,11.4880952381159,1.85831611381756));
#6899=CARTESIAN_POINT('',(20.9917228893091,11.4880952381159,1.86002034911752));
#6900=CARTESIAN_POINT('',(20.9760139709733,11.4880952381159,1.86177907871662));
#6901=CARTESIAN_POINT('',(23.6262947351071,16.8452380953302,1.91171024565428));
#6902=CARTESIAN_POINT('',(23.6194611871682,16.8452380953302,1.91241639631158));
#6903=CARTESIAN_POINT('',(23.6126333536956,16.8452380953302,1.91317764158712));
#6904=CARTESIAN_POINT('',(20.9603113215789,11.4880952381159,1.86359197436995));
#6905=CARTESIAN_POINT('',(20.9524599968816,11.4880952381159,1.86449842219661));
#6906=CARTESIAN_POINT('',(20.9446102258438,11.4880952381159,1.86541857293604));
#6907=CARTESIAN_POINT('',(23.6058128552368,16.8452380953302,1.91400148029695));
#6908=CARTESIAN_POINT('',(23.6024026060074,16.8452380953302,1.91441339965187));
#6909=CARTESIAN_POINT('',(23.5989946174965,16.8452380953302,1.91484263075734));
#6910=CARTESIAN_POINT('',(20.936762385354,11.4880952381159,1.86635481477835));
#6911=CARTESIAN_POINT('',(20.9289145448642,11.4880952381159,1.86729105662066));
#6912=CARTESIAN_POINT('',(20.9210686349225,11.4880952381159,1.86824338956585));
#6913=CARTESIAN_POINT('',(23.5955887337491,16.8452380953302,1.91528865152047));
#6914=CARTESIAN_POINT('',(23.5921828500016,16.8452380953302,1.9157346722836));
#6915=CARTESIAN_POINT('',(23.5887788542313,16.8452380953302,1.91619656796526));
#6916=CARTESIAN_POINT('',(20.9132250324175,11.4880952381159,1.86921420180405));
#6917=CARTESIAN_POINT('',(20.8975378274074,11.4880952381159,1.87115582628044));
#6918=CARTESIAN_POINT('',(20.8818598521441,11.4880952381159,1.87317136792885));
#6919=CARTESIAN_POINT('',(23.5853780179462,16.8452380953302,1.91667929875016));
#6920=CARTESIAN_POINT('',(23.5785763453758,16.8452380953302,1.91764476031996));
#6921=CARTESIAN_POINT('',(23.5717853278232,16.8452380953302,1.91868608360118));
#6922=CARTESIAN_POINT('',(20.8661941217368,11.4880952381159,1.87527993227025));
#6923=CARTESIAN_POINT('',(20.8505283913294,11.4880952381159,1.87738849661165));
#6924=CARTESIAN_POINT('',(20.8348769142965,11.4880952381159,1.87960245644183));
#6925=CARTESIAN_POINT('',(23.5650092162487,16.8452380953302,1.91981872672747));
#6926=CARTESIAN_POINT('',(23.5582331046742,16.8452380953302,1.92095136985375));
#6927=CARTESIAN_POINT('',(23.5514734578394,16.8452380953302,1.92218059634323));
#6928=CARTESIAN_POINT('',(20.8192473303095,11.4880952381159,1.88196456707477));
#6929=CARTESIAN_POINT('',(20.8114325383159,11.4880952381159,1.88314562239123));
#6930=CARTESIAN_POINT('',(20.8036243086368,11.4880952381159,1.88436940150817));
#6931=CARTESIAN_POINT('',(23.5447364063785,16.8452380953302,1.92352622330952));
#6932=CARTESIAN_POINT('',(23.5413678806481,16.8452380953302,1.92419903679266));
#6933=CARTESIAN_POINT('',(23.5380053967993,16.8452380953302,1.92490220565413));
#6934=CARTESIAN_POINT('',(20.7958238133355,11.4880952381159,1.8856413944587));
#6935=CARTESIAN_POINT('',(20.7880233180341,11.4880952381159,1.88691338740922));
#6936=CARTESIAN_POINT('',(20.7802309529743,11.4880952381159,1.88823625336054));
#6937=CARTESIAN_POINT('',(23.5346507354152,16.8452380953302,1.92564066645726));
#6938=CARTESIAN_POINT('',(23.5312960740311,16.8452380953302,1.92637912726039));
#6939=CARTESIAN_POINT('',(23.5279492351116,16.8452380953302,1.92715288000517));
#6940=CARTESIAN_POINT('',(20.7724514832813,11.4880952381159,1.88963003942052));
#6941=CARTESIAN_POINT('',(20.7646720135882,11.4880952381159,1.8910238254805));
#6942=CARTESIAN_POINT('',(20.7569027790189,11.4880952381159,1.89247966560858));
#6943=CARTESIAN_POINT('',(23.5246119992397,16.8452380953302,1.92796686125495));
#6944=CARTESIAN_POINT('',(23.5212747633679,16.8452380953302,1.92878084250472));
#6945=CARTESIAN_POINT('',(23.517947432947,16.8452380953302,1.92963598103044));
#6946=CARTESIAN_POINT('',(20.7491524571444,11.4880952381159,1.89402845838975));
#6947=CARTESIAN_POINT('',(20.7414021352699,11.4880952381159,1.89557725117093));
#6948=CARTESIAN_POINT('',(20.7336707260901,11.4880952381159,1.89721899660521));
#6949=CARTESIAN_POINT('',(23.5146346421663,16.8452380953302,1.93054326787493));
#6950=CARTESIAN_POINT('',(23.5113218513855,16.8452380953302,1.93145055471942));
#6951=CARTESIAN_POINT('',(23.5080214886977,16.8452380953302,1.93240521622545));
#6952=CARTESIAN_POINT('',(20.7259669071761,11.4880952381159,1.89898459327759));
#6953=CARTESIAN_POINT('',(20.7182630882621,11.4880952381159,1.90075018994997));
#6954=CARTESIAN_POINT('',(20.7105875253309,11.4880952381159,1.90264059580882));
#6955=CARTESIAN_POINT('',(23.5047406035902,16.8452380953302,1.93342292902299));
#6956=CARTESIAN_POINT('',(23.5014597184826,16.8452380953302,1.93444064182054));
#6957=CARTESIAN_POINT('',(23.4981989763953,16.8452380953302,1.93552281649016));
#6958=CARTESIAN_POINT('',(20.7029591068439,11.4880952381159,1.90470859325681));
#6959=CARTESIAN_POINT('',(20.6991448976005,11.4880952381159,1.90574259198081));
#6960=CARTESIAN_POINT('',(20.6953422217266,11.4880952381159,1.90682074977001));
#6961=CARTESIAN_POINT('',(23.4949661124739,16.8452380953302,1.93668426318128));
#6962=CARTESIAN_POINT('',(23.4933496805132,16.8452380953302,1.93726498652684));
#6963=CARTESIAN_POINT('',(23.4917410715653,16.8452380953302,1.93786711366147));
#6964=CARTESIAN_POINT('',(20.6915565222941,11.4880952381159,1.90795470353835));
#6965=CARTESIAN_POINT('',(20.6877708228615,11.4880952381159,1.90908865730669));
#6966=CARTESIAN_POINT('',(20.6840020998703,11.4880952381159,1.91027840705417));
#6967=CARTESIAN_POINT('',(23.4901414304289,16.8452380953302,1.93849249887596));
#6968=CARTESIAN_POINT('',(23.4885417892926,16.8452380953302,1.93911788409045));
#6969=CARTESIAN_POINT('',(23.4869512099306,16.8452380953302,1.93976689657079));
#6970=CARTESIAN_POINT('',(20.6802557963922,11.4880952381159,1.91153558969472));
#6971=CARTESIAN_POINT('',(20.6727631894359,11.4880952381159,1.91404995497583));
#6972=CARTESIAN_POINT('',(20.665354034942,11.4880952381159,1.91682580648094));
#6973=CARTESIAN_POINT('',(23.4853736848181,16.8452380953302,1.94044561192606));
#6974=CARTESIAN_POINT('',(23.4822186345933,16.8452380953302,1.94180304263661));
#6975=CARTESIAN_POINT('',(23.4791076416402,16.8452380953302,1.94326850488715));
#6976=CARTESIAN_POINT('',(20.658122132261,11.4880952381159,1.92001584519554));
#6977=CARTESIAN_POINT('',(20.6545061809204,11.4880952381159,1.92161086455283));
#6978=CARTESIAN_POINT('',(20.6509376292587,11.4880952381159,1.92331321898524));
#6979=CARTESIAN_POINT('',(23.4760860904502,16.8452380953302,1.94490262986726));
#6980=CARTESIAN_POINT('',(23.4745753148552,16.8452380953302,1.94571969235731));
#6981=CARTESIAN_POINT('',(23.4730875082828,16.8452380953302,1.94657933889459));
#6982=CARTESIAN_POINT('',(20.6474374830291,11.4880952381159,1.92514835842805));
#6983=CARTESIAN_POINT('',(20.6439373367996,11.4880952381159,1.92698349787085));
#6984=CARTESIAN_POINT('',(20.6405085021159,11.4880952381159,1.92895525980753));
#6985=CARTESIAN_POINT('',(23.4716324696336,16.8452380953302,1.94749214188617));
#6986=CARTESIAN_POINT('',(23.4701774309843,16.8452380953302,1.94840494487774));
#6987=CARTESIAN_POINT('',(23.4687551654096,16.8452380953302,1.94937122226545));
#6988=CARTESIAN_POINT('',(20.6371871187424,11.4880952381159,1.93109740130965));
#6989=CARTESIAN_POINT('',(20.6338657353689,11.4880952381159,1.93323954281177));
#6990=CARTESIAN_POINT('',(20.6306544267427,11.4880952381159,1.93555573738562));
#6991=CARTESIAN_POINT('',(23.4673861600354,16.8452380953302,1.95040800207853));
#6992=CARTESIAN_POINT('',(23.4660171546612,16.8452380953302,1.9514447818916));
#6993=CARTESIAN_POINT('',(23.4646984112094,16.8452380953302,1.95255039745521));
#6994=CARTESIAN_POINT('',(20.6276217217608,11.4880952381159,1.93808913782402));
#6995=CARTESIAN_POINT('',(20.6245890167789,11.4880952381159,1.94062253826241));
#6996=CARTESIAN_POINT('',(20.6217315564165,11.4880952381159,1.94337425573878));
#6997=CARTESIAN_POINT('',(23.4634659835294,16.8452380953302,1.95374698471502));
#6998=CARTESIAN_POINT('',(23.4622335558495,16.8452380953302,1.95494357197483));
#6999=CARTESIAN_POINT('',(23.4610875586791,16.8452380953302,1.956232491004));
#7000=CARTESIAN_POINT('',(20.6191653796363,11.4880952381159,1.94637893632202));
#7001=CARTESIAN_POINT('',(20.6165992028561,11.4880952381159,1.94938361690525));
#7002=CARTESIAN_POINT('',(20.6143220946174,11.4880952381159,1.9526446618305));
#7003=CARTESIAN_POINT('',(23.4600931912765,16.8452380953302,1.95763302129204));
#7004=CARTESIAN_POINT('',(23.459098823874,16.8452380953302,1.95903355158007));
#7005=CARTESIAN_POINT('',(23.4582578265805,16.8452380953302,1.96054984788773));
#7006=CARTESIAN_POINT('',(20.6124769990437,11.4880952381159,1.95613864314116));
#7007=CARTESIAN_POINT('',(20.6115544512569,11.4880952381159,1.95788563379649));
#7008=CARTESIAN_POINT('',(20.6107383343871,11.4880952381159,1.9596907025544));
#7009=CARTESIAN_POINT('',(23.4576740232457,16.8452380953302,1.96216482663927));
#7010=CARTESIAN_POINT('',(23.4573821215783,16.8452380953302,1.96297231601503));
#7011=CARTESIAN_POINT('',(23.4571546748162,16.8452380953302,1.96380337009498));
#7012=CARTESIAN_POINT('',(20.6100438331131,11.4880952381159,1.96154038065814));
#7013=CARTESIAN_POINT('',(20.6093493318391,11.4880952381159,1.96339005876188));
#7014=CARTESIAN_POINT('',(20.6087755373956,11.4880952381159,1.96527489754933));
#7015=CARTESIAN_POINT('',(20.6083285899315,11.4880952381159,1.9672131147541));
#7016=CARTESIAN_POINT('',(23.457002001735,16.8452380953302,1.96464896638112));
#7017=CARTESIAN_POINT('',(23.4568493286539,16.8452380953302,1.96549456266727));
#7018=CARTESIAN_POINT('',(23.4567719738703,16.8452380953302,1.96635643810092));
#7019=CARTESIAN_POINT('',(23.4567719738703,16.8452380953302,1.9672131147541));
#7020=ORIENTED_EDGE('',*,*,#6153,.T.);
#7021=ORIENTED_EDGE('',*,*,#6130,.T.);
#7022=ORIENTED_EDGE('',*,*,#6107,.T.);
#7023=ORIENTED_EDGE('',*,*,#6084,.T.);
#7024=ORIENTED_EDGE('',*,*,#6061,.T.);
#7025=ORIENTED_EDGE('',*,*,#6038,.T.);
#7026=ORIENTED_EDGE('',*,*,#6015,.T.);
#7027=ORIENTED_EDGE('',*,*,#5992,.T.);
#7028=ORIENTED_EDGE('',*,*,#5969,.T.);
#7029=ORIENTED_EDGE('',*,*,#5946,.T.);
#7030=ORIENTED_EDGE('',*,*,#5923,.T.);
#7031=ORIENTED_EDGE('',*,*,#5900,.T.);
#7032=ORIENTED_EDGE('',*,*,#5877,.T.);
#7033=ORIENTED_EDGE('',*,*,#5854,.T.);
#7034=ORIENTED_EDGE('',*,*,#5831,.T.);
#7035=ORIENTED_EDGE('',*,*,#5808,.T.);
#7036=ORIENTED_EDGE('',*,*,#5785,.T.);
#7037=ORIENTED_EDGE('',*,*,#5762,.T.);
#7038=ORIENTED_EDGE('',*,*,#5739,.T.);
#7039=ORIENTED_EDGE('',*,*,#713,.F.);
#7040=ORIENTED_EDGE('',*,*,#394,.T.);
#7041=ORIENTED_EDGE('',*,*,#6590,.T.);
#7042=ORIENTED_EDGE('',*,*,#6567,.T.);
#7043=ORIENTED_EDGE('',*,*,#6544,.T.);
#7044=ORIENTED_EDGE('',*,*,#6521,.T.);
#7045=ORIENTED_EDGE('',*,*,#6498,.T.);
#7046=ORIENTED_EDGE('',*,*,#6475,.T.);
#7047=ORIENTED_EDGE('',*,*,#6452,.T.);
#7048=ORIENTED_EDGE('',*,*,#6429,.T.);
#7049=ORIENTED_EDGE('',*,*,#6406,.T.);
#7050=ORIENTED_EDGE('',*,*,#6383,.T.);
#7051=ORIENTED_EDGE('',*,*,#6360,.T.);
#7052=ORIENTED_EDGE('',*,*,#6337,.T.);
#7053=ORIENTED_EDGE('',*,*,#6314,.T.);
#7054=ORIENTED_EDGE('',*,*,#6291,.T.);
#7055=ORIENTED_EDGE('',*,*,#6268,.T.);
#7056=ORIENTED_EDGE('',*,*,#6245,.T.);
#7057=ORIENTED_EDGE('',*,*,#6222,.T.);
#7058=ORIENTED_EDGE('',*,*,#6199,.T.);
#7059=ORIENTED_EDGE('',*,*,#6176,.T.);
#7060=ORIENTED_EDGE('',*,*,#371,.T.);
#7061=ORIENTED_EDGE('',*,*,#234,.T.);
#7062=EDGE_LOOP('',(#7020, #7021, #7022, #7023, #7024, #7025, #7026, #7027, #7028, #7029, #7030, #7031, #7032, #7033, #7034, #7035, #7036, #7037, #7038, #7039, #7040, #7041, #7042, #7043, #7044, #7045, #7046, #7047, #7048, #7049, #7050, #7051, #7052, #7053, #7054, #7055, #7056, #7057, #7058, #7059, #7060, #7061));
#7063=FACE_OUTER_BOUND('',#7062,.T.);
#7064=ADVANCED_FACE('',(#7063),#6611,.T.);
#7065=B_SPLINE_SURFACE_WITH_KNOTS('Surf_YVPPGUYUKL, Wing2_Struct2_Skin, 0, 3',1,3,((#7066, #7067, #7068, #7069, #7070, #7071, #7072, #7073, #7074, #7075, #7076, #7077, #7078, #7079, #7080, #7081, #7082, #7083, #7084, #7085, #7086, #7087, #7088, #7089, #7090, #7091, #7092, #7093, #7094, #7095, #7096, #7097, #7098, #7099, #7100, #7101, #7102, #7103, #7104, #7105, #7106, #7107, #7108, #7109, #7110, #7111, #7112, #7113, #7114, #7115, #7116, #7117, #7118, #7119, #7120, #7121, #7122, #7123, #7124, #7125, #7126, #7127, #7128, #7129, #7130, #7131, #7132, #7133, #7134, #7135, #7136, #7137, #7138, #7139, #7140, #7141, #7142, #7143, #7144, #7145, #7146, #7147, #7148, #7149, #7150, #7151, #7152, #7153, #7154, #7155, #7156, #7157, #7158, #7159, #7160, #7161, #7162, #7163, #7164, #7165, #7166, #7167, #7168, #7169, #7170, #7171, #7172, #7173, #7174, #7175, #7176, #7177, #7178, #7179, #7180, #7181, #7182, #7183, #7184, #7185, #7186, #7187, #7188, #7189, #7190, #7191, #7192, #7193, #7194, #7195, #7196, #7197, #7198, #7199, #7200, #7201),(#7202, #7203, #7204, #7208, #7209, #7210, #7214, #7215, #7216, #7220, #7221, #7222, #7226, #7227, #7228, #7232, #7233, #7234, #7238, #7239, #7240, #7244, #7245, #7246, #7250, #7251, #7252, #7256, #7257, #7258, #7262, #7263, #7264, #7268, #7269, #7270, #7274, #7275, #7276, #7280, #7281, #7282, #7286, #7287, #7288, #7292, #7293, #7294, #7298, #7299, #7300, #7304, #7305, #7306, #7310, #7311, #7312, #7316, #7317, #7318, #7322, #7323, #7324, #7328, #7329, #7330, #7334, #7335, #7336, #7340, #7341, #7342, #7346, #7347, #7348, #7352, #7353, #7354, #7358, #7359, #7360, #7364, #7365, #7366, #7370, #7371, #7372, #7376, #7377, #7378, #7382, #7383, #7384, #7388, #7389, #7390, #7394, #7395, #7396, #7400, #7401, #7402, #7406, #7407, #7408, #7412, #7413, #7414, #7418, #7419, #7420, #7424, #7425, #7426, #7430, #7431, #7432, #7436, #7437, #7438, #7442, #7443, #7444, #7448, #7449, #7450, #7454, #7455, #7456, #7460, #7461, #7462, #7466, #7467, #7468, #7469),(#7205, #7206, #7207, #7211, #7212, #7213, #7217, #7218, #7219, #7223, #7224, #7225, #7229, #7230, #7231, #7235, #7236, #7237, #7241, #7242, #7243, #7247, #7248, #7249, #7253, #7254, #7255, #7259, #7260, #7261, #7265, #7266, #7267, #7271, #7272, #7273, #7277, #7278, #7279, #7283, #7284, #7285, #7289, #7290, #7291, #7295, #7296, #7297, #7301, #7302, #7303, #7307, #7308, #7309, #7313, #7314, #7315, #7319, #7320, #7321, #7325, #7326, #7327, #7331, #7332, #7333, #7337, #7338, #7339, #7343, #7344, #7345, #7349, #7350, #7351, #7355, #7356, #7357, #7361, #7362, #7363, #7367, #7368, #7369, #7373, #7374, #7375, #7379, #7380, #7381, #7385, #7386, #7387, #7391, #7392, #7393, #7397, #7398, #7399, #7403, #7404, #7405, #7409, #7410, #7411, #7415, #7416, #7417, #7421, #7422, #7423, #7427, #7428, #7429, #7433, #7434, #7435, #7439, #7440, #7441, #7445, #7446, #7447, #7451, #7452, #7453, #7457, #7458, #7459, #7463, #7464, #7465, #7470, #7471, #7472, #7473)),.UNSPECIFIED.,.F.,.F.,.F.,(2,1,2),(4,3,3,3,3,3,3,3,3,3,3,3,3,3,3,3,3,3,3,3,3,3,3,3,3,3,3,3,3,3,3,3,3,3,3,3,3,3,3,3,3,3,3,3,3,4),(0.,1.,2.),(0.,1.,2.,3.,4.,5.,6.,7.,8.,9.,10.,11.,12.,13.,14.,15.,16.,17.,18.,19.,20.,21.,22.,23.,24.,25.,26.,27.,28.,29.,30.,31.,32.,33.,34.,35.,36.,37.,38.,39.,40.,41.,42.,43.,44.,45.),.PIECEWISE_BEZIER_KNOTS.);
#7066=CARTESIAN_POINT('',(14.5,0.,1.9672131147541));
#7067=CARTESIAN_POINT('',(14.4989269713661,0.,1.97186637431318));
#7068=CARTESIAN_POINT('',(14.498134698233,0.,1.97669180362557));
#7069=CARTESIAN_POINT('',(14.4976886823554,0.,1.9814953547178));
#7070=CARTESIAN_POINT('',(14.4972426664778,0.,1.98629890581003));
#7071=CARTESIAN_POINT('',(14.4971242590817,0.,1.99113432641855));
#7072=CARTESIAN_POINT('',(14.4973217940506,0.,1.99595354559676));
#7073=CARTESIAN_POINT('',(14.4977168639884,0.,2.00559198395317));
#7074=CARTESIAN_POINT('',(14.4993866155001,0.,2.01516663172001));
#7075=CARTESIAN_POINT('',(14.5020531749034,0.,2.0244391654668));
#7076=CARTESIAN_POINT('',(14.5047197343068,0.,2.0337116992136));
#7077=CARTESIAN_POINT('',(14.5083737350005,0.,2.04268892428386));
#7078=CARTESIAN_POINT('',(14.5127038495485,0.,2.05130870110058));
#7079=CARTESIAN_POINT('',(14.5170339640964,0.,2.05992847791729));
#7080=CARTESIAN_POINT('',(14.5220533993117,0.,2.0681977395226));
#7081=CARTESIAN_POINT('',(14.5275413779514,0.,2.076134599416));
#7082=CARTESIAN_POINT('',(14.5330293565911,0.,2.08407145930941));
#7083=CARTESIAN_POINT('',(14.5389786682048,0.,2.0916814954984));
#7084=CARTESIAN_POINT('',(14.5452663807562,0.,2.09900053970555));
#7085=CARTESIAN_POINT('',(14.5515540933076,0.,2.1063195839127));
#7086=CARTESIAN_POINT('',(14.5581673606868,0.,2.1133538501071));
#7087=CARTESIAN_POINT('',(14.5650307772133,0.,2.12013640389321));
#7088=CARTESIAN_POINT('',(14.5787576102663,0.,2.13370151146544));
#7089=CARTESIAN_POINT('',(14.5934352921733,0.,2.14628170463375));
#7090=CARTESIAN_POINT('',(14.6086681945326,0.,2.15812351348868));
#7091=CARTESIAN_POINT('',(14.6162846457123,0.,2.16404441791615));
#7092=CARTESIAN_POINT('',(14.6240463085255,0.,2.16977734283934));
#7093=CARTESIAN_POINT('',(14.631928274888,0.,2.17534178347599));
#7094=CARTESIAN_POINT('',(14.6398102412504,0.,2.18090622411264));
#7095=CARTESIAN_POINT('',(14.6478125111623,0.,2.18630218046274));
#7096=CARTESIAN_POINT('',(14.6559101765392,0.,2.19154914774401));
#7097=CARTESIAN_POINT('',(14.6721055072931,0.,2.20204308230656));
#7098=CARTESIAN_POINT('',(14.6886696404799,0.,2.21195563226261));
#7099=CARTESIAN_POINT('',(14.7055177882663,0.,2.22136558007985));
#7100=CARTESIAN_POINT('',(14.7223659360526,0.,2.23077552789709));
#7101=CARTESIAN_POINT('',(14.7394817238665,0.,2.23969970787058));
#7102=CARTESIAN_POINT('',(14.7567999245735,0.,2.24820675626184));
#7103=CARTESIAN_POINT('',(14.7741181252805,0.,2.2567138046531));
#7104=CARTESIAN_POINT('',(14.7916460342491,0.,2.26479652220557));
#7105=CARTESIAN_POINT('',(14.809335900416,0.,2.27250858354691));
#7106=CARTESIAN_POINT('',(14.8270257665828,0.,2.28022064488824));
#7107=CARTESIAN_POINT('',(14.8448711266597,0.,2.28756954192326));
#7108=CARTESIAN_POINT('',(14.86284457473,0.,2.29459086434495));
#7109=CARTESIAN_POINT('',(14.8808180228003,0.,2.30161218676664));
#7110=CARTESIAN_POINT('',(14.898919558864,0.,2.30830593457501));
#7111=CARTESIAN_POINT('',(14.9171217770044,0.,2.31470769746305));
#7112=CARTESIAN_POINT('',(14.9535262132852,0.,2.32751122323913));
#7113=CARTESIAN_POINT('',(14.9903506834716,0.,2.33912187408468));
#7114=CARTESIAN_POINT('',(15.0274499981376,0.,2.34975378907036));
#7115=CARTESIAN_POINT('',(15.0645493128035,0.,2.36038570405605));
#7116=CARTESIAN_POINT('',(15.1019230041184,0.,2.37003506841738));
#7117=CARTESIAN_POINT('',(15.1394993887138,0.,2.3788322770871));
#7118=CARTESIAN_POINT('',(15.1582875810114,0.,2.38323088142196));
#7119=CARTESIAN_POINT('',(15.1771264466292,0.,2.38741644683391));
#7120=CARTESIAN_POINT('',(15.196007025146,0.,2.39140527268956));
#7121=CARTESIAN_POINT('',(15.2148876036628,0.,2.39539409854521));
#7122=CARTESIAN_POINT('',(15.2338098950786,0.,2.39918618484454));
#7123=CARTESIAN_POINT('',(15.2527649389724,0.,2.40279783095416));
#7124=CARTESIAN_POINT('',(15.2906750267599,0.,2.4100211231734));
#7125=CARTESIAN_POINT('',(15.3287266064629,0.,2.41650371296996));
#7126=CARTESIAN_POINT('',(15.3668666105323,0.,2.42237298245029));
#7127=CARTESIAN_POINT('',(15.3859366125669,0.,2.42530761719046));
#7128=CARTESIAN_POINT('',(15.4050368556024,0.,2.42806758308001));
#7129=CARTESIAN_POINT('',(15.4241554207681,0.,2.4306861852663));
#7130=CARTESIAN_POINT('',(15.4432739859338,0.,2.43330478745259));
#7131=CARTESIAN_POINT('',(15.4624065467169,0.,2.43579474930365));
#7132=CARTESIAN_POINT('',(15.4815600412645,0.,2.43813348065179));
#7133=CARTESIAN_POINT('',(15.500713535812,0.,2.44047221199993));
#7134=CARTESIAN_POINT('',(15.5198871043817,0.,2.44266332164385));
#7135=CARTESIAN_POINT('',(15.5390718081803,0.,2.44473753492309));
#7136=CARTESIAN_POINT('',(15.5582565119788,0.,2.44681174820232));
#7137=CARTESIAN_POINT('',(15.5774496374941,0.,2.44877862088129));
#7138=CARTESIAN_POINT('',(15.5966584778633,0.,2.45060984151059));
#7139=CARTESIAN_POINT('',(15.6158673182324,0.,2.45244106213989));
#7140=CARTESIAN_POINT('',(15.6350895877149,0.,2.45414642206106));
#7141=CARTESIAN_POINT('',(15.6543187955008,0.,2.45575473456222));
#7142=CARTESIAN_POINT('',(15.6735480032866,0.,2.45736304706339));
#7143=CARTESIAN_POINT('',(15.6927818797018,0.,2.45888492531018));
#7144=CARTESIAN_POINT('',(15.7120263225624,0.,2.46028960959055));
#7145=CARTESIAN_POINT('',(15.731270765423,0.,2.46169429387092));
#7146=CARTESIAN_POINT('',(15.7505242565099,0.,2.46299075833193));
#7147=CARTESIAN_POINT('',(15.7697823050708,0.,2.46420645119095));
#7148=CARTESIAN_POINT('',(15.7890403536317,0.,2.46542214404998));
#7149=CARTESIAN_POINT('',(15.8083010373377,0.,2.46657037129807));
#7150=CARTESIAN_POINT('',(15.8275672751078,0.,2.46762702139416));
#7151=CARTESIAN_POINT('',(15.866099750648,0.,2.46974032158634));
#7152=CARTESIAN_POINT('',(15.904656374081,0.,2.47147923265134));
#7153=CARTESIAN_POINT('',(15.9432142147536,0.,2.47304966212921));
#7154=CARTESIAN_POINT('',(15.9817720554262,0.,2.47462009160708));
#7155=CARTESIAN_POINT('',(16.0203445606485,0.,2.4758983884315));
#7156=CARTESIAN_POINT('',(16.0589203519526,0.,2.47699378545817));
#7157=CARTESIAN_POINT('',(16.0974961432566,0.,2.47808918248483));
#7158=CARTESIAN_POINT('',(16.1360762692802,0.,2.47899552755134));
#7159=CARTESIAN_POINT('',(16.1746615929688,0.,2.47969803072204));
#7160=CARTESIAN_POINT('',(16.2132469166575,0.,2.48040053389275));
#7161=CARTESIAN_POINT('',(16.2518348626705,0.,2.48091857839337));
#7162=CARTESIAN_POINT('',(16.2904242054826,0.,2.48126273526772));
#7163=CARTESIAN_POINT('',(16.3290135482947,0.,2.48160689214208));
#7164=CARTESIAN_POINT('',(16.367604287906,0.,2.48177716139016));
#7165=CARTESIAN_POINT('',(16.4061951987912,0.,2.48178411405579));
#7166=CARTESIAN_POINT('',(16.4833770205618,0.,2.48179801938706));
#7167=CARTESIAN_POINT('',(16.5605595274285,0.,2.4811586583885));
#7168=CARTESIAN_POINT('',(16.6377329151903,0.,2.47995059941063));
#7169=CARTESIAN_POINT('',(16.7920796907139,0.,2.47753448145489));
#7170=CARTESIAN_POINT('',(16.9463865953954,0.,2.47289080037353));
#7171=CARTESIAN_POINT('',(17.1006186010192,0.,2.46650640450661));
#7172=CARTESIAN_POINT('',(17.1777346038311,0.,2.46331420657315));
#7173=CARTESIAN_POINT('',(17.2548321057457,0.,2.45968252189082));
#7174=CARTESIAN_POINT('',(17.3319093154261,0.,2.45565959892483));
#7175=CARTESIAN_POINT('',(17.4089865251065,0.,2.45163667595885));
#7176=CARTESIAN_POINT('',(17.4860434425528,0.,2.44722251470922));
#7177=CARTESIAN_POINT('',(17.5630782764282,0.,2.44246536364116));
#7178=CARTESIAN_POINT('',(17.6401131103037,0.,2.4377082125731));
#7179=CARTESIAN_POINT('',(17.7171265902752,0.,2.43259027363909));
#7180=CARTESIAN_POINT('',(17.7941175480205,0.,2.42716471001268));
#7181=CARTESIAN_POINT('',(17.8711085057657,0.,2.42173914638627));
#7182=CARTESIAN_POINT('',(17.9480773438822,0.,2.41599726142579));
#7183=CARTESIAN_POINT('',(18.0250237016287,0.,2.40997020833495));
#7184=CARTESIAN_POINT('',(18.1789164171219,0.,2.39791610215327));
#7185=CARTESIAN_POINT('',(18.3327197868374,0.,2.38473513172422));
#7186=CARTESIAN_POINT('',(18.4864356440995,0.,2.37060182205817));
#7187=CARTESIAN_POINT('',(18.6401515013617,0.,2.35646851239213));
#7188=CARTESIAN_POINT('',(18.7937806451659,0.,2.34140562187098));
#7189=CARTESIAN_POINT('',(18.9473263450555,0.,2.32553166605819));
#7190=CARTESIAN_POINT('',(19.1008720449451,0.,2.3096577102454));
#7191=CARTESIAN_POINT('',(19.2543348436954,0.,2.29298717716414));
#7192=CARTESIAN_POINT('',(19.4077180743035,0.,2.27561840993723));
#7193=CARTESIAN_POINT('',(19.5611013049115,0.,2.25824964271032));
#7194=CARTESIAN_POINT('',(19.7144047724669,0.,2.24017449794227));
#7195=CARTESIAN_POINT('',(19.8676302421829,0.,2.22146215711473));
#7196=CARTESIAN_POINT('',(20.1740811816148,0.,2.18403747545966));
#7197=CARTESIAN_POINT('',(20.4802234308256,0.,2.1440935205034));
#7198=CARTESIAN_POINT('',(20.786033554006,0.,2.10175197254695));
#7199=CARTESIAN_POINT('',(21.0918436771865,0.,2.05941042459049));
#7200=CARTESIAN_POINT('',(21.397322655271,0.,2.01466839743964));
#7201=CARTESIAN_POINT('',(21.7023809523809,0.,1.9672131147541));
#7202=CARTESIAN_POINT('',(20.6083285899315,11.4880952381159,1.9672131147541));
#7203=CARTESIAN_POINT('',(20.6078816424675,11.4880952381159,1.96915133195887));
#7204=CARTESIAN_POINT('',(20.6075516377906,11.4880952381159,1.97116126284602));
#7205=CARTESIAN_POINT('',(23.4567719738703,16.8452380953302,1.9672131147541));
#7206=CARTESIAN_POINT('',(23.4567719738703,16.8452380953302,1.96806979140727));
#7207=CARTESIAN_POINT('',(23.4568493286539,16.8452380953302,1.96893166684093));
#7208=CARTESIAN_POINT('',(20.6073658592763,11.4880952381159,1.97316208082162));
#7209=CARTESIAN_POINT('',(20.6071800807619,11.4880952381159,1.97516289879723));
#7210=CARTESIAN_POINT('',(20.6071307606565,11.4880952381159,1.97717699134822));
#7211=CARTESIAN_POINT('',(23.457002001735,16.8452380953302,1.96977726312707));
#7212=CARTESIAN_POINT('',(23.4571546748162,16.8452380953302,1.97062285941322));
#7213=CARTESIAN_POINT('',(23.4573821215783,16.8452380953302,1.97145391349316));
#7214=CARTESIAN_POINT('',(20.6072130396848,11.4880952381159,1.97918433553484));
#7215=CARTESIAN_POINT('',(20.6073775977416,11.4880952381159,1.98319902390809));
#7216=CARTESIAN_POINT('',(20.6080730975448,11.4880952381159,1.9871871416556));
#7217=CARTESIAN_POINT('',(23.4576740232457,16.8452380953302,1.97226140286893));
#7218=CARTESIAN_POINT('',(23.4582578265805,16.8452380953302,1.97387638162047));
#7219=CARTESIAN_POINT('',(23.459098823874,16.8452380953302,1.97539267792813));
#7220=CARTESIAN_POINT('',(20.6091837966682,11.4880952381159,1.99104942017493));
#7221=CARTESIAN_POINT('',(20.6102944957915,11.4880952381159,1.99491169869425));
#7222=CARTESIAN_POINT('',(20.6118164927747,11.4880952381159,1.99865097260782));
#7223=CARTESIAN_POINT('',(23.4600931912765,16.8452380953302,1.97679320821616));
#7224=CARTESIAN_POINT('',(23.4610875586791,16.8452380953302,1.97819373850419));
#7225=CARTESIAN_POINT('',(23.4622335558495,16.8452380953302,1.97948265753337));
#7226=CARTESIAN_POINT('',(20.6136201107352,11.4880952381159,2.00224135898437));
#7227=CARTESIAN_POINT('',(20.6154237286956,11.4880952381159,2.00583174536092));
#7228=CARTESIAN_POINT('',(20.6175144686531,11.4880952381159,2.00927613201304));
#7229=CARTESIAN_POINT('',(23.4634659835294,16.8452380953302,1.98067924479318));
#7230=CARTESIAN_POINT('',(23.4646984112094,16.8452380953302,1.98187583205299));
#7231=CARTESIAN_POINT('',(23.4660171546612,16.8452380953302,1.9829814476166));
#7232=CARTESIAN_POINT('',(20.6198003704997,11.4880952381159,2.01258206373724));
#7233=CARTESIAN_POINT('',(20.6220862723463,11.4880952381159,2.01588799546143));
#7234=CARTESIAN_POINT('',(20.624564332721,11.4880952381159,2.01905779565916));
#7235=CARTESIAN_POINT('',(23.4673861600354,16.8452380953302,1.98401822742967));
#7236=CARTESIAN_POINT('',(23.4687551654096,16.8452380953302,1.98505500724274));
#7237=CARTESIAN_POINT('',(23.4701774309843,16.8452380953302,1.98602128463045));
#7238=CARTESIAN_POINT('',(20.6271833468746,11.4880952381159,2.02210638927933));
#7239=CARTESIAN_POINT('',(20.6298023610283,11.4880952381159,2.0251549828995));
#7240=CARTESIAN_POINT('',(20.6325569781846,11.4880952381159,2.02808495823998));
#7241=CARTESIAN_POINT('',(23.4716324696336,16.8452380953302,1.98693408762203));
#7242=CARTESIAN_POINT('',(23.4730875082828,16.8452380953302,1.98784689061361));
#7243=CARTESIAN_POINT('',(23.4745753148552,16.8452380953302,1.98870653715088));
#7244=CARTESIAN_POINT('',(20.6354157896964,11.4880952381159,2.03091008808147));
#7245=CARTESIAN_POINT('',(20.6411334127201,11.4880952381159,2.03656034776444));
#7246=CARTESIAN_POINT('',(20.6472470917954,11.4880952381159,2.04180036210893));
#7247=CARTESIAN_POINT('',(23.4760860904502,16.8452380953302,1.98952359964094));
#7248=CARTESIAN_POINT('',(23.4791076416402,16.8452380953302,1.99115772462105));
#7249=CARTESIAN_POINT('',(23.4822186345933,16.8452380953302,1.99262318687159));
#7250=CARTESIAN_POINT('',(20.6535920362493,11.4880952381159,2.04673281802867));
#7251=CARTESIAN_POINT('',(20.6567645084762,11.4880952381159,2.04919904598854));
#7252=CARTESIAN_POINT('',(20.6599974655487,11.4880952381159,2.05158697504746));
#7253=CARTESIAN_POINT('',(23.4853736848181,16.8452380953302,1.99398061758214));
#7254=CARTESIAN_POINT('',(23.4869512099306,16.8452380953302,1.99465933293741));
#7255=CARTESIAN_POINT('',(23.4885417892926,16.8452380953302,1.99530834541775));
#7256=CARTESIAN_POINT('',(20.6632805325295,11.4880952381159,2.05390472552752));
#7257=CARTESIAN_POINT('',(20.6665635995102,11.4880952381159,2.05622247600757));
#7258=CARTESIAN_POINT('',(20.6698967763991,11.4880952381159,2.05847004790877));
#7259=CARTESIAN_POINT('',(23.4901414304289,16.8452380953302,1.99593373063224));
#7260=CARTESIAN_POINT('',(23.4917410715653,16.8452380953302,1.99655911584673));
#7261=CARTESIAN_POINT('',(23.4933496805132,16.8452380953302,1.99716124298136));
#7262=CARTESIAN_POINT('',(20.6732696882586,11.4880952381159,2.0606555615532));
#7263=CARTESIAN_POINT('',(20.6800155119776,11.4880952381159,2.06502658884207));
#7264=CARTESIAN_POINT('',(20.6869149525777,11.4880952381159,2.06915545262541));
#7265=CARTESIAN_POINT('',(23.4949661124739,16.8452380953302,1.99774196632692));
#7266=CARTESIAN_POINT('',(23.4981989763953,16.8452380953302,1.99890341301804));
#7267=CARTESIAN_POINT('',(23.5014597184826,16.8452380953302,1.99998558768766));
#7268=CARTESIAN_POINT('',(20.6939326934738,11.4880952381159,2.07307496807987));
#7269=CARTESIAN_POINT('',(20.70095043437,11.4880952381159,2.07699448353432));
#7270=CARTESIAN_POINT('',(20.7080796550792,11.4880952381159,2.08071166263072));
#7271=CARTESIAN_POINT('',(23.5047406035902,16.8452380953302,2.0010033004852));
#7272=CARTESIAN_POINT('',(23.5080214886977,16.8452380953302,2.00202101328275));
#7273=CARTESIAN_POINT('',(23.5113218513855,16.8452380953302,2.00297567478877));
#7274=CARTESIAN_POINT('',(20.7152931866134,11.4880952381159,2.08425509435732));
#7275=CARTESIAN_POINT('',(20.7225067181475,11.4880952381159,2.08779852608393));
#7276=CARTESIAN_POINT('',(20.7298075992386,11.4880952381159,2.09116521174215));
#7277=CARTESIAN_POINT('',(23.5146346421663,16.8452380953302,2.00388296163327));
#7278=CARTESIAN_POINT('',(23.517947432947,16.8452380953302,2.00479024847776));
#7279=CARTESIAN_POINT('',(23.5212747633679,16.8452380953302,2.00564538700347));
#7280=CARTESIAN_POINT('',(20.7371759401874,11.4880952381159,2.09437750836697));
#7281=CARTESIAN_POINT('',(20.7445442811362,11.4880952381159,2.09758980499179));
#7282=CARTESIAN_POINT('',(20.7519773897964,11.4880952381159,2.10065083317828));
#7283=CARTESIAN_POINT('',(23.5246119992397,16.8452380953302,2.00645936825325));
#7284=CARTESIAN_POINT('',(23.5279492351116,16.8452380953302,2.00727334950302));
#7285=CARTESIAN_POINT('',(23.5312960740311,16.8452380953302,2.00804710224781));
#7286=CARTESIAN_POINT('',(20.7594638508108,11.4880952381159,2.10357541706302));
#7287=CARTESIAN_POINT('',(20.7669503118252,11.4880952381159,2.10650000094775));
#7288=CARTESIAN_POINT('',(20.7744901251939,11.4880952381159,2.10928814053074));
#7289=CARTESIAN_POINT('',(23.5346507354152,16.8452380953302,2.00878556305094));
#7290=CARTESIAN_POINT('',(23.5380053967993,16.8452380953302,2.00952402385407));
#7291=CARTESIAN_POINT('',(23.5413678806481,16.8452380953302,2.01022719271554));
#7292=CARTESIAN_POINT('',(20.7820718755598,11.4880952381159,2.11195465994857));
#7293=CARTESIAN_POINT('',(20.7972353762916,11.4880952381159,2.11728769878423));
#7294=CARTESIAN_POINT('',(20.8125738332949,11.4880952381159,2.12212387070667));
#7295=CARTESIAN_POINT('',(23.5447364063785,16.8452380953302,2.01090000619868));
#7296=CARTESIAN_POINT('',(23.5514734578394,16.8452380953302,2.01224563316497));
#7297=CARTESIAN_POINT('',(23.5582331046742,16.8452380953302,2.01347485965445));
#7298=CARTESIAN_POINT('',(20.828026770974,11.4880952381159,2.12655237083294));
#7299=CARTESIAN_POINT('',(20.843479708653,11.4880952381159,2.13098087095921));
#7300=CARTESIAN_POINT('',(20.8590469321428,11.4880952381159,2.13500011032955));
#7301=CARTESIAN_POINT('',(23.5650092162487,16.8452380953302,2.01460750278073));
#7302=CARTESIAN_POINT('',(23.5717853278232,16.8452380953302,2.01574014590702));
#7303=CARTESIAN_POINT('',(23.5785763453758,16.8452380953302,2.01678146918823));
#7304=CARTESIAN_POINT('',(20.874698583247,11.4880952381159,2.1386644022052));
#7305=CARTESIAN_POINT('',(20.8825244087991,11.4880952381159,2.14049654814302));
#7306=CARTESIAN_POINT('',(20.8903713412548,11.4880952381159,2.14223995720718));
#7307=CARTESIAN_POINT('',(23.5853780179462,16.8452380953302,2.01774693075804));
#7308=CARTESIAN_POINT('',(23.5887788542313,16.8452380953302,2.01822966154294));
#7309=CARTESIAN_POINT('',(23.5921828500016,16.8452380953302,2.01869155722459));
#7310=CARTESIAN_POINT('',(20.8982356483394,11.4880952381159,2.14390141855532));
#7311=CARTESIAN_POINT('',(20.9060999554241,11.4880952381159,2.14556287990345));
#7312=CARTESIAN_POINT('',(20.9139816371378,11.4880952381159,2.14714239353557));
#7313=CARTESIAN_POINT('',(23.5955887337491,16.8452380953302,2.01913757798772));
#7314=CARTESIAN_POINT('',(23.5989946174965,16.8452380953302,2.01958359875085));
#7315=CARTESIAN_POINT('',(23.6024026060074,16.8452380953302,2.02001282985633));
#7316=CARTESIAN_POINT('',(20.921876961206,11.4880952381159,2.14864674860933));
#7317=CARTESIAN_POINT('',(20.9376676093423,11.4880952381159,2.15165545875685));
#7318=CARTESIAN_POINT('',(20.9535171929541,11.4880952381159,2.15435564492004));
#7319=CARTESIAN_POINT('',(23.6058128552368,16.8452380953302,2.02042474921125));
#7320=CARTESIAN_POINT('',(23.6126333536956,16.8452380953302,2.02124858792108));
#7321=CARTESIAN_POINT('',(23.6194611871682,16.8452380953302,2.02200983319662));
#7322=CARTESIAN_POINT('',(20.9694036078722,11.4880952381159,2.15680036543086));
#7323=CARTESIAN_POINT('',(20.9773468153313,11.4880952381159,2.15802272568627));
#7324=CARTESIAN_POINT('',(20.985302619042,11.4880952381159,2.15917233131299));
#7325=CARTESIAN_POINT('',(23.6262947351071,16.8452380953302,2.02271598385392));
#7326=CARTESIAN_POINT('',(23.6297115090766,16.8452380953302,2.02306905918257));
#7327=CARTESIAN_POINT('',(23.6331297116627,16.8452380953302,2.02340836085666));
#7328=CARTESIAN_POINT('',(20.9932660544498,11.4880952381159,2.16026305486827));
#7329=CARTESIAN_POINT('',(21.0012294898577,11.4880952381159,2.16135377842355));
#7330=CARTESIAN_POINT('',(21.009198754845,11.4880952381159,2.16239091955821));
#7331=CARTESIAN_POINT('',(23.6365491402969,16.8452380953302,2.0237348262282));
#7332=CARTESIAN_POINT('',(23.6399685689312,16.8452380953302,2.02406129159973));
#7333=CARTESIAN_POINT('',(23.6433892236136,16.8452380953302,2.02437492066871));
#7334=CARTESIAN_POINT('',(21.0171767393508,11.4880952381159,2.16336506881396));
#7335=CARTESIAN_POINT('',(21.0251547238565,11.4880952381159,2.16433921806972));
#7336=CARTESIAN_POINT('',(21.0331410697732,11.4880952381159,2.16525187861562));
#7337=CARTESIAN_POINT('',(23.6468109017758,16.8452380953302,2.02467665078714));
#7338=CARTESIAN_POINT('',(23.6502325799379,16.8452380953302,2.02497838090557));
#7339=CARTESIAN_POINT('',(23.6536553114402,16.8452380953302,2.02526805190737));
#7340=CARTESIAN_POINT('',(21.0411320538347,11.4880952381159,2.16611584844432));
#7341=CARTESIAN_POINT('',(21.0491230378963,11.4880952381159,2.16697981827303));
#7342=CARTESIAN_POINT('',(21.0571175298464,11.4880952381159,2.16779907763683));
#7343=CARTESIAN_POINT('',(23.6570789768689,16.8452380953302,2.02554631237488));
#7344=CARTESIAN_POINT('',(23.6605026422977,16.8452380953302,2.02582457284239));
#7345=CARTESIAN_POINT('',(23.6639272416529,16.8452380953302,2.02609142277561));
#7346=CARTESIAN_POINT('',(21.0651185674878,11.4880952381159,2.16856183399812));
#7347=CARTESIAN_POINT('',(21.0731196051292,11.4880952381159,2.16932459035942));
#7348=CARTESIAN_POINT('',(21.0811262363847,11.4880952381159,2.17003492209518));
#7349=CARTESIAN_POINT('',(23.6673526555211,16.8452380953302,2.02634751075689));
#7350=CARTESIAN_POINT('',(23.6707780693892,16.8452380953302,2.02660359873816));
#7351=CARTESIAN_POINT('',(23.6742042977702,16.8452380953302,2.02684892476749));
#7352=CARTESIAN_POINT('',(21.0891357576442,11.4880952381159,2.17070483077335));
#7353=CARTESIAN_POINT('',(21.0971452789038,11.4880952381159,2.17137473945152));
#7354=CARTESIAN_POINT('',(21.1051567447825,11.4880952381159,2.17200864576258));
#7355=CARTESIAN_POINT('',(23.6776312212504,16.8452380953302,2.02708413742721));
#7356=CARTESIAN_POINT('',(23.6810581447307,16.8452380953302,2.02731935008694));
#7357=CARTESIAN_POINT('',(23.6844857633102,16.8452380953302,2.02754444937706));
#7358=CARTESIAN_POINT('',(21.1131726118914,11.4880952381159,2.17259373739672));
#7359=CARTESIAN_POINT('',(21.1211884790003,11.4880952381159,2.17317882903086));
#7360=CARTESIAN_POINT('',(21.1292081149571,11.4880952381159,2.1737188439799));
#7361=CARTESIAN_POINT('',(23.6879139575754,16.8452380953302,2.02776008387992));
#7362=CARTESIAN_POINT('',(23.6913421518406,16.8452380953302,2.02797571838277));
#7363=CARTESIAN_POINT('',(23.6947709189797,16.8452380953302,2.02818185352045));
#7364=CARTESIAN_POINT('',(21.1372296492337,11.4880952381159,2.17422521522036));
#7365=CARTESIAN_POINT('',(21.1452511835103,11.4880952381159,2.17473158646081));
#7366=CARTESIAN_POINT('',(21.1532738154011,11.4880952381159,2.17520985632283));
#7367=CARTESIAN_POINT('',(23.6982002031591,16.8452380953302,2.02837886723322));
#7368=CARTESIAN_POINT('',(23.7016294873384,16.8452380953302,2.02857588094598));
#7369=CARTESIAN_POINT('',(23.7050592885579,16.8452380953302,2.02876377323383));
#7370=CARTESIAN_POINT('',(21.1612987607202,11.4880952381159,2.17564998165211));
#7371=CARTESIAN_POINT('',(21.1773486513584,11.4880952381159,2.17653023231067));
#7372=CARTESIAN_POINT('',(21.1934086002926,11.4880952381159,2.17725453906832));
#7373=CARTESIAN_POINT('',(23.7084895509838,16.8452380953302,2.02894292203705));
#7374=CARTESIAN_POINT('',(23.7153500758356,16.8452380953302,2.02930121964347));
#7375=CARTESIAN_POINT('',(23.722212445513,16.8452380953302,2.02962454331132));
#7376=CARTESIAN_POINT('',(21.2094690562421,11.4880952381159,2.1779086683715));
#7377=CARTESIAN_POINT('',(21.2255295121917,11.4880952381159,2.17856279767468));
#7378=CARTESIAN_POINT('',(21.2415960763504,11.4880952381159,2.17909524527758));
#7379=CARTESIAN_POINT('',(23.7290762133458,16.8452380953302,2.02991591656276));
#7380=CARTESIAN_POINT('',(23.7359399811785,16.8452380953302,2.0302072898142));
#7381=CARTESIAN_POINT('',(23.7428051471666,16.8452380953302,2.03046671264923));
#7382=CARTESIAN_POINT('',(21.2576640092572,11.4880952381159,2.17955150982422));
#7383=CARTESIAN_POINT('',(21.273731942164,11.4880952381159,2.18000777437087));
#7384=CARTESIAN_POINT('',(21.2898016806069,11.4880952381159,2.18038529330766));
#7385=CARTESIAN_POINT('',(23.7496712646398,16.8452380953302,2.03069720858999));
#7386=CARTESIAN_POINT('',(23.756537382113,16.8452380953302,2.03092770453076));
#7387=CARTESIAN_POINT('',(23.7634044510713,16.8452380953302,2.03112927357726));
#7388=CARTESIAN_POINT('',(21.3058735840276,11.4880952381159,2.1806779061986));
#7389=CARTESIAN_POINT('',(21.3219454874484,11.4880952381159,2.18097051908954));
#7390=CARTESIAN_POINT('',(21.338018483143,11.4880952381159,2.1811862996088));
#7391=CARTESIAN_POINT('',(23.7702720248444,16.8452380953302,2.03130493925166));
#7392=CARTESIAN_POINT('',(23.7771395986176,16.8452380953302,2.03148060492605));
#7393=CARTESIAN_POINT('',(23.7840081606329,16.8452380953302,2.03162683522471));
#7394=CARTESIAN_POINT('',(21.3540920606449,11.4880952381159,2.18132965090192));
#7395=CARTESIAN_POINT('',(21.3701656381468,11.4880952381159,2.18147300219504));
#7396=CARTESIAN_POINT('',(21.386239797456,11.4880952381159,2.18154392426201));
#7397=CARTESIAN_POINT('',(23.7908770166475,16.8452380953302,2.03174940996535));
#7398=CARTESIAN_POINT('',(23.7977458726622,16.8452380953302,2.031871984706));
#7399=CARTESIAN_POINT('',(23.8046149689882,16.8452380953302,2.03197128106507));
#7400=CARTESIAN_POINT('',(21.4023140281057,11.4880952381159,2.18154682024836));
#7401=CARTESIAN_POINT('',(21.4344624894052,11.4880952381159,2.18155261222105));
#7402=CARTESIAN_POINT('',(21.466611236067,11.4880952381159,2.18128629987124));
#7403=CARTESIAN_POINT('',(23.8114845434669,16.8452380953302,2.03204533034814));
#7404=CARTESIAN_POINT('',(23.8252236924242,16.8452380953302,2.03219342891426));
#7405=CARTESIAN_POINT('',(23.8389635914922,16.8452380953302,2.03225084359436));
#7406=CARTESIAN_POINT('',(21.4987561843579,11.4880952381159,2.1807831083631));
#7407=CARTESIAN_POINT('',(21.5630460809396,11.4880952381159,2.17977672534683));
#7408=CARTESIAN_POINT('',(21.6273193701623,11.4880952381159,2.17784249785509));
#7409=CARTESIAN_POINT('',(23.8527034581904,16.8452380953302,2.03222589051925));
#7410=CARTESIAN_POINT('',(23.8801831915869,16.8452380953302,2.03217598436902));
#7411=CARTESIAN_POINT('',(23.9076617950863,16.8452380953302,2.03180489380127));
#7412=CARTESIAN_POINT('',(21.691561461761,11.4880952381159,2.17518321230391));
#7413=CARTESIAN_POINT('',(21.7236825075604,11.4880952381159,2.17385356952831));
#7414=CARTESIAN_POINT('',(21.7557958472008,11.4880952381159,2.17234086780939));
#7415=CARTESIAN_POINT('',(23.9351342614771,16.8452380953302,2.0311825874573));
#7416=CARTESIAN_POINT('',(23.9488704946726,16.8452380953302,2.03087143428532));
#7417=CARTESIAN_POINT('',(23.9626053673647,16.8452380953302,2.03049546812163));
#7418=CARTESIAN_POINT('',(21.7879007345388,11.4880952381159,2.17066520402852));
#7419=CARTESIAN_POINT('',(21.8200056218767,11.4880952381159,2.16898954024765));
#7420=CARTESIAN_POINT('',(21.8521020569122,11.4880952381159,2.16715091440483));
#7421=CARTESIAN_POINT('',(23.9763383854244,16.8452380953302,2.030063194463));
#7422=CARTESIAN_POINT('',(23.9900714034841,16.8452380953302,2.02963092080437));
#7423=CARTESIAN_POINT('',(24.0038026201573,16.8452380953302,2.02914246692287));
#7424=CARTESIAN_POINT('',(21.8841892935016,11.4880952381159,2.16516942338144));
#7425=CARTESIAN_POINT('',(21.9162765300911,11.4880952381159,2.16318793235805));
#7426=CARTESIAN_POINT('',(21.9483548721619,11.4880952381159,2.16105616275247));
#7427=CARTESIAN_POINT('',(24.0175318308095,16.8452380953302,2.02860206653602));
#7428=CARTESIAN_POINT('',(24.0312610414618,16.8452380953302,2.02806166614918));
#7429=CARTESIAN_POINT('',(24.044988207443,16.8452380953302,2.02747112518486));
#7430=CARTESIAN_POINT('',(21.9804238330739,11.4880952381159,2.15879625856428));
#7431=CARTESIAN_POINT('',(22.012492793986,11.4880952381159,2.15653635437609));
#7432=CARTESIAN_POINT('',(22.0445525414329,11.4880952381159,2.15414469320247));
#7433=CARTESIAN_POINT('',(24.0587132408932,16.8452380953302,2.02683434296075));
#7434=CARTESIAN_POINT('',(24.0724382743435,16.8452380953302,2.02619756073664));
#7435=CARTESIAN_POINT('',(24.0861611752628,16.8452380953302,2.02551453725275));
#7436=CARTESIAN_POINT('',(22.0766029251554,11.4880952381159,2.15163425125389));
#7437=CARTESIAN_POINT('',(22.1407036926005,11.4880952381159,2.14661336735673));
#7438=CARTESIAN_POINT('',(22.2047672449448,11.4880952381159,2.14112311190529));
#7439=CARTESIAN_POINT('',(24.0998818557912,16.8452380953302,2.02478917182677));
#7440=CARTESIAN_POINT('',(24.127323216848,16.8452380953302,2.02333844097479));
#7441=CARTESIAN_POINT('',(24.1547556113967,16.8452380953302,2.02172418213072));
#7442=CARTESIAN_POINT('',(22.2687943458209,11.4880952381159,2.13523617961464));
#7443=CARTESIAN_POINT('',(22.332821446697,11.4880952381159,2.12934924732399));
#7444=CARTESIAN_POINT('',(22.3968124289097,11.4880952381159,2.12307511771849));
#7445=CARTESIAN_POINT('',(24.1821791097406,16.8452380953302,2.01996939047123));
#7446=CARTESIAN_POINT('',(24.2096026080846,16.8452380953302,2.01821459881174));
#7447=CARTESIAN_POINT('',(24.237017210224,16.8452380953302,2.01631927433683));
#7448=CARTESIAN_POINT('',(22.4607686543183,11.4880952381159,2.11646315595845));
#7449=CARTESIAN_POINT('',(22.5247248797268,11.4880952381159,2.10985119419841));
#7450=CARTESIAN_POINT('',(22.5886465744129,11.4880952381159,2.10290743496456));
#7451=CARTESIAN_POINT('',(24.2644229864622,16.8452380953302,2.01430641222317));
#7452=CARTESIAN_POINT('',(24.2918287627005,16.8452380953302,2.01229355010951));
#7453=CARTESIAN_POINT('',(24.319225822224,16.8452380953302,2.01016344998462));
#7454=CARTESIAN_POINT('',(22.6525351266662,11.4880952381159,2.0956728410122));
#7455=CARTESIAN_POINT('',(22.7164236789195,11.4880952381159,2.08843824705983));
#7456=CARTESIAN_POINT('',(22.7802790075541,11.4880952381159,2.08090942642917));
#7457=CARTESIAN_POINT('',(24.3466142830806,16.8452380953302,2.00792750634147));
#7458=CARTESIAN_POINT('',(24.3740027439373,16.8452380953302,2.00569156269831));
#7459=CARTESIAN_POINT('',(24.401382606127,16.8452380953302,2.0033497755369));
#7460=CARTESIAN_POINT('',(22.8441018478325,11.4880952381159,2.07311519520844));
#7461=CARTESIAN_POINT('',(22.9717475283893,11.4880952381159,2.05752673276699));
#7462=CARTESIAN_POINT('',(23.0992646305399,11.4880952381159,2.04088892012406));
#7463=CARTESIAN_POINT('',(24.4287539876977,16.8452380953302,2.00091353935022));
#7464=CARTESIAN_POINT('',(24.483496750839,16.8452380953302,1.99604106697685));
#7465=CARTESIAN_POINT('',(24.5382058080392,16.8452380953302,1.99079111401816));
#7466=CARTESIAN_POINT('',(23.2266433925919,11.4880952381159,2.02325244064467));
#7467=CARTESIAN_POINT('',(23.3540221546439,11.4880952381159,2.00561596116529));
#7468=CARTESIAN_POINT('',(23.4812629851849,11.4880952381159,1.98697961266609));
#7469=CARTESIAN_POINT('',(23.6083285899315,11.4880952381159,1.9672131147541));
#7470=CARTESIAN_POINT('',(24.5928777640157,16.8452380953302,1.98517988044816));
#7471=CARTESIAN_POINT('',(24.6475497199921,16.8452380953302,1.97956864687816));
#7472=CARTESIAN_POINT('',(24.7021847095342,16.8452380953302,1.97359572665102));
#7473=CARTESIAN_POINT('',(24.7567719738703,16.8452380953302,1.9672131147541));
#7474=ORIENTED_EDGE('',*,*,#6176,.F.);
#7475=ORIENTED_EDGE('',*,*,#6199,.F.);
#7476=ORIENTED_EDGE('',*,*,#6222,.F.);
#7477=ORIENTED_EDGE('',*,*,#6245,.F.);
#7478=ORIENTED_EDGE('',*,*,#6268,.F.);
#7479=ORIENTED_EDGE('',*,*,#6291,.F.);
#7480=ORIENTED_EDGE('',*,*,#6314,.F.);
#7481=ORIENTED_EDGE('',*,*,#6337,.F.);
#7482=ORIENTED_EDGE('',*,*,#6360,.F.);
#7483=ORIENTED_EDGE('',*,*,#6383,.F.);
#7484=ORIENTED_EDGE('',*,*,#6406,.F.);
#7485=ORIENTED_EDGE('',*,*,#6429,.F.);
#7486=ORIENTED_EDGE('',*,*,#6452,.F.);
#7487=ORIENTED_EDGE('',*,*,#6475,.F.);
#7488=ORIENTED_EDGE('',*,*,#6498,.F.);
#7489=ORIENTED_EDGE('',*,*,#6521,.F.);
#7490=ORIENTED_EDGE('',*,*,#6544,.F.);
#7491=ORIENTED_EDGE('',*,*,#6567,.F.);
#7492=ORIENTED_EDGE('',*,*,#6590,.F.);
#7493=ORIENTED_EDGE('',*,*,#394,.F.);
#7494=ORIENTED_EDGE('',*,*,#539,.F.);
#7495=ORIENTED_EDGE('',*,*,#5739,.F.);
#7496=ORIENTED_EDGE('',*,*,#5762,.F.);
#7497=ORIENTED_EDGE('',*,*,#5785,.F.);
#7498=ORIENTED_EDGE('',*,*,#5808,.F.);
#7499=ORIENTED_EDGE('',*,*,#5831,.F.);
#7500=ORIENTED_EDGE('',*,*,#5854,.F.);
#7501=ORIENTED_EDGE('',*,*,#5877,.F.);
#7502=ORIENTED_EDGE('',*,*,#5900,.F.);
#7503=ORIENTED_EDGE('',*,*,#5923,.F.);
#7504=ORIENTED_EDGE('',*,*,#5946,.F.);
#7505=ORIENTED_EDGE('',*,*,#5969,.F.);
#7506=ORIENTED_EDGE('',*,*,#5992,.F.);
#7507=ORIENTED_EDGE('',*,*,#6015,.F.);
#7508=ORIENTED_EDGE('',*,*,#6038,.F.);
#7509=ORIENTED_EDGE('',*,*,#6061,.F.);
#7510=ORIENTED_EDGE('',*,*,#6084,.F.);
#7511=ORIENTED_EDGE('',*,*,#6107,.F.);
#7512=ORIENTED_EDGE('',*,*,#6130,.F.);
#7513=ORIENTED_EDGE('',*,*,#6153,.F.);
#7514=ORIENTED_EDGE('',*,*,#234,.F.);
#7515=ORIENTED_EDGE('',*,*,#211,.T.);
#7516=EDGE_LOOP('',(#7474, #7475, #7476, #7477, #7478, #7479, #7480, #7481, #7482, #7483, #7484, #7485, #7486, #7487, #7488, #7489, #7490, #7491, #7492, #7493, #7494, #7495, #7496, #7497, #7498, #7499, #7500, #7501, #7502, #7503, #7504, #7505, #7506, #7507, #7508, #7509, #7510, #7511, #7512, #7513, #7514, #7515));
#7517=FACE_OUTER_BOUND('',#7516,.T.);
#7518=ADVANCED_FACE('',(#7517),#7065,.T.);
#7519=PLANE('Plane_YVPPGUYUKL, Wing2_Struct2_Skin, 0, 4',#7523);
#7520=CARTESIAN_POINT('',(24.0998818557912,16.8452380953302,1.93842508621776));
#7521=DIRECTION('',(-0.,-1.,0.));
#7522=DIRECTION('',(-6.17047060780238E-14,0.,1.));
#7523=AXIS2_PLACEMENT_3D('',#7520,#7521,#7522);
#7524=ORIENTED_EDGE('',*,*,#371,.F.);
#7525=ORIENTED_EDGE('',*,*,#74,.T.);
#7526=EDGE_LOOP('',(#7524, #7525));
#7527=FACE_OUTER_BOUND('',#7526,.T.);
#7528=ADVANCED_FACE('',(#7527),#7519,.T.);
#7529=PLANE('Plane_YVPPGUYUKL, Wing2_Struct2_Skin, 0, 5',#7533);
#7530=CARTESIAN_POINT('',(24.0998818557912,16.8452380953302,1.99600114329043));
#7531=DIRECTION('',(0.,-1.,0.));
#7532=DIRECTION('',(0.,0.,-1.));
#7533=AXIS2_PLACEMENT_3D('',#7530,#7531,#7532);
#7534=ORIENTED_EDGE('',*,*,#211,.T.);
#7535=ORIENTED_EDGE('',*,*,#74,.T.);
#7536=EDGE_LOOP('',(#7534, #7535));
#7537=FACE_OUTER_BOUND('',#7536,.T.);
#7538=ADVANCED_FACE('',(#7537),#7529,.T.);
#7539=PLANE('Plane_YVPPGUYUKL, Wing2_Struct2_RibArray0, 0, 6',#7543);
#7540=CARTESIAN_POINT('',(19.0527264245066,1.14880952381159,2.0546195034228));
#7541=DIRECTION('',(0.,-1.,0.));
#7542=DIRECTION('',(1.,0.,0.));
#7543=AXIS2_PLACEMENT_3D('',#7540,#7541,#7542);
#7544=ORIENTED_EDGE('',*,*,#3031,.T.);
#7545=ORIENTED_EDGE('',*,*,#824,.T.);
#7546=EDGE_LOOP('',(#7544, #7545));
#7547=FACE_OUTER_BOUND('',#7546,.T.);
#7548=ADVANCED_FACE('',(#7547),#7539,.T.);
#7549=PLANE('Plane_YVPPGUYUKL, Wing2_Struct2_RibArray0, 0, 7',#7553);
#7550=CARTESIAN_POINT('',(19.0527264245066,2.29761904762317,2.0546195034228));
#7551=DIRECTION('',(0.,-1.,0.));
#7552=DIRECTION('',(1.,0.,0.));
#7553=AXIS2_PLACEMENT_3D('',#7550,#7551,#7552);
#7554=ORIENTED_EDGE('',*,*,#3182,.T.);
#7555=ORIENTED_EDGE('',*,*,#933,.T.);
#7556=EDGE_LOOP('',(#7554, #7555));
#7557=FACE_OUTER_BOUND('',#7556,.T.);
#7558=ADVANCED_FACE('',(#7557),#7549,.T.);
#7559=PLANE('Plane_YVPPGUYUKL, Wing2_Struct2_RibArray0, 0, 8',#7563);
#7560=CARTESIAN_POINT('',(19.0527264245066,3.44642857143476,2.0546195034228));
#7561=DIRECTION('',(0.,-1.,0.));
#7562=DIRECTION('',(1.,0.,0.));
#7563=AXIS2_PLACEMENT_3D('',#7560,#7561,#7562);
#7564=ORIENTED_EDGE('',*,*,#3327,.T.);
#7565=ORIENTED_EDGE('',*,*,#1050,.T.);
#7566=EDGE_LOOP('',(#7564, #7565));
#7567=FACE_OUTER_BOUND('',#7566,.T.);
#7568=ADVANCED_FACE('',(#7567),#7559,.T.);
#7569=PLANE('Plane_YVPPGUYUKL, Wing2_Struct2_RibArray0, 0, 9',#7573);
#7570=CARTESIAN_POINT('',(19.0527264245066,4.59523809524635,2.0546195034228));
#7571=DIRECTION('',(0.,-1.,0.));
#7572=DIRECTION('',(1.,0.,0.));
#7573=AXIS2_PLACEMENT_3D('',#7570,#7571,#7572);
#7574=ORIENTED_EDGE('',*,*,#3474,.T.);
#7575=ORIENTED_EDGE('',*,*,#1163,.T.);
#7576=EDGE_LOOP('',(#7574, #7575));
#7577=FACE_OUTER_BOUND('',#7576,.T.);
#7578=ADVANCED_FACE('',(#7577),#7569,.T.);
#7579=PLANE('Plane_YVPPGUYUKL, Wing2_Struct2_RibArray0, 0, 10',#7583);
#7580=CARTESIAN_POINT('',(19.0527264245066,5.74404761905794,2.0546195034228));
#7581=DIRECTION('',(0.,-1.,0.));
#7582=DIRECTION('',(1.,0.,0.));
#7583=AXIS2_PLACEMENT_3D('',#7580,#7581,#7582);
#7584=ORIENTED_EDGE('',*,*,#3628,.T.);
#7585=ORIENTED_EDGE('',*,*,#3581,.F.);
#7586=ORIENTED_EDGE('',*,*,#1278,.T.);
#7587=EDGE_LOOP('',(#7584, #7585, #7586));
#7588=FACE_OUTER_BOUND('',#7587,.T.);
#7589=ADVANCED_FACE('',(#7588),#7579,.T.);
#7590=PLANE('Plane_YVPPGUYUKL, Wing2_Struct2_RibArray0, 0, 11',#7594);
#7591=CARTESIAN_POINT('',(19.0527264245066,6.89285714286953,2.0546195034228));
#7592=DIRECTION('',(0.,-1.,0.));
#7593=DIRECTION('',(1.,0.,0.));
#7594=AXIS2_PLACEMENT_3D('',#7591,#7592,#7593);
#7595=ORIENTED_EDGE('',*,*,#3777,.T.);
#7596=ORIENTED_EDGE('',*,*,#1387,.T.);
#7597=EDGE_LOOP('',(#7595, #7596));
#7598=FACE_OUTER_BOUND('',#7597,.T.);
#7599=ADVANCED_FACE('',(#7598),#7590,.T.);
#7600=PLANE('Plane_YVPPGUYUKL, Wing2_Struct2_RibArray0, 0, 12',#7604);
#7601=CARTESIAN_POINT('',(19.0527264245066,8.04166666668111,2.0546195034228));
#7602=DIRECTION('',(0.,-1.,0.));
#7603=DIRECTION('',(1.,0.,0.));
#7604=AXIS2_PLACEMENT_3D('',#7601,#7602,#7603);
#7605=ORIENTED_EDGE('',*,*,#3924,.F.);
#7606=ORIENTED_EDGE('',*,*,#1502,.T.);
#7607=EDGE_LOOP('',(#7605, #7606));
#7608=FACE_OUTER_BOUND('',#7607,.T.);
#7609=ADVANCED_FACE('',(#7608),#7600,.T.);
#7610=PLANE('Plane_YVPPGUYUKL, Wing2_Struct2_RibArray0, 0, 13',#7614);
#7611=CARTESIAN_POINT('',(19.0527264245066,9.1904761904927,2.0546195034228));
#7612=DIRECTION('',(0.,-1.,0.));
#7613=DIRECTION('',(1.,0.,0.));
#7614=AXIS2_PLACEMENT_3D('',#7611,#7612,#7613);
#7615=ORIENTED_EDGE('',*,*,#4069,.F.);
#7616=ORIENTED_EDGE('',*,*,#1617,.T.);
#7617=EDGE_LOOP('',(#7615, #7616));
#7618=FACE_OUTER_BOUND('',#7617,.T.);
#7619=ADVANCED_FACE('',(#7618),#7610,.T.);
#7620=PLANE('Plane_YVPPGUYUKL, Wing2_Struct2_RibArray0, 0, 14',#7624);
#7621=CARTESIAN_POINT('',(19.0527264245066,10.3392857143043,2.0546195034228));
#7622=DIRECTION('',(0.,-1.,0.));
#7623=DIRECTION('',(1.,0.,0.));
#7624=AXIS2_PLACEMENT_3D('',#7621,#7622,#7623);
#7625=ORIENTED_EDGE('',*,*,#4218,.T.);
#7626=ORIENTED_EDGE('',*,*,#1728,.T.);
#7627=EDGE_LOOP('',(#7625, #7626));
#7628=FACE_OUTER_BOUND('',#7627,.T.);
#7629=ADVANCED_FACE('',(#7628),#7620,.T.);
#7630=PLANE('Plane_YVPPGUYUKL, Wing2_Struct2_RibArray0, 0, 15',#7634);
#7631=CARTESIAN_POINT('',(19.0527264245066,11.4880952381159,2.0546195034228));
#7632=DIRECTION('',(0.,-1.,0.));
#7633=DIRECTION('',(1.,0.,0.));
#7634=AXIS2_PLACEMENT_3D('',#7631,#7632,#7633);
#7635=ORIENTED_EDGE('',*,*,#4374,.T.);
#7636=ORIENTED_EDGE('',*,*,#4327,.T.);
#7637=ORIENTED_EDGE('',*,*,#1837,.T.);
#7638=EDGE_LOOP('',(#7635, #7636, #7637));
#7639=FACE_OUTER_BOUND('',#7638,.T.);
#7640=ADVANCED_FACE('',(#7639),#7630,.T.);
#7641=PLANE('Plane_YVPPGUYUKL, Wing2_Struct2_RibArray1, 0, 16',#7645);
#7642=CARTESIAN_POINT('',(22.6819513672634,12.0238095238373,2.00362040391858));
#7643=DIRECTION('',(0.,-1.,0.));
#7644=DIRECTION('',(1.,0.,0.));
#7645=AXIS2_PLACEMENT_3D('',#7642,#7643,#7644);
#7646=ORIENTED_EDGE('',*,*,#4521,.T.);
#7647=ORIENTED_EDGE('',*,*,#1948,.T.);
#7648=EDGE_LOOP('',(#7646, #7647));
#7649=FACE_OUTER_BOUND('',#7648,.T.);
#7650=ADVANCED_FACE('',(#7649),#7641,.T.);
#7651=PLANE('Plane_YVPPGUYUKL, Wing2_Struct2_RibArray1, 0, 17',#7655);
#7652=CARTESIAN_POINT('',(22.6819513672634,12.5595238095587,2.00362040391858));
#7653=DIRECTION('',(0.,-1.,0.));
#7654=DIRECTION('',(1.,0.,0.));
#7655=AXIS2_PLACEMENT_3D('',#7652,#7653,#7654);
#7656=ORIENTED_EDGE('',*,*,#4676,.T.);
#7657=ORIENTED_EDGE('',*,*,#2059,.T.);
#7658=EDGE_LOOP('',(#7656, #7657));
#7659=FACE_OUTER_BOUND('',#7658,.T.);
#7660=ADVANCED_FACE('',(#7659),#7651,.T.);
#7661=PLANE('Plane_YVPPGUYUKL, Wing2_Struct2_RibArray1, 0, 18',#7665);
#7662=CARTESIAN_POINT('',(22.6819513672634,13.0952380952802,2.00362040391858));
#7663=DIRECTION('',(0.,-1.,0.));
#7664=DIRECTION('',(1.,0.,0.));
#7665=AXIS2_PLACEMENT_3D('',#7662,#7663,#7664);
#7666=ORIENTED_EDGE('',*,*,#4823,.T.);
#7667=ORIENTED_EDGE('',*,*,#2178,.T.);
#7668=EDGE_LOOP('',(#7666, #7667));
#7669=FACE_OUTER_BOUND('',#7668,.T.);
#7670=ADVANCED_FACE('',(#7669),#7661,.T.);
#7671=PLANE('Plane_YVPPGUYUKL, Wing2_Struct2_RibArray1, 0, 19',#7675);
#7672=CARTESIAN_POINT('',(22.6819513672634,13.6309523810016,2.00362040391858));
#7673=DIRECTION('',(0.,-1.,0.));
#7674=DIRECTION('',(1.,0.,0.));
#7675=AXIS2_PLACEMENT_3D('',#7672,#7673,#7674);
#7676=ORIENTED_EDGE('',*,*,#4970,.F.);
#7677=ORIENTED_EDGE('',*,*,#2295,.T.);
#7678=EDGE_LOOP('',(#7676, #7677));
#7679=FACE_OUTER_BOUND('',#7678,.T.);
#7680=ADVANCED_FACE('',(#7679),#7671,.T.);
#7681=PLANE('Plane_YVPPGUYUKL, Wing2_Struct2_RibArray1, 0, 20',#7685);
#7682=CARTESIAN_POINT('',(22.6819513672634,14.166666666723,2.00362040391858));
#7683=DIRECTION('',(0.,-1.,0.));
#7684=DIRECTION('',(1.,0.,0.));
#7685=AXIS2_PLACEMENT_3D('',#7682,#7683,#7684);
#7686=ORIENTED_EDGE('',*,*,#5114,.T.);
#7687=ORIENTED_EDGE('',*,*,#5073,.F.);
#7688=ORIENTED_EDGE('',*,*,#2412,.T.);
#7689=EDGE_LOOP('',(#7686, #7687, #7688));
#7690=FACE_OUTER_BOUND('',#7689,.T.);
#7691=ADVANCED_FACE('',(#7690),#7681,.T.);
#7692=PLANE('Plane_YVPPGUYUKL, Wing2_Struct2_RibArray1, 0, 21',#7696);
#7693=CARTESIAN_POINT('',(22.6819513672634,14.7023809524444,2.00362040391858));
#7694=DIRECTION('',(0.,-1.,0.));
#7695=DIRECTION('',(1.,0.,0.));
#7696=AXIS2_PLACEMENT_3D('',#7693,#7694,#7695);
#7697=ORIENTED_EDGE('',*,*,#5251,.T.);
#7698=ORIENTED_EDGE('',*,*,#2525,.T.);
#7699=EDGE_LOOP('',(#7697, #7698));
#7700=FACE_OUTER_BOUND('',#7699,.T.);
#7701=ADVANCED_FACE('',(#7700),#7692,.T.);
#7702=PLANE('Plane_YVPPGUYUKL, Wing2_Struct2_RibArray1, 0, 22',#7706);
#7703=CARTESIAN_POINT('',(22.6819513672634,15.2380952381659,2.00362040391858));
#7704=DIRECTION('',(0.,-1.,0.));
#7705=DIRECTION('',(1.,0.,0.));
#7706=AXIS2_PLACEMENT_3D('',#7703,#7704,#7705);
#7707=ORIENTED_EDGE('',*,*,#5410,.T.);
#7708=ORIENTED_EDGE('',*,*,#2644,.T.);
#7709=EDGE_LOOP('',(#7707, #7708));
#7710=FACE_OUTER_BOUND('',#7709,.T.);
#7711=ADVANCED_FACE('',(#7710),#7702,.T.);
#7712=PLANE('Plane_YVPPGUYUKL, Wing2_Struct2_RibArray1, 0, 23',#7716);
#7713=CARTESIAN_POINT('',(22.6819513672634,15.7738095238873,2.00362040391858));
#7714=DIRECTION('',(0.,-1.,0.));
#7715=DIRECTION('',(1.,0.,0.));
#7716=AXIS2_PLACEMENT_3D('',#7713,#7714,#7715);
#7717=ORIENTED_EDGE('',*,*,#5569,.T.);
#7718=ORIENTED_EDGE('',*,*,#2769,.T.);
#7719=EDGE_LOOP('',(#7717, #7718));
#7720=FACE_OUTER_BOUND('',#7719,.T.);
#7721=ADVANCED_FACE('',(#7720),#7712,.T.);
#7722=PLANE('Plane_YVPPGUYUKL, Wing2_Struct2_RibArray1, 0, 24',#7726);
#7723=CARTESIAN_POINT('',(22.6819513672634,16.3095238096087,2.00362040391858));
#7724=DIRECTION('',(0.,-1.,0.));
#7725=DIRECTION('',(1.,0.,0.));
#7726=AXIS2_PLACEMENT_3D('',#7723,#7724,#7725);
#7727=ORIENTED_EDGE('',*,*,#5716,.F.);
#7728=ORIENTED_EDGE('',*,*,#2890,.T.);
#7729=EDGE_LOOP('',(#7727, #7728));
#7730=FACE_OUTER_BOUND('',#7729,.T.);
#7731=ADVANCED_FACE('',(#7730),#7722,.T.);
#7732=GEOMETRIC_SET('YVPPGUYUKL, Wing2_Struct2_RibArray1, 0, 24',(#7722));
#7733=GEOMETRIC_SET('YVPPGUYUKL, Wing2_Struct2_RibArray1, 0, 23',(#7712));
#7734=GEOMETRIC_SET('YVPPGUYUKL, Wing2_Struct2_RibArray1, 0, 21',(#7692));
#7735=GEOMETRIC_SET('YVPPGUYUKL, Wing2_Struct2_RibArray1, 0, 19',(#7671));
#7736=GEOMETRIC_SET('YVPPGUYUKL, Wing2_Struct2_RibArray0, 0, 10',(#7579));
#7737=GEOMETRIC_SET('YVPPGUYUKL, Wing2_Struct2_RibArray1, 0, 18',(#7661));
#7738=GEOMETRIC_SET('YVPPGUYUKL, Wing2_Struct2_RibArray0, 0, 6',(#7539));
#7739=GEOMETRIC_SET('YVPPGUYUKL, Wing2_Struct2_RibArray1, 0, 16',(#7641));
#7740=GEOMETRIC_SET('YVPPGUYUKL, Wing2_Struct2_RibArray0, 0, 15',(#7630));
#7741=GEOMETRIC_SET('YVPPGUYUKL, Wing2_Struct2_RibArray1, 0, 17',(#7651));
#7742=GEOMETRIC_SET('YVPPGUYUKL, Wing2_Struct2_RibArray0, 0, 14',(#7620));
#7743=GEOMETRIC_SET('YVPPGUYUKL, Wing2_Struct2_RibArray0, 0, 8',(#7559));
#7744=GEOMETRIC_SET('YVPPGUYUKL, Wing2_Struct2_RibArray0, 0, 12',(#7600));
#7745=GEOMETRIC_SET('YVPPGUYUKL, Wing2_Struct2_RibArray0, 0, 9',(#7569));
#7746=GEOMETRIC_SET('YVPPGUYUKL, Wing2_Struct2_RibArray0, 0, 13',(#7610));
#7747=GEOMETRIC_SET('YVPPGUYUKL, Wing2_Struct2_Skin, 0, 1',(#6601));
#7748=GEOMETRIC_SET('YVPPGUYUKL, Wing2_Struct2_RibArray0, 0, 7',(#7549));
#7749=GEOMETRIC_SET('YVPPGUYUKL, Wing2_Struct2_RibArray0, 0, 11',(#7590));
#7750=GEOMETRIC_SET('YVPPGUYUKL, Wing2_Struct2_Skin, 0, 3',(#7065));
#7751=GEOMETRIC_SET('YVPPGUYUKL, Wing2_Struct2_Skin, 0, 5',(#7529));
#7752=GEOMETRIC_SET('YVPPGUYUKL, Wing2_Struct2_RibArray1, 0, 22',(#7702));
#7753=GEOMETRIC_SET('YVPPGUYUKL, Wing2_Struct2_Skin, 0, 4',(#7519));
#7754=GEOMETRIC_SET('YVPPGUYUKL, Wing2_Struct2_RibArray1, 0, 20',(#7681));
#7755=GEOMETRIC_SET('YVPPGUYUKL, Wing2_Struct2_Skin, 0, 2',(#6611));
#7756=GEOMETRIC_SET('YVPPGUYUKL, Wing2_Struct2_Skin, 0, 0',(#6591));
#7757=OPEN_SHELL('',(#6600, #6610, #7064, #7518, #7528, #7538, #7548, #7558, #7568, #7578, #7589, #7599, #7609, #7619, #7629, #7640, #7650, #7660, #7670, #7680, #7691, #7701, #7711, #7721, #7731));
#7758=SHELL_BASED_SURFACE_MODEL('',(#7757));
#7759=MANIFOLD_SURFACE_SHAPE_REPRESENTATION('',(#7758,#7763),#12);
#7760=CARTESIAN_POINT('',(0.,0.,0.));
#7761=DIRECTION('',(0.,0.,1.));
#7762=DIRECTION('',(1.,0.,0.));
#7763=AXIS2_PLACEMENT_3D('',#7760,#7761,#7762);
#7764=SHAPE_DEFINITION_REPRESENTATION(#25,#7759);
ENDSEC;
END-ISO-10303-21;
