ISO-10303-21;
HEADER;
FILE_DESCRIPTION((''),'1');
FILE_NAME('outfile.stp','2026-06-03T11:45:35',(''),(''),'','','');
FILE_SCHEMA(('CONFIG_CONTROL_DESIGN'));
ENDSEC;
DATA;
#1=CALENDAR_DATE(2000,1,1);
#2=COORDINATED_UNIVERSAL_TIME_OFFSET(0,0,.BEHIND.);
#3=LOCAL_TIME(12,0,0.,#2);
#4=DATE_AND_TIME(#1,#3);
#5=DIMENSIONAL_EXPONENTS(0.,0.,0.,0.,0.,0.,0.);
#6=(
LENGTH_UNIT()
NAMED_UNIT(*)
SI_UNIT(.MILLI.,.METRE.)
);
#7=LENGTH_MEASURE_WITH_UNIT(LENGTH_MEASURE(304.8),#6);
#8=DIMENSIONAL_EXPONENTS(1.,0.,0.,0.,0.,0.,0.);
#9=(
CONVERSION_BASED_UNIT('FOOT',#7)
LENGTH_UNIT()
NAMED_UNIT(#8)
);
#10=UNCERTAINTY_MEASURE_WITH_UNIT(LENGTH_MEASURE(1.E-06),#9,'closure','Threshold below which geometry imperfections (such as overlaps) are not considered errors.');
#11=(
NAMED_UNIT(*)
PLANE_ANGLE_UNIT()
SI_UNIT($,.RADIAN.)
);
#12=PLANE_ANGLE_MEASURE_WITH_UNIT(PLANE_ANGLE_MEASURE(0.0174532925199433),#11);
#13=(
CONVERSION_BASED_UNIT('DEGREES',#12)
NAMED_UNIT(#5)
PLANE_ANGLE_UNIT()
);
#14=(
NAMED_UNIT(*)
SI_UNIT($,.STERADIAN.)
SOLID_ANGLE_UNIT()
);
#15=(
GEOMETRIC_REPRESENTATION_CONTEXT(3)
GLOBAL_UNCERTAINTY_ASSIGNED_CONTEXT((#10))
GLOBAL_UNIT_ASSIGNED_CONTEXT((#9,#13,#14))
REPRESENTATION_CONTEXT('STANDARD','3D')
);
#16=CARTESIAN_POINT('',(0.,0.,0.));
#17=DIRECTION('',(0.,0.,1.));
#18=DIRECTION('',(1.,0.,0.));
#19=AXIS2_PLACEMENT_3D('',#16,#17,#18);
#20=APPLICATION_CONTEXT('configuration controlled 3d designs of mechanical parts and assemblies');
#21=MECHANICAL_CONTEXT('',#20,'mechanical');
#22=APPLICATION_PROTOCOL_DEFINITION('international standard','config_control_design',1994,#20);
#23=DESIGN_CONTEXT('',#20,'design');
#24=PRODUCT('','prodname','',(#21));
#25=PRODUCT_RELATED_PRODUCT_CATEGORY('assembly','',(#24));
#26=PRODUCT_DEFINITION_FORMATION_WITH_SPECIFIED_SOURCE('','',#24,.MADE.);
#27=PRODUCT_DEFINITION('','',#26,#23);
#28=PRODUCT_DEFINITION_SHAPE('','ProductShapeDescription',#27);
#29=SHAPE_REPRESENTATION('',(#19),#15);
#30=SHAPE_DEFINITION_REPRESENTATION(#28,#29);
#31=PERSON('','Doe','John',$,$,$);
#32=ORGANIZATION('','','');
#33=PERSON_AND_ORGANIZATION(#31,#32);
#34=PERSON_AND_ORGANIZATION_ROLE('creator');
#35=PERSON_AND_ORGANIZATION_ROLE('design_owner');
#36=PERSON_AND_ORGANIZATION_ROLE('design_supplier');
#37=APPROVAL_STATUS('approved');
#38=APPROVAL(#37,'');
#39=APPROVAL_DATE_TIME(#4,#38);
#40=APPROVAL_ROLE('approver');
#41=APPROVAL_PERSON_ORGANIZATION(#33,#38,#40);
#42=SECURITY_CLASSIFICATION_LEVEL('unclassified');
#43=SECURITY_CLASSIFICATION('','',#42);
#44=CC_DESIGN_SECURITY_CLASSIFICATION(#43,(#26));
#45=PERSON_AND_ORGANIZATION_ROLE('classification_officer');
#46=CC_DESIGN_PERSON_AND_ORGANIZATION_ASSIGNMENT(#33,#45,(#43));
#47=DATE_TIME_ROLE('classification_date');
#48=CC_DESIGN_DATE_AND_TIME_ASSIGNMENT(#4,#47,(#43));
#49=CC_DESIGN_APPROVAL(#38,(#27,#26,#43));
#50=CC_DESIGN_PERSON_AND_ORGANIZATION_ASSIGNMENT(#33,#34,(#27,#26));
#51=CC_DESIGN_PERSON_AND_ORGANIZATION_ASSIGNMENT(#33,#36,(#26));
#52=DATE_TIME_ROLE('creation_date');
#53=CC_DESIGN_DATE_AND_TIME_ASSIGNMENT(#4,#52,(#27));
#54=CC_DESIGN_PERSON_AND_ORGANIZATION_ASSIGNMENT(#33,#35,(#24));
#55=CARTESIAN_POINT('',(22.6181386252028,11.6559379398611,1.91651714483889));
#56=VERTEX_POINT('',#55);
#57=CARTESIAN_POINT('',(21.6190904036209,11.6559379398611,1.87289775747356));
#58=VERTEX_POINT('',#57);
#59=B_SPLINE_CURVE_WITH_KNOTS('Curve_0',1,(#60, #61, #62, #63, #64, #65, #66, #67, #68, #69, #70, #71, #72, #73, #74, #75, #76),.POLYLINE_FORM.,.F.,.F.,(2,1,1,1,1,1,1,1,1,1,1,1,1,1,1,1,2),(0.,1.,2.,3.,4.,5.,6.,7.,8.,9.,10.,11.,12.,13.,14.,15.,16.),.UNIFORM_KNOTS.);
#60=CARTESIAN_POINT('',(22.6181386252028,11.6559379398611,1.91651714483889));
#61=CARTESIAN_POINT('',(22.5552101143037,11.6559379398611,1.91776673217914));
#62=CARTESIAN_POINT('',(22.4922432243567,11.6559379398611,1.91857259464629));
#63=CARTESIAN_POINT('',(22.4292445436068,11.6559379398611,1.91893442285105));
#64=CARTESIAN_POINT('',(22.3662188424859,11.6559379398611,1.91885177829652));
#65=CARTESIAN_POINT('',(22.3031701834911,11.6559379398611,1.91832400281922));
#66=CARTESIAN_POINT('',(22.2401015660522,11.6559379398611,1.91735067816908));
#67=CARTESIAN_POINT('',(22.1770156896249,11.6559379398611,1.91593101457464));
#68=CARTESIAN_POINT('',(22.1139153405462,11.6559379398611,1.9140640790237));
#69=CARTESIAN_POINT('',(22.0508040170174,11.6559379398611,1.911749666811));
#70=CARTESIAN_POINT('',(21.9876904833206,11.6559379398611,1.90891908341853));
#71=CARTESIAN_POINT('',(21.9246089137226,11.6559379398611,1.90516717615724));
#72=CARTESIAN_POINT('',(21.8615930143316,11.6559379398611,1.9004272109456));
#73=CARTESIAN_POINT('',(21.7986925690624,11.6559379398611,1.89470848799411));
#74=CARTESIAN_POINT('',(21.7360071544062,11.6559379398611,1.88802802185116));
#75=CARTESIAN_POINT('',(21.673842988103,11.6559379398611,1.88043319002767));
#76=CARTESIAN_POINT('',(21.6190904036209,11.6559379398611,1.87289775747356));
#77=EDGE_CURVE('Edge_0',#56,#58,#59,.T.);
#78=CARTESIAN_POINT('',(21.6190904036209,11.6559379398611,1.87289775747356));
#79=VERTEX_POINT('',#78);
#80=CARTESIAN_POINT('',(22.6181386252028,11.6559379398611,1.91651714483889));
#81=VERTEX_POINT('',#80);
#82=B_SPLINE_CURVE_WITH_KNOTS('Curve_1',1,(#83, #84, #85, #86, #87, #88, #89, #90, #91, #92, #93, #94, #95, #96, #97, #98, #99, #100, #101, #102, #103, #104, #105, #106, #107, #108, #109, #110, #111, #112, #113, #114, #115, #116, #117, #118, #119, #120, #121, #122, #123, #124, #125, #126, #127, #128, #129, #130, #131, #132, #133, #134, #135, #136, #137, #138, #139, #140, #141, #142, #143, #144, #145, #146, #147, #148, #149, #150, #151, #152, #153, #154, #155, #156, #157, #158, #159, #160, #161, #162, #163, #164, #165, #166, #167, #168, #169, #170, #171, #172, #173, #174, #175, #176, #177, #178, #179, #180, #181, #182, #183, #184, #185, #186, #187, #188, #189, #190, #191, #192, #193, #194, #195, #196, #197, #198, #199, #200, #201, #202, #203, #204, #205, #206, #207, #208, #209, #210, #211),.POLYLINE_FORM.,.F.,.F.,(2,1,1,1,1,1,1,1,1,1,1,1,1,1,1,1,1,1,1,1,1,1,1,1,1,1,1,1,1,1,1,1,1,1,1,1,1,1,1,1,1,1,1,1,1,1,1,1,1,1,1,1,1,1,1,1,1,1,1,1,1,1,1,1,1,1,1,1,1,1,1,1,1,1,1,1,1,1,1,1,1,1,1,1,1,1,1,1,1,1,1,1,1,1,1,1,1,1,1,1,1,1,1,1,1,1,1,1,1,1,1,1,1,1,1,1,1,1,1,1,1,1,1,1,1,1,1,1,2),(0.,1.,2.,3.,4.,5.,6.,7.,8.,9.,10.,11.,12.,13.,14.,15.,16.,17.,18.,19.,20.,21.,22.,23.,24.,25.,26.,27.,28.,29.,30.,31.,32.,33.,34.,35.,36.,37.,38.,39.,40.,41.,42.,43.,44.,45.,46.,47.,48.,49.,50.,51.,52.,53.,54.,55.,56.,57.,58.,59.,60.,61.,62.,63.,64.,65.,66.,67.,68.,69.,70.,71.,72.,73.,74.,75.,76.,77.,78.,79.,80.,81.,82.,83.,84.,85.,86.,87.,88.,89.,90.,91.,92.,93.,94.,95.,96.,97.,98.,99.,100.,101.,102.,103.,104.,105.,106.,107.,108.,109.,110.,111.,112.,113.,114.,115.,116.,117.,118.,119.,120.,121.,122.,123.,124.,125.,126.,127.,128.),.UNIFORM_KNOTS.);
#83=CARTESIAN_POINT('',(21.6190904036209,11.6559379398611,1.87289775747356));
#84=CARTESIAN_POINT('',(21.6190739903311,11.6559379398611,1.87301989201147));
#85=CARTESIAN_POINT('',(21.6190596689654,11.6559379398611,1.87314275843475));
#86=CARTESIAN_POINT('',(21.6190474494366,11.6559379398611,1.8732662236529));
#87=CARTESIAN_POINT('',(21.6190373416574,11.6559379398611,1.87339015457543));
#88=CARTESIAN_POINT('',(21.6190293555404,11.6559379398611,1.87351441811184));
#89=CARTESIAN_POINT('',(21.6190235009983,11.6559379398611,1.87363888117166));
#90=CARTESIAN_POINT('',(21.6190197879438,11.6559379398611,1.87376341066437));
#91=CARTESIAN_POINT('',(21.6190182262896,11.6559379398611,1.87388787349951));
#92=CARTESIAN_POINT('',(21.6190188430876,11.6559379398611,1.87401217906744));
#93=CARTESIAN_POINT('',(21.619021643451,11.6559379398611,1.874136322701));
#94=CARTESIAN_POINT('',(21.6190266043837,11.6559379398611,1.87426030022331));
#95=CARTESIAN_POINT('',(21.61903370289,11.6559379398611,1.87438410745753));
#96=CARTESIAN_POINT('',(21.619042915974,11.6559379398611,1.87450774022679));
#97=CARTESIAN_POINT('',(21.6190542206399,11.6559379398611,1.87463119435424));
#98=CARTESIAN_POINT('',(21.6190675938918,11.6559379398611,1.87475446566301));
#99=CARTESIAN_POINT('',(21.6190830127338,11.6559379398611,1.87487754997626));
#100=CARTESIAN_POINT('',(21.619100448746,11.6559379398611,1.87500038338806));
#101=CARTESIAN_POINT('',(21.619119866853,11.6559379398611,1.87512289287735));
#102=CARTESIAN_POINT('',(21.6191412340767,11.6559379398611,1.8752450605946));
#103=CARTESIAN_POINT('',(21.6191645174385,11.6559379398611,1.87536686869026));
#104=CARTESIAN_POINT('',(21.6191896839601,11.6559379398611,1.8754882993148));
#105=CARTESIAN_POINT('',(21.6192167006631,11.6559379398611,1.87560933461867));
#106=CARTESIAN_POINT('',(21.6192455345692,11.6559379398611,1.87572995675234));
#107=CARTESIAN_POINT('',(21.6192761526999,11.6559379398611,1.87585014786627));
#108=CARTESIAN_POINT('',(21.6193085220769,11.6559379398611,1.87596989011092));
#109=CARTESIAN_POINT('',(21.6193426097218,11.6559379398611,1.87608916563674));
#110=CARTESIAN_POINT('',(21.6193783826561,11.6559379398611,1.8762079565942));
#111=CARTESIAN_POINT('',(21.6194158079016,11.6559379398611,1.87632624513376));
#112=CARTESIAN_POINT('',(21.6194548524799,11.6559379398611,1.87644401340588));
#113=CARTESIAN_POINT('',(21.6194954834124,11.6559379398611,1.87656124356102));
#114=CARTESIAN_POINT('',(21.619537667721,11.6559379398611,1.87667791774963));
#115=CARTESIAN_POINT('',(21.6195813724272,11.6559379398611,1.87679401812218));
#116=CARTESIAN_POINT('',(21.6196265514243,11.6559379398611,1.87690953313018));
#117=CARTESIAN_POINT('',(21.6196731606367,11.6559379398611,1.87702446218383));
#118=CARTESIAN_POINT('',(21.6197211701323,11.6559379398611,1.87713880387164));
#119=CARTESIAN_POINT('',(21.6197705499791,11.6559379398611,1.8772525567821));
#120=CARTESIAN_POINT('',(21.6198212702451,11.6559379398611,1.87736571950371));
#121=CARTESIAN_POINT('',(21.6198733009981,11.6559379398611,1.87747829062499));
#122=CARTESIAN_POINT('',(21.6199266123062,11.6559379398611,1.87759026873442));
#123=CARTESIAN_POINT('',(21.6199811742373,11.6559379398611,1.87770165242052));
#124=CARTESIAN_POINT('',(21.6200369568594,11.6559379398611,1.87781244027178));
#125=CARTESIAN_POINT('',(21.6200939302405,11.6559379398611,1.87792263087671));
#126=CARTESIAN_POINT('',(21.6201520644484,11.6559379398611,1.8780322228238));
#127=CARTESIAN_POINT('',(21.6202113295511,11.6559379398611,1.87814121470157));
#128=CARTESIAN_POINT('',(21.620333132713,11.6559379398611,1.87835739260311));
#129=CARTESIAN_POINT('',(21.6204591002698,11.6559379398611,1.87857115328936));
#130=CARTESIAN_POINT('',(21.6205889856425,11.6559379398611,1.878782508515));
#131=CARTESIAN_POINT('',(21.6207225937934,11.6559379398611,1.87899150314593));
#132=CARTESIAN_POINT('',(21.6208597625782,11.6559379398611,1.87919817555693));
#133=CARTESIAN_POINT('',(21.6210003298528,11.6559379398611,1.87940256412279));
#134=CARTESIAN_POINT('',(21.6211441334729,11.6559379398611,1.87960470721829));
#135=CARTESIAN_POINT('',(21.6212910112941,11.6559379398611,1.87980464321823));
#136=CARTESIAN_POINT('',(21.6214408011722,11.6559379398611,1.88000241049739));
#137=CARTESIAN_POINT('',(21.6215933409629,11.6559379398611,1.88019804743056));
#138=CARTESIAN_POINT('',(21.6217484850404,11.6559379398611,1.88039159696591));
#139=CARTESIAN_POINT('',(21.6219061310765,11.6559379398611,1.88058310363324));
#140=CARTESIAN_POINT('',(21.6220661818734,11.6559379398611,1.88077260817973));
#141=CARTESIAN_POINT('',(21.6222285402336,11.6559379398611,1.88096015135258));
#142=CARTESIAN_POINT('',(21.6223931089593,11.6559379398611,1.88114577389897));
#143=CARTESIAN_POINT('',(21.6225597908529,11.6559379398611,1.88132951656609));
#144=CARTESIAN_POINT('',(21.6227284887166,11.6559379398611,1.88151142010115));
#145=CARTESIAN_POINT('',(21.6228991053529,11.6559379398611,1.88169152525131));
#146=CARTESIAN_POINT('',(21.6232456413657,11.6559379398611,1.88204657895103));
#147=CARTESIAN_POINT('',(21.6235987935489,11.6559379398611,1.88239502264948));
#148=CARTESIAN_POINT('',(21.6239581398593,11.6559379398611,1.8827370974864));
#149=CARTESIAN_POINT('',(21.6243232582538,11.6559379398611,1.88307304460152));
#150=CARTESIAN_POINT('',(21.624693574692,11.6559379398611,1.88340321674547));
#151=CARTESIAN_POINT('',(21.6250686277632,11.6559379398611,1.88372793553019));
#152=CARTESIAN_POINT('',(21.6254481643696,11.6559379398611,1.88404739538734));
#153=CARTESIAN_POINT('',(21.6258319314129,11.6559379398611,1.88436179074861));
#154=CARTESIAN_POINT('',(21.6262196757951,11.6559379398611,1.88467131604566));
#155=CARTESIAN_POINT('',(21.626611144418,11.6559379398611,1.88497616571016));
#156=CARTESIAN_POINT('',(21.6270060841836,11.6559379398611,1.88527653417379));
#157=CARTESIAN_POINT('',(21.6274042419938,11.6559379398611,1.8855726158682));
#158=CARTESIAN_POINT('',(21.6282090734506,11.6559379398611,1.88615288688426));
#159=CARTESIAN_POINT('',(21.6290242970337,11.6559379398611,1.88671826185823));
#160=CARTESIAN_POINT('',(21.6298491013611,11.6559379398611,1.88726960240105));
#161=CARTESIAN_POINT('',(21.6306826750507,11.6559379398611,1.88780777012363));
#162=CARTESIAN_POINT('',(21.6315242067204,11.6559379398611,1.88833362663688));
#163=CARTESIAN_POINT('',(21.6323728849882,11.6559379398611,1.88884803355174));
#164=CARTESIAN_POINT('',(21.633227898472,11.6559379398611,1.88935185247913));
#165=CARTESIAN_POINT('',(21.6340884357896,11.6559379398611,1.88984594502995));
#166=CARTESIAN_POINT('',(21.6358246735641,11.6559379398611,1.89080669912574));
#167=CARTESIAN_POINT('',(21.6375795371891,11.6559379398611,1.89173324631835));
#168=CARTESIAN_POINT('',(21.6393504247604,11.6559379398611,1.8926291133628));
#169=CARTESIAN_POINT('',(21.6411347343736,11.6559379398611,1.89349782701409));
#170=CARTESIAN_POINT('',(21.6429307004182,11.6559379398611,1.89434185305504));
#171=CARTESIAN_POINT('',(21.6447375086331,11.6559379398611,1.89516254239159));
#172=CARTESIAN_POINT('',(21.6465539841376,11.6559379398611,1.89596174946338));
#173=CARTESIAN_POINT('',(21.6483789520511,11.6559379398611,1.89674132871005));
#174=CARTESIAN_POINT('',(21.6520514328457,11.6559379398611,1.89824644770164));
#175=CARTESIAN_POINT('',(21.6557494767555,11.6559379398611,1.89968757890198));
#176=CARTESIAN_POINT('',(21.6594690571977,11.6559379398611,1.90107192400538));
#177=CARTESIAN_POINT('',(21.6632079892145,11.6559379398611,1.90240369411784));
#178=CARTESIAN_POINT('',(21.6669630245914,11.6559379398611,1.90368919217601));
#179=CARTESIAN_POINT('',(21.6707321519256,11.6559379398611,1.90493258877009));
#180=CARTESIAN_POINT('',(21.6783072243433,11.6559379398611,1.90730457627327));
#181=CARTESIAN_POINT('',(21.6859234109168,11.6559379398611,1.90954119216464));
#182=CARTESIAN_POINT('',(21.6935735650237,11.6559379398611,1.91165862658627));
#183=CARTESIAN_POINT('',(21.7012528016447,11.6559379398611,1.9136686712655));
#184=CARTESIAN_POINT('',(21.7089560994149,11.6559379398611,1.91558354569914));
#185=CARTESIAN_POINT('',(21.7166809863436,11.6559379398611,1.91740963028672));
#186=CARTESIAN_POINT('',(21.7244250825394,11.6559379398611,1.91915317964578));
#187=CARTESIAN_POINT('',(21.7321860081106,11.6559379398611,1.92082044839386));
#188=CARTESIAN_POINT('',(21.7477508949419,11.6559379398611,1.92394621273576));
#189=CARTESIAN_POINT('',(21.7633644574654,11.6559379398611,1.92681821488277));
#190=CARTESIAN_POINT('',(21.7790189809935,11.6559379398611,1.92945832748851));
#191=CARTESIAN_POINT('',(21.7947082258656,11.6559379398611,1.93188477570423));
#192=CARTESIAN_POINT('',(21.8104266801424,11.6559379398611,1.93411372098667));
#193=CARTESIAN_POINT('',(21.8261702369316,11.6559379398611,1.93615748868216));
#194=CARTESIAN_POINT('',(21.8419356741111,11.6559379398611,1.93802581317158));
#195=CARTESIAN_POINT('',(21.8577196097633,11.6559379398611,1.93972898675429));
#196=CARTESIAN_POINT('',(21.8893346399726,11.6559379398611,1.94266549727256));
#197=CARTESIAN_POINT('',(21.9209985085089,11.6559379398611,1.94501901013555));
#198=CARTESIAN_POINT('',(21.9526978775968,11.6559379398611,1.94683186088226));
#199=CARTESIAN_POINT('',(21.984422215899,11.6559379398611,1.94813486131151));
#200=CARTESIAN_POINT('',(22.0161626914484,11.6559379398611,1.94896106310628));
#201=CARTESIAN_POINT('',(22.047911159624,11.6559379398611,1.94938958276928));
#202=CARTESIAN_POINT('',(22.0796621604497,11.6559379398611,1.94952082105975));
#203=CARTESIAN_POINT('',(22.111413126907,11.6559379398611,1.94937041861056));
#204=CARTESIAN_POINT('',(22.1749058895828,11.6559379398611,1.94828726494008));
#205=CARTESIAN_POINT('',(22.2383751114597,11.6559379398611,1.94623941207063));
#206=CARTESIAN_POINT('',(22.3018093728586,11.6559379398611,1.94330463234246));
#207=CARTESIAN_POINT('',(22.3651995483964,11.6559379398611,1.93953275676842));
#208=CARTESIAN_POINT('',(22.4285369510741,11.6559379398611,1.93496049326959));
#209=CARTESIAN_POINT('',(22.4918126586789,11.6559379398611,1.92960177550613));
#210=CARTESIAN_POINT('',(22.5550171459841,11.6559379398611,1.92345956171135));
#211=CARTESIAN_POINT('',(22.6181386252028,11.6559379398611,1.91651714483889));
#212=EDGE_CURVE('Edge_1',#79,#81,#82,.T.);
#213=CARTESIAN_POINT('',(21.6190904036209,11.6559379398611,1.87289775747356));
#214=VERTEX_POINT('',#213);
#215=CARTESIAN_POINT('',(21.6193663834834,1.47540983606557,-1.74093745900094));
#216=VERTEX_POINT('',#215);
#217=B_SPLINE_CURVE_WITH_KNOTS('Curve_2',1,(#218, #219, #220, #221, #222, #223, #224, #225, #226, #227, #228, #229, #230, #231, #232, #233, #234),.POLYLINE_FORM.,.F.,.F.,(2,1,1,1,1,1,1,1,1,1,1,1,1,1,1,1,2),(0.,1.,2.,3.,4.,5.,6.,7.,8.,9.,10.,11.,12.,13.,14.,15.,16.),.UNIFORM_KNOTS.);
#218=CARTESIAN_POINT('',(21.6190904036209,11.6559379398611,1.87289775747356));
#219=CARTESIAN_POINT('',(21.6191076523623,11.0196549333739,1.6470330564439));
#220=CARTESIAN_POINT('',(21.6191249011037,10.3833719268867,1.42116835541424));
#221=CARTESIAN_POINT('',(21.6191421498451,9.74708892039944,1.19530365438459));
#222=CARTESIAN_POINT('',(21.6191593985866,9.11080591391222,0.969438953354932));
#223=CARTESIAN_POINT('',(21.619176647328,8.474522907425,0.743574252325276));
#224=CARTESIAN_POINT('',(21.6191938960694,7.83823990093778,0.51770955129562));
#225=CARTESIAN_POINT('',(21.6192111448108,7.20195689445056,0.291844850265964));
#226=CARTESIAN_POINT('',(21.6192283935522,6.56567388796334,0.065980149236308));
#227=CARTESIAN_POINT('',(21.6192456422936,5.92939088147612,-0.159884551793348));
#228=CARTESIAN_POINT('',(21.619262891035,5.2931078749889,-0.385749252823004));
#229=CARTESIAN_POINT('',(21.6192801397764,4.65682486850168,-0.61161395385266));
#230=CARTESIAN_POINT('',(21.6192973885178,4.02054186201446,-0.837478654882316));
#231=CARTESIAN_POINT('',(21.6193146372592,3.38425885552723,-1.06334335591197));
#232=CARTESIAN_POINT('',(21.6193318860006,2.74797584904001,-1.28920805694163));
#233=CARTESIAN_POINT('',(21.619349134742,2.11169284255279,-1.51507275797128));
#234=CARTESIAN_POINT('',(21.6193663834834,1.47540983606557,-1.74093745900094));
#235=EDGE_CURVE('Edge_2',#214,#216,#217,.T.);
#236=CARTESIAN_POINT('',(22.6181386252028,11.6559379398611,1.91651714483889));
#237=VERTEX_POINT('',#236);
#238=CARTESIAN_POINT('',(21.6190904036209,11.6559379398611,1.87289775747356));
#239=VERTEX_POINT('',#238);
#240=B_SPLINE_CURVE_WITH_KNOTS('Curve_3',1,(#241, #242, #243, #244, #245, #246, #247, #248, #249, #250, #251, #252, #253, #254, #255, #256, #257, #258, #259, #260, #261, #262, #263, #264, #265, #266, #267, #268, #269, #270, #271, #272, #273, #274, #275, #276, #277, #278, #279, #280, #281, #282, #283, #284, #285, #286, #287, #288, #289, #290, #291, #292, #293, #294, #295, #296, #297, #298, #299, #300, #301, #302, #303, #304, #305, #306, #307, #308, #309, #310, #311, #312, #313, #314, #315, #316, #317, #318, #319, #320, #321, #322, #323, #324, #325, #326, #327, #328, #329, #330, #331, #332, #333, #334, #335, #336, #337, #338, #339, #340, #341, #342, #343, #344, #345, #346, #347, #348, #349, #350, #351, #352, #353, #354, #355, #356, #357, #358, #359),.POLYLINE_FORM.,.F.,.F.,(2,1,1,1,1,1,1,1,1,1,1,1,1,1,1,1,1,1,1,1,1,1,1,1,1,1,1,1,1,1,1,1,1,1,1,1,1,1,1,1,1,1,1,1,1,1,1,1,1,1,1,1,1,1,1,1,1,1,1,1,1,1,1,1,1,1,1,1,1,1,1,1,1,1,1,1,1,1,1,1,1,1,1,1,1,1,1,1,1,1,1,1,1,1,1,1,1,1,1,1,1,1,1,1,1,1,1,1,1,1,1,1,1,1,1,1,1,1,2),(0.,1.,2.,3.,4.,5.,6.,7.,8.,9.,10.,11.,12.,13.,14.,15.,16.,17.,18.,19.,20.,21.,22.,23.,24.,25.,26.,27.,28.,29.,30.,31.,32.,33.,34.,35.,36.,37.,38.,39.,40.,41.,42.,43.,44.,45.,46.,47.,48.,49.,50.,51.,52.,53.,54.,55.,56.,57.,58.,59.,60.,61.,62.,63.,64.,65.,66.,67.,68.,69.,70.,71.,72.,73.,74.,75.,76.,77.,78.,79.,80.,81.,82.,83.,84.,85.,86.,87.,88.,89.,90.,91.,92.,93.,94.,95.,96.,97.,98.,99.,100.,101.,102.,103.,104.,105.,106.,107.,108.,109.,110.,111.,112.,113.,114.,115.,116.,117.,118.),.UNIFORM_KNOTS.);
#241=CARTESIAN_POINT('',(22.6181386252028,11.6559379398611,1.91651714483889));
#242=CARTESIAN_POINT('',(22.5554030826234,11.6559379398611,1.91207390264692));
#243=CARTESIAN_POINT('',(22.4926737900345,11.6559379398611,1.90754341378645));
#244=CARTESIAN_POINT('',(22.4299521361395,11.6559379398611,1.90290835243251));
#245=CARTESIAN_POINT('',(22.3672381365753,11.6559379398611,1.89817079982462));
#246=CARTESIAN_POINT('',(22.3045309941235,11.6559379398611,1.89334337329597));
#247=CARTESIAN_POINT('',(22.2418280206448,11.6559379398611,1.88846194426752));
#248=CARTESIAN_POINT('',(22.1791254896669,11.6559379398611,1.88357476420919));
#249=CARTESIAN_POINT('',(22.1164175541854,11.6559379398611,1.87875773943684));
#250=CARTESIAN_POINT('',(22.0536968744108,11.6559379398611,1.87410975085273));
#251=CARTESIAN_POINT('',(21.9909587507421,11.6559379398611,1.86970330552555));
#252=CARTESIAN_POINT('',(21.9282193189364,11.6559379398611,1.86531534217893));
#253=CARTESIAN_POINT('',(21.8654664189,11.6559379398611,1.86112543513691));
#254=CARTESIAN_POINT('',(21.8340777912437,11.6559379398611,1.85922149190012));
#255=CARTESIAN_POINT('',(21.8026769122592,11.6559379398611,1.857532200284));
#256=CARTESIAN_POINT('',(21.771260850463,11.6559379398611,1.85615536508834));
#257=CARTESIAN_POINT('',(21.7398283007017,11.6559379398611,1.85523559530847));
#258=CARTESIAN_POINT('',(21.7241066231959,11.6559379398611,1.85501344566303));
#259=CARTESIAN_POINT('',(21.7083836526882,11.6559379398611,1.85500863516971));
#260=CARTESIAN_POINT('',(21.7005225729678,11.6559379398611,1.85510456285913));
#261=CARTESIAN_POINT('',(21.6926630191694,11.6559379398611,1.85528156696773));
#262=CARTESIAN_POINT('',(21.6848061058985,11.6559379398611,1.85555223361056));
#263=CARTESIAN_POINT('',(21.6769538242804,11.6559379398611,1.85593379128525));
#264=CARTESIAN_POINT('',(21.6730303290926,11.6559379398611,1.8561734570625));
#265=CARTESIAN_POINT('',(21.6691092301295,11.6559379398611,1.85644998412218));
#266=CARTESIAN_POINT('',(21.6651912440916,11.6559379398611,1.85676796142018));
#267=CARTESIAN_POINT('',(21.6612775881146,11.6559379398611,1.8571340587587));
#268=CARTESIAN_POINT('',(21.6573691350712,11.6559379398611,1.85755292531782));
#269=CARTESIAN_POINT('',(21.6534677783457,11.6559379398611,1.8580330955179));
#270=CARTESIAN_POINT('',(21.6515204998282,11.6559379398611,1.85829949851338));
#271=CARTESIAN_POINT('',(21.6495759301188,11.6559379398611,1.85858513949909));
#272=CARTESIAN_POINT('',(21.6476346439235,11.6559379398611,1.85889207722479));
#273=CARTESIAN_POINT('',(21.6456972159486,11.6559379398611,1.85922237044026));
#274=CARTESIAN_POINT('',(21.6437641359608,11.6559379398611,1.85957781593392));
#275=CARTESIAN_POINT('',(21.6418364351237,11.6559379398611,1.85996139689037));
#276=CARTESIAN_POINT('',(21.6399155002391,11.6559379398611,1.86037695165354));
#277=CARTESIAN_POINT('',(21.6380027181087,11.6559379398611,1.86082831856739));
#278=CARTESIAN_POINT('',(21.6370498001474,11.6559379398611,1.86106855353562));
#279=CARTESIAN_POINT('',(21.6360995954194,11.6559379398611,1.86131937742582));
#280=CARTESIAN_POINT('',(21.6351525624295,11.6559379398611,1.86158179737209));
#281=CARTESIAN_POINT('',(21.6342091596826,11.6559379398611,1.8618568205085));
#282=CARTESIAN_POINT('',(21.6332697071993,11.6559379398611,1.86214513980238));
#283=CARTESIAN_POINT('',(21.6323347059207,11.6559379398611,1.86244766327547));
#284=CARTESIAN_POINT('',(21.6314048857324,11.6559379398611,1.8627657206435));
#285=CARTESIAN_POINT('',(21.6304809765197,11.6559379398611,1.86310064162217));
#286=CARTESIAN_POINT('',(21.6300214931368,11.6559379398611,1.86327489294837));
#287=CARTESIAN_POINT('',(21.6295638806167,11.6559379398611,1.8634540234019));
#288=CARTESIAN_POINT('',(21.629108329758,11.6559379398611,1.86363829172899));
#289=CARTESIAN_POINT('',(21.6286550313593,11.6559379398611,1.86382795667586));
#290=CARTESIAN_POINT('',(21.6282041762193,11.6559379398611,1.86402327698876));
#291=CARTESIAN_POINT('',(21.6277559551366,11.6559379398611,1.8642245114139));
#292=CARTESIAN_POINT('',(21.6273105589098,11.6559379398611,1.86443191869753));
#293=CARTESIAN_POINT('',(21.6268681783375,11.6559379398611,1.86464575758587));
#294=CARTESIAN_POINT('',(21.6264290100308,11.6559379398611,1.86486635561339));
#295=CARTESIAN_POINT('',(21.6259934698162,11.6559379398611,1.86509418499603));
#296=CARTESIAN_POINT('',(21.625562077316,11.6559379398611,1.86532972150219));
#297=CARTESIAN_POINT('',(21.6251353521521,11.6559379398611,1.86557344090028));
#298=CARTESIAN_POINT('',(21.6249239022032,11.6559379398611,1.86569851786144));
#299=CARTESIAN_POINT('',(21.6247138139466,11.6559379398611,1.86582581895873));
#300=CARTESIAN_POINT('',(21.6245051523351,11.6559379398611,1.86595540366321));
#301=CARTESIAN_POINT('',(21.6242979823216,11.6559379398611,1.86608733144594));
#302=CARTESIAN_POINT('',(21.6240923688587,11.6559379398611,1.86622166177796));
#303=CARTESIAN_POINT('',(21.6238883768991,11.6559379398611,1.86635845413032));
#304=CARTESIAN_POINT('',(21.6236860713958,11.6559379398611,1.86649776797407));
#305=CARTESIAN_POINT('',(21.6234855173013,11.6559379398611,1.86663966278028));
#306=CARTESIAN_POINT('',(21.6232868397076,11.6559379398611,1.86678423173592));
#307=CARTESIAN_POINT('',(21.6230902105752,11.6559379398611,1.86693157897071));
#308=CARTESIAN_POINT('',(21.6228957651598,11.6559379398611,1.86708178036977));
#309=CARTESIAN_POINT('',(21.6227036387171,11.6559379398611,1.86723491181824));
#310=CARTESIAN_POINT('',(21.622513966503,11.6559379398611,1.86739104920125));
#311=CARTESIAN_POINT('',(21.6223268837732,11.6559379398611,1.86755026840392));
#312=CARTESIAN_POINT('',(21.6221425257834,11.6559379398611,1.8677126453114));
#313=CARTESIAN_POINT('',(21.6219610277893,11.6559379398611,1.86787825580881));
#314=CARTESIAN_POINT('',(21.6217825790985,11.6559379398611,1.86804720258703));
#315=CARTESIAN_POINT('',(21.6216074265985,11.6559379398611,1.8682195729255));
#316=CARTESIAN_POINT('',(21.621521155678,11.6559379398611,1.86830705841983));
#317=CARTESIAN_POINT('',(21.6214357919149,11.6559379398611,1.86839541959221));
#318=CARTESIAN_POINT('',(21.6213513630124,11.6559379398611,1.86848466303864));
#319=CARTESIAN_POINT('',(21.6212678966736,11.6559379398611,1.86857479535513));
#320=CARTESIAN_POINT('',(21.6211854206019,11.6559379398611,1.86866582313766));
#321=CARTESIAN_POINT('',(21.6211039625004,11.6559379398611,1.86875775298224));
#322=CARTESIAN_POINT('',(21.6210235500724,11.6559379398611,1.86885059148486));
#323=CARTESIAN_POINT('',(21.620944211021,11.6559379398611,1.86894434524152));
#324=CARTESIAN_POINT('',(21.6208659730496,11.6559379398611,1.86903902084821));
#325=CARTESIAN_POINT('',(21.6207888638613,11.6559379398611,1.86913462490094));
#326=CARTESIAN_POINT('',(21.6207129111593,11.6559379398611,1.86923116399571));
#327=CARTESIAN_POINT('',(21.620638142647,11.6559379398611,1.8693286447285));
#328=CARTESIAN_POINT('',(21.6205646040908,11.6559379398611,1.86942707928956));
#329=CARTESIAN_POINT('',(21.6204923463452,11.6559379398611,1.86952647024286));
#330=CARTESIAN_POINT('',(21.6204214047447,11.6559379398611,1.86962680974498));
#331=CARTESIAN_POINT('',(21.620351814624,11.6559379398611,1.86972808995248));
#332=CARTESIAN_POINT('',(21.6202836113176,11.6559379398611,1.86983030302194));
#333=CARTESIAN_POINT('',(21.6202168301602,11.6559379398611,1.86993344110994));
#334=CARTESIAN_POINT('',(21.6201515064865,11.6559379398611,1.87003749637306));
#335=CARTESIAN_POINT('',(21.620087675631,11.6559379398611,1.87014246096787));
#336=CARTESIAN_POINT('',(21.6200253729284,11.6559379398611,1.87024832705094));
#337=CARTESIAN_POINT('',(21.6199646337134,11.6559379398611,1.87035508677885));
#338=CARTESIAN_POINT('',(21.6199054933204,11.6559379398611,1.87046273230817));
#339=CARTESIAN_POINT('',(21.6198479870842,11.6559379398611,1.87057125579549));
#340=CARTESIAN_POINT('',(21.6197921503393,11.6559379398611,1.87068064939737));
#341=CARTESIAN_POINT('',(21.6197380184205,11.6559379398611,1.8707909052704));
#342=CARTESIAN_POINT('',(21.6196856266623,11.6559379398611,1.87090201557114));
#343=CARTESIAN_POINT('',(21.6196350103993,11.6559379398611,1.87101397245618));
#344=CARTESIAN_POINT('',(21.6195862206684,11.6559379398611,1.87112676530797));
#345=CARTESIAN_POINT('',(21.6195392990617,11.6559379398611,1.87124036731085));
#346=CARTESIAN_POINT('',(21.6194942667471,11.6559379398611,1.87135474632421));
#347=CARTESIAN_POINT('',(21.6194511448925,11.6559379398611,1.87146987020743));
#348=CARTESIAN_POINT('',(21.6194099546657,11.6559379398611,1.87158570681991));
#349=CARTESIAN_POINT('',(21.6193707172347,11.6559379398611,1.87170222402104));
#350=CARTESIAN_POINT('',(21.6193334537673,11.6559379398611,1.87181938967021));
#351=CARTESIAN_POINT('',(21.6192981854313,11.6559379398611,1.8719371716268));
#352=CARTESIAN_POINT('',(21.6192649333947,11.6559379398611,1.87205553775021));
#353=CARTESIAN_POINT('',(21.6192337188253,11.6559379398611,1.87217445589982));
#354=CARTESIAN_POINT('',(21.6192045628909,11.6559379398611,1.87229389393502));
#355=CARTESIAN_POINT('',(21.6191774867596,11.6559379398611,1.8724138197152));
#356=CARTESIAN_POINT('',(21.619152511599,11.6559379398611,1.87253420109976));
#357=CARTESIAN_POINT('',(21.6191296585771,11.6559379398611,1.87265500594808));
#358=CARTESIAN_POINT('',(21.6191089488618,11.6559379398611,1.87277620211955));
#359=CARTESIAN_POINT('',(21.6190904036209,11.6559379398611,1.87289775747356));
#360=EDGE_CURVE('Edge_3',#237,#239,#240,.T.);
#361=CARTESIAN_POINT('',(23.1173106856153,1.47540983606557,-1.66243352463652));
#362=VERTEX_POINT('',#361);
#363=CARTESIAN_POINT('',(22.6181386252028,11.6559379398611,1.91651714483889));
#364=VERTEX_POINT('',#363);
#365=B_SPLINE_CURVE_WITH_KNOTS('Curve_4',1,(#366, #367, #368, #369, #370, #371, #372, #373, #374, #375, #376, #377, #378, #379, #380, #381, #382),.POLYLINE_FORM.,.F.,.F.,(2,1,1,1,1,1,1,1,1,1,1,1,1,1,1,1,2),(0.,1.,2.,3.,4.,5.,6.,7.,8.,9.,10.,11.,12.,13.,14.,15.,16.),.UNIFORM_KNOTS.);
#366=CARTESIAN_POINT('',(23.1173106856153,1.47540983606557,-1.66243352463652));
#367=CARTESIAN_POINT('',(23.0861124318395,2.11169284255279,-1.43874910779431));
#368=CARTESIAN_POINT('',(23.0549141780637,2.74797584904001,-1.2150646909521));
#369=CARTESIAN_POINT('',(23.0237159242879,3.38425885552723,-0.991380274109884));
#370=CARTESIAN_POINT('',(22.9925176705122,4.02054186201446,-0.76769585726767));
#371=CARTESIAN_POINT('',(22.9613194167364,4.65682486850168,-0.544011440425457));
#372=CARTESIAN_POINT('',(22.9301211629606,5.2931078749889,-0.320327023583243));
#373=CARTESIAN_POINT('',(22.8989229091848,5.92939088147612,-0.0966426067410298));
#374=CARTESIAN_POINT('',(22.867724655409,6.56567388796334,0.127041810101184));
#375=CARTESIAN_POINT('',(22.8365264016333,7.20195689445056,0.350726226943397));
#376=CARTESIAN_POINT('',(22.8053281478575,7.83823990093778,0.574410643785611));
#377=CARTESIAN_POINT('',(22.7741298940817,8.474522907425,0.798095060627824));
#378=CARTESIAN_POINT('',(22.7429316403059,9.11080591391222,1.02177947747004));
#379=CARTESIAN_POINT('',(22.7117333865301,9.74708892039944,1.24546389431225));
#380=CARTESIAN_POINT('',(22.6805351327543,10.3833719268867,1.46914831115446));
#381=CARTESIAN_POINT('',(22.6493368789786,11.0196549333739,1.69283272799668));
#382=CARTESIAN_POINT('',(22.6181386252028,11.6559379398611,1.91651714483889));
#383=EDGE_CURVE('Edge_4',#362,#364,#365,.T.);
#384=CARTESIAN_POINT('',(21.6193663834834,1.47540983606557,-1.74093745900094));
#385=VERTEX_POINT('',#384);
#386=CARTESIAN_POINT('',(23.1173106856153,1.47540983606557,-1.66243352463652));
#387=VERTEX_POINT('',#386);
#388=B_SPLINE_CURVE_WITH_KNOTS('Curve_5',1,(#389, #390, #391, #392, #393, #394, #395, #396, #397, #398, #399, #400, #401, #402, #403, #404, #405, #406, #407, #408, #409, #410, #411, #412, #413, #414, #415, #416, #417, #418, #419, #420, #421, #422, #423, #424, #425, #426, #427, #428, #429, #430, #431, #432, #433, #434, #435, #436, #437, #438, #439, #440, #441, #442, #443, #444, #445, #446, #447, #448, #449, #450, #451, #452, #453, #454, #455, #456, #457, #458, #459, #460, #461, #462, #463, #464, #465, #466, #467, #468, #469, #470, #471, #472, #473, #474, #475, #476, #477, #478, #479, #480, #481, #482, #483, #484, #485, #486, #487, #488, #489, #490, #491, #492, #493, #494, #495, #496, #497, #498, #499, #500, #501, #502, #503, #504, #505, #506, #507, #508, #509, #510, #511, #512, #513, #514, #515, #516, #517, #518, #519, #520, #521, #522, #523),.POLYLINE_FORM.,.F.,.F.,(2,1,1,1,1,1,1,1,1,1,1,1,1,1,1,1,1,1,1,1,1,1,1,1,1,1,1,1,1,1,1,1,1,1,1,1,1,1,1,1,1,1,1,1,1,1,1,1,1,1,1,1,1,1,1,1,1,1,1,1,1,1,1,1,1,1,1,1,1,1,1,1,1,1,1,1,1,1,1,1,1,1,1,1,1,1,1,1,1,1,1,1,1,1,1,1,1,1,1,1,1,1,1,1,1,1,1,1,1,1,1,1,1,1,1,1,1,1,1,1,1,1,1,1,1,1,1,1,1,1,1,1,1,1,2),(0.,1.,2.,3.,4.,5.,6.,7.,8.,9.,10.,11.,12.,13.,14.,15.,16.,17.,18.,19.,20.,21.,22.,23.,24.,25.,26.,27.,28.,29.,30.,31.,32.,33.,34.,35.,36.,37.,38.,39.,40.,41.,42.,43.,44.,45.,46.,47.,48.,49.,50.,51.,52.,53.,54.,55.,56.,57.,58.,59.,60.,61.,62.,63.,64.,65.,66.,67.,68.,69.,70.,71.,72.,73.,74.,75.,76.,77.,78.,79.,80.,81.,82.,83.,84.,85.,86.,87.,88.,89.,90.,91.,92.,93.,94.,95.,96.,97.,98.,99.,100.,101.,102.,103.,104.,105.,106.,107.,108.,109.,110.,111.,112.,113.,114.,115.,116.,117.,118.,119.,120.,121.,122.,123.,124.,125.,126.,127.,128.,129.,130.,131.,132.,133.,134.),.UNIFORM_KNOTS.);
#389=CARTESIAN_POINT('',(21.6193663834834,1.47540983606557,-1.74093745900094));
#390=CARTESIAN_POINT('',(21.6193129277297,1.47540983606557,-1.74056723297909));
#391=CARTESIAN_POINT('',(21.6192650394011,1.47540983606557,-1.74019479473734));
#392=CARTESIAN_POINT('',(21.6192228126299,1.47540983606557,-1.73982057343905));
#393=CARTESIAN_POINT('',(21.6191863415483,1.47540983606557,-1.73944499824761));
#394=CARTESIAN_POINT('',(21.6191557202887,1.47540983606557,-1.73906849832636));
#395=CARTESIAN_POINT('',(21.6191310429831,1.47540983606557,-1.73869150283868));
#396=CARTESIAN_POINT('',(21.6191124037639,1.47540983606557,-1.73831444094795));
#397=CARTESIAN_POINT('',(21.6190998967634,1.47540983606557,-1.73793774181753));
#398=CARTESIAN_POINT('',(21.6190934850119,1.47540983606557,-1.73756128473636));
#399=CARTESIAN_POINT('',(21.6190930447289,1.47540983606557,-1.73718473321009));
#400=CARTESIAN_POINT('',(21.6190985398295,1.47540983606557,-1.73680819272713));
#401=CARTESIAN_POINT('',(21.6191099342293,1.47540983606557,-1.73643176877588));
#402=CARTESIAN_POINT('',(21.6191271918434,1.47540983606557,-1.73605556684476));
#403=CARTESIAN_POINT('',(21.6191502765871,1.47540983606557,-1.73567969242217));
#404=CARTESIAN_POINT('',(21.6191791523759,1.47540983606557,-1.73530425099653));
#405=CARTESIAN_POINT('',(21.6192137831249,1.47540983606557,-1.73492934805625));
#406=CARTESIAN_POINT('',(21.6192541590739,1.47540983606557,-1.73455506988731));
#407=CARTESIAN_POINT('',(21.6193002408335,1.47540983606557,-1.73418147282234));
#408=CARTESIAN_POINT('',(21.6193519478755,1.47540983606557,-1.73380861741968));
#409=CARTESIAN_POINT('',(21.6194091996717,1.47540983606557,-1.73343656423765));
#410=CARTESIAN_POINT('',(21.619471915694,1.47540983606557,-1.73306537383461));
#411=CARTESIAN_POINT('',(21.6195400154142,1.47540983606557,-1.73269510676888));
#412=CARTESIAN_POINT('',(21.6196134183041,1.47540983606557,-1.7323258235988));
#413=CARTESIAN_POINT('',(21.6196920438356,1.47540983606557,-1.73195758488272));
#414=CARTESIAN_POINT('',(21.6197758114804,1.47540983606557,-1.73159045117897));
#415=CARTESIAN_POINT('',(21.6198646407105,1.47540983606557,-1.73122448304589));
#416=CARTESIAN_POINT('',(21.6199584509975,1.47540983606557,-1.73085974104181));
#417=CARTESIAN_POINT('',(21.6200571618135,1.47540983606557,-1.73049628572507));
#418=CARTESIAN_POINT('',(21.6201606926301,1.47540983606557,-1.73013417765402));
#419=CARTESIAN_POINT('',(21.6202689629193,1.47540983606557,-1.72977347738699));
#420=CARTESIAN_POINT('',(21.6203818921528,1.47540983606557,-1.72941424548231));
#421=CARTESIAN_POINT('',(21.6204993998025,1.47540983606557,-1.72905654249833));
#422=CARTESIAN_POINT('',(21.6206214052691,1.47540983606557,-1.72870040020318));
#423=CARTESIAN_POINT('',(21.6207478235399,1.47540983606557,-1.728345819439));
#424=CARTESIAN_POINT('',(21.6208785674658,1.47540983606557,-1.72799281437512));
#425=CARTESIAN_POINT('',(21.621013549898,1.47540983606557,-1.72764139918087));
#426=CARTESIAN_POINT('',(21.6211526836877,1.47540983606557,-1.72729158802556));
#427=CARTESIAN_POINT('',(21.621295881686,1.47540983606557,-1.72694339507853));
#428=CARTESIAN_POINT('',(21.6214430567441,1.47540983606557,-1.7265968345091));
#429=CARTESIAN_POINT('',(21.621594121713,1.47540983606557,-1.7262519204866));
#430=CARTESIAN_POINT('',(21.621748989444,1.47540983606557,-1.72590866718036));
#431=CARTESIAN_POINT('',(21.6219075727881,1.47540983606557,-1.7255670887597));
#432=CARTESIAN_POINT('',(21.6220697845965,1.47540983606557,-1.72522719939395));
#433=CARTESIAN_POINT('',(21.6222355377204,1.47540983606557,-1.72488901325244));
#434=CARTESIAN_POINT('',(21.6225773193191,1.47540983606557,-1.72421780731943));
#435=CARTESIAN_POINT('',(21.6229322203932,1.47540983606557,-1.72355358431528));
#436=CARTESIAN_POINT('',(21.6232996405716,1.47540983606557,-1.72289637001978));
#437=CARTESIAN_POINT('',(21.6236791209922,1.47540983606557,-1.72224607335823));
#438=CARTESIAN_POINT('',(21.6240701767275,1.47540983606557,-1.72160263240354));
#439=CARTESIAN_POINT('',(21.6244723228503,1.47540983606557,-1.72096598522859));
#440=CARTESIAN_POINT('',(21.6248850744332,1.47540983606557,-1.72033606990629));
#441=CARTESIAN_POINT('',(21.6253079465488,1.47540983606557,-1.71971282450952));
#442=CARTESIAN_POINT('',(21.6257404542699,1.47540983606557,-1.71909618711119));
#443=CARTESIAN_POINT('',(21.6261821126691,1.47540983606557,-1.71848609578418));
#444=CARTESIAN_POINT('',(21.6266323733471,1.47540983606557,-1.71788242607605));
#445=CARTESIAN_POINT('',(21.6270908201073,1.47540983606557,-1.7172850298307));
#446=CARTESIAN_POINT('',(21.6275571663262,1.47540983606557,-1.71669380956562));
#447=CARTESIAN_POINT('',(21.6280311253802,1.47540983606557,-1.71610866779826));
#448=CARTESIAN_POINT('',(21.6285124106457,1.47540983606557,-1.71552950704608));
#449=CARTESIAN_POINT('',(21.6290007354991,1.47540983606557,-1.71495622982656));
#450=CARTESIAN_POINT('',(21.6294958133169,1.47540983606557,-1.71438873865716));
#451=CARTESIAN_POINT('',(21.6299973574755,1.47540983606557,-1.71382693605535));
#452=CARTESIAN_POINT('',(21.6305049905329,1.47540983606557,-1.71327066583383));
#453=CARTESIAN_POINT('',(21.6310184052067,1.47540983606557,-1.71271977629667));
#454=CARTESIAN_POINT('',(21.6315374201122,1.47540983606557,-1.71217417669833));
#455=CARTESIAN_POINT('',(21.632061853865,1.47540983606557,-1.71163377629326));
#456=CARTESIAN_POINT('',(21.633126252374,1.47540983606557,-1.71056821008081));
#457=CARTESIAN_POINT('',(21.6342101496576,1.47540983606557,-1.70952235169503));
#458=CARTESIAN_POINT('',(21.6353117589653,1.47540983606557,-1.70849528026145));
#459=CARTESIAN_POINT('',(21.6364296360754,1.47540983606557,-1.70748611940398));
#460=CARTESIAN_POINT('',(21.6375628437049,1.47540983606557,-1.70649420990596));
#461=CARTESIAN_POINT('',(21.6387104445707,1.47540983606557,-1.70551889255069));
#462=CARTESIAN_POINT('',(21.6398715013898,1.47540983606557,-1.70455950812151));
#463=CARTESIAN_POINT('',(21.641045076879,1.47540983606557,-1.70361539740171));
#464=CARTESIAN_POINT('',(21.6422302337553,1.47540983606557,-1.70268590117464));
#465=CARTESIAN_POINT('',(21.6434260347357,1.47540983606557,-1.70177036022359));
#466=CARTESIAN_POINT('',(21.6446320588684,1.47540983606557,-1.70086843643094));
#467=CARTESIAN_POINT('',(21.6458480979547,1.47540983606557,-1.69997988948427));
#468=CARTESIAN_POINT('',(21.6470735338408,1.47540983606557,-1.6991042068747));
#469=CARTESIAN_POINT('',(21.648307748373,1.47540983606557,-1.69824087609336));
#470=CARTESIAN_POINT('',(21.6507997659686,1.47540983606557,-1.69654878050113));
#471=CARTESIAN_POINT('',(21.6533211660368,1.47540983606557,-1.69490077234673));
#472=CARTESIAN_POINT('',(21.655869111285,1.47540983606557,-1.69329409710776));
#473=CARTESIAN_POINT('',(21.6584407239065,1.47540983606557,-1.69172581957463));
#474=CARTESIAN_POINT('',(21.6610343508764,1.47540983606557,-1.69019413242878));
#475=CARTESIAN_POINT('',(21.6636483391695,1.47540983606557,-1.68869722835165));
#476=CARTESIAN_POINT('',(21.6662805736064,1.47540983606557,-1.68723278889617));
#477=CARTESIAN_POINT('',(21.6689294010975,1.47540983606557,-1.68579887347075));
#478=CARTESIAN_POINT('',(21.671593861753,1.47540983606557,-1.68439424154014));
#479=CARTESIAN_POINT('',(21.674272995683,1.47540983606557,-1.68301765256907));
#480=CARTESIAN_POINT('',(21.6796714438069,1.47540983606557,-1.6803436413645));
#481=CARTESIAN_POINT('',(21.6851170663503,1.47540983606557,-1.67776691557492));
#482=CARTESIAN_POINT('',(21.6906033670309,1.47540983606557,-1.67527880292632));
#483=CARTESIAN_POINT('',(21.6961265564882,1.47540983606557,-1.67287360807477));
#484=CARTESIAN_POINT('',(21.7016830159859,1.47540983606557,-1.67054587213324));
#485=CARTESIAN_POINT('',(21.7072691267875,1.47540983606557,-1.66829013621473));
#486=CARTESIAN_POINT('',(21.7128817555276,1.47540983606557,-1.66610150661837));
#487=CARTESIAN_POINT('',(21.7185187835405,1.47540983606557,-1.66397638112646));
#488=CARTESIAN_POINT('',(21.7241781141402,1.47540983606557,-1.66191123807674));
#489=CARTESIAN_POINT('',(21.7298576506405,1.47540983606557,-1.65990255580691));
#490=CARTESIAN_POINT('',(21.7412718168979,1.47540983606557,-1.65604487332997));
#491=CARTESIAN_POINT('',(21.7527511267894,1.47540983606557,-1.65238467076184));
#492=CARTESIAN_POINT('',(21.7642856611801,1.47540983606557,-1.64890351668646));
#493=CARTESIAN_POINT('',(21.7758692856588,1.47540983606557,-1.6455894245555));
#494=CARTESIAN_POINT('',(21.7874971617413,1.47540983606557,-1.64243268448254));
#495=CARTESIAN_POINT('',(21.7991627696249,1.47540983606557,-1.63941994316407));
#496=CARTESIAN_POINT('',(21.810863439159,1.47540983606557,-1.63654548401853));
#497=CARTESIAN_POINT('',(21.8225952618486,1.47540983606557,-1.63380093640205));
#498=CARTESIAN_POINT('',(21.8461405481212,1.47540983606557,-1.62867541304171));
#499=CARTESIAN_POINT('',(21.8697795798011,1.47540983606557,-1.62400032647916));
#500=CARTESIAN_POINT('',(21.8934968262936,1.47540983606557,-1.61973956150712));
#501=CARTESIAN_POINT('',(21.9172794790121,1.47540983606557,-1.61586208915503));
#502=CARTESIAN_POINT('',(21.9411185550812,1.47540983606557,-1.61234533138319));
#503=CARTESIAN_POINT('',(21.9650050716252,1.47540983606557,-1.60916671015192));
#504=CARTESIAN_POINT('',(21.9889314155798,1.47540983606557,-1.60630672746536));
#505=CARTESIAN_POINT('',(22.0128924922332,1.47540983606557,-1.60375162129121));
#506=CARTESIAN_POINT('',(22.0368827386749,1.47540983606557,-1.60148624995065));
#507=CARTESIAN_POINT('',(22.0608978600374,1.47540983606557,-1.59949866871746));
#508=CARTESIAN_POINT('',(22.0849328796345,1.47540983606557,-1.59777477012519));
#509=CARTESIAN_POINT('',(22.1089855654279,1.47540983606557,-1.59630813003862));
#510=CARTESIAN_POINT('',(22.1330511660811,1.47540983606557,-1.59508469715861));
#511=CARTESIAN_POINT('',(22.1571282240214,1.47540983606557,-1.59410001620435));
#512=CARTESIAN_POINT('',(22.2053041612359,1.47540983606557,-1.59280726952514));
#513=CARTESIAN_POINT('',(22.25349524361,1.47540983606557,-1.59231599577259));
#514=CARTESIAN_POINT('',(22.3016886756601,1.47540983606557,-1.59243685472311));
#515=CARTESIAN_POINT('',(22.3498774005077,1.47540983606557,-1.59312210988996));
#516=CARTESIAN_POINT('',(22.4462190315019,1.47540983606557,-1.59604407879452));
#517=CARTESIAN_POINT('',(22.5424856949164,1.47540983606557,-1.6008422399816));
#518=CARTESIAN_POINT('',(22.6386526984628,1.47540983606557,-1.60733946217999));
#519=CARTESIAN_POINT('',(22.7347004497226,1.47540983606557,-1.61541148074857));
#520=CARTESIAN_POINT('',(22.8306110026937,1.47540983606557,-1.6249770296239));
#521=CARTESIAN_POINT('',(22.926364907025,1.47540983606557,-1.63600056946615));
#522=CARTESIAN_POINT('',(23.0219408444128,1.47540983606557,-1.64847385474465));
#523=CARTESIAN_POINT('',(23.1173106856153,1.47540983606557,-1.66243352463652));
#524=EDGE_CURVE('Edge_5',#385,#387,#388,.T.);
#525=CARTESIAN_POINT('',(21.6193663834834,1.47540983606557,-1.74093745900094));
#526=VERTEX_POINT('',#525);
#527=CARTESIAN_POINT('',(23.1173106856153,1.47540983606557,-1.66243352463652));
#528=VERTEX_POINT('',#527);
#529=B_SPLINE_CURVE_WITH_KNOTS('Curve_6',1,(#530, #531, #532, #533, #534, #535, #536, #537, #538, #539, #540, #541, #542, #543, #544, #545, #546),.POLYLINE_FORM.,.F.,.F.,(2,1,1,1,1,1,1,1,1,1,1,1,1,1,1,1,2),(0.,1.,2.,3.,4.,5.,6.,7.,8.,9.,10.,11.,12.,13.,14.,15.,16.),.UNIFORM_KNOTS.);
#530=CARTESIAN_POINT('',(21.6193663834834,1.47540983606557,-1.74093745900094));
#531=CARTESIAN_POINT('',(21.6922116434961,1.47540983606557,-1.73014141554956));
#532=CARTESIAN_POINT('',(21.784908833526,1.47540983606557,-1.71789944158022));
#533=CARTESIAN_POINT('',(21.8793681618599,1.47540983606557,-1.70687816262778));
#534=CARTESIAN_POINT('',(21.974438702747,1.47540983606557,-1.69726048198255));
#535=CARTESIAN_POINT('',(22.0697787718724,1.47540983606557,-1.68910498206132));
#536=CARTESIAN_POINT('',(22.1652386247456,1.47540983606557,-1.68244182446968));
#537=CARTESIAN_POINT('',(22.2607340287144,1.47540983606557,-1.67721167976041));
#538=CARTESIAN_POINT('',(22.3561923759854,1.47540983606557,-1.67281487972066));
#539=CARTESIAN_POINT('',(22.4515920792523,1.47540983606557,-1.66911185514409));
#540=CARTESIAN_POINT('',(22.5469266081348,1.47540983606557,-1.66609845974131));
#541=CARTESIAN_POINT('',(22.6421926489967,1.47540983606557,-1.66377463093934));
#542=CARTESIAN_POINT('',(22.7373870756516,1.47540983606557,-1.66213754909905));
#543=CARTESIAN_POINT('',(22.8325054795861,1.47540983606557,-1.6611858298153));
#544=CARTESIAN_POINT('',(22.9275400831032,1.47540983606557,-1.66091822619981));
#545=CARTESIAN_POINT('',(23.0224806133286,1.47540983606557,-1.66133409584671));
#546=CARTESIAN_POINT('',(23.1173106856153,1.47540983606557,-1.66243352463652));
#547=EDGE_CURVE('Edge_6',#526,#528,#529,.T.);
#548=CARTESIAN_POINT('',(23.1173106856153,1.47540983606557,-1.66243352463652));
#549=VERTEX_POINT('',#548);
#550=CARTESIAN_POINT('',(21.6193663834834,1.47540983606557,-1.74093745900094));
#551=VERTEX_POINT('',#550);
#552=B_SPLINE_CURVE_WITH_KNOTS('Curve_7',1,(#553, #554, #555, #556, #557, #558, #559, #560, #561, #562, #563, #564, #565, #566, #567, #568, #569, #570, #571, #572, #573, #574, #575, #576, #577, #578, #579, #580, #581, #582, #583, #584, #585, #586, #587, #588, #589, #590, #591, #592, #593, #594, #595, #596, #597, #598, #599, #600, #601, #602, #603, #604, #605, #606, #607, #608, #609, #610, #611, #612, #613, #614, #615, #616, #617, #618, #619, #620, #621, #622, #623, #624, #625, #626, #627, #628, #629, #630, #631, #632, #633, #634, #635, #636, #637, #638, #639, #640, #641, #642, #643, #644, #645, #646, #647, #648, #649, #650, #651, #652, #653, #654, #655, #656, #657, #658, #659, #660, #661, #662, #663, #664, #665, #666, #667, #668, #669, #670, #671, #672, #673),.POLYLINE_FORM.,.F.,.F.,(2,1,1,1,1,1,1,1,1,1,1,1,1,1,1,1,1,1,1,1,1,1,1,1,1,1,1,1,1,1,1,1,1,1,1,1,1,1,1,1,1,1,1,1,1,1,1,1,1,1,1,1,1,1,1,1,1,1,1,1,1,1,1,1,1,1,1,1,1,1,1,1,1,1,1,1,1,1,1,1,1,1,1,1,1,1,1,1,1,1,1,1,1,1,1,1,1,1,1,1,1,1,1,1,1,1,1,1,1,1,1,1,1,1,1,1,1,1,1,1,2),(0.,1.,2.,3.,4.,5.,6.,7.,8.,9.,10.,11.,12.,13.,14.,15.,16.,17.,18.,19.,20.,21.,22.,23.,24.,25.,26.,27.,28.,29.,30.,31.,32.,33.,34.,35.,36.,37.,38.,39.,40.,41.,42.,43.,44.,45.,46.,47.,48.,49.,50.,51.,52.,53.,54.,55.,56.,57.,58.,59.,60.,61.,62.,63.,64.,65.,66.,67.,68.,69.,70.,71.,72.,73.,74.,75.,76.,77.,78.,79.,80.,81.,82.,83.,84.,85.,86.,87.,88.,89.,90.,91.,92.,93.,94.,95.,96.,97.,98.,99.,100.,101.,102.,103.,104.,105.,106.,107.,108.,109.,110.,111.,112.,113.,114.,115.,116.,117.,118.,119.,120.),.UNIFORM_KNOTS.);
#553=CARTESIAN_POINT('',(23.1173106856153,1.47540983606557,-1.66243352463652));
#554=CARTESIAN_POINT('',(23.0230203822445,1.47540983606557,-1.67419433694877));
#555=CARTESIAN_POINT('',(22.9287152591814,1.47540983606557,-1.68583588293347));
#556=CARTESIAN_POINT('',(22.8343999564784,1.47540983606557,-1.69739463000669));
#557=CARTESIAN_POINT('',(22.7400737015806,1.47540983606557,-1.70886361744953));
#558=CARTESIAN_POINT('',(22.6457325995305,1.47540983606557,-1.72020979969869));
#559=CARTESIAN_POINT('',(22.5513675213533,1.47540983606557,-1.73135467950102));
#560=CARTESIAN_POINT('',(22.4569651270027,1.47540983606557,-1.74217963149366));
#561=CARTESIAN_POINT('',(22.3625073514631,1.47540983606557,-1.75250764955135));
#562=CARTESIAN_POINT('',(22.2679728138187,1.47540983606557,-1.76210736374823));
#563=CARTESIAN_POINT('',(22.1733490254698,1.47540983606557,-1.77078363273501));
#564=CARTESIAN_POINT('',(22.0786596837074,1.47540983606557,-1.77871129540518));
#565=CARTESIAN_POINT('',(21.9838723338687,1.47540983606557,-1.78535425381319));
#566=CARTESIAN_POINT('',(21.9364309367166,1.47540983606557,-1.78791533579521));
#567=CARTESIAN_POINT('',(21.8889567439187,1.47540983606557,-1.7897559987764));
#568=CARTESIAN_POINT('',(21.8652085459934,1.47540983606557,-1.7903355445235));
#569=CARTESIAN_POINT('',(21.8414552740045,1.47540983606557,-1.79063802408925));
#570=CARTESIAN_POINT('',(21.8177000555683,1.47540983606557,-1.79061666907238));
#571=CARTESIAN_POINT('',(21.7939483813931,1.47540983606557,-1.79020945860494));
#572=CARTESIAN_POINT('',(21.7820766562638,1.47540983606557,-1.78983601131321));
#573=CARTESIAN_POINT('',(21.7702096424308,1.47540983606557,-1.78933391239499));
#574=CARTESIAN_POINT('',(21.7583492644636,1.47540983606557,-1.78868989179774));
#575=CARTESIAN_POINT('',(21.7464991104734,1.47540983606557,-1.78788297706183));
#576=CARTESIAN_POINT('',(21.7346627145846,1.47540983606557,-1.78689310624145));
#577=CARTESIAN_POINT('',(21.7228459306158,1.47540983606557,-1.78569301240974));
#578=CARTESIAN_POINT('',(21.7169471746245,1.47540983606557,-1.7850038199203));
#579=CARTESIAN_POINT('',(21.7110564969546,1.47540983606557,-1.78424868200207));
#580=CARTESIAN_POINT('',(21.7051756086218,1.47540983606557,-1.7834214350663));
#581=CARTESIAN_POINT('',(21.699306220642,1.47540983606557,-1.7825159155242));
#582=CARTESIAN_POINT('',(21.6934503553848,1.47540983606557,-1.78152503311188));
#583=CARTESIAN_POINT('',(21.6876116560002,1.47540983606557,-1.78043828222017));
#584=CARTESIAN_POINT('',(21.6847000379432,1.47540983606557,-1.77985542902995));
#585=CARTESIAN_POINT('',(21.6817942646741,1.47540983606557,-1.77924437624239));
#586=CARTESIAN_POINT('',(21.6788948539661,1.47540983606557,-1.77860371303165));
#587=CARTESIAN_POINT('',(21.6760023235924,1.47540983606557,-1.7779320285719));
#588=CARTESIAN_POINT('',(21.6731177209302,1.47540983606557,-1.77722682583012));
#589=CARTESIAN_POINT('',(21.6702424005246,1.47540983606557,-1.77648516578414));
#590=CARTESIAN_POINT('',(21.6673773409014,1.47540983606557,-1.77570497462438));
#591=CARTESIAN_POINT('',(21.6645235205863,1.47540983606557,-1.77488417854126));
#592=CARTESIAN_POINT('',(21.6616824211302,1.47540983606557,-1.77401968254629));
#593=CARTESIAN_POINT('',(21.6588565546326,1.47540983606557,-1.77310696360026));
#594=CARTESIAN_POINT('',(21.6574501226022,1.47540983606557,-1.77263120305635));
#595=CARTESIAN_POINT('',(21.656048445442,1.47540983606557,-1.77214180581758));
#596=CARTESIAN_POINT('',(21.6546518386956,1.47540983606557,-1.77163824489824));
#597=CARTESIAN_POINT('',(21.6532606179066,1.47540983606557,-1.77111999331263));
#598=CARTESIAN_POINT('',(21.6518749785441,1.47540983606557,-1.77058666204079));
#599=CARTESIAN_POINT('',(21.6504953635568,1.47540983606557,-1.77003762138775));
#600=CARTESIAN_POINT('',(21.6491224597075,1.47540983606557,-1.76947198335529));
#601=CARTESIAN_POINT('',(21.6477569537591,1.47540983606557,-1.76888885994523));
#602=CARTESIAN_POINT('',(21.6463995324745,1.47540983606557,-1.76828736315934));
#603=CARTESIAN_POINT('',(21.6450508826165,1.47540983606557,-1.76766660499942));
#604=CARTESIAN_POINT('',(21.643711690948,1.47540983606557,-1.76702569746728));
#605=CARTESIAN_POINT('',(21.6423826442319,1.47540983606557,-1.76636375256469));
#606=CARTESIAN_POINT('',(21.6410647977525,1.47540983606557,-1.7656795566395));
#607=CARTESIAN_POINT('',(21.6397595853179,1.47540983606557,-1.764971704853));
#608=CARTESIAN_POINT('',(21.6391121089137,1.47540983606557,-1.76460854089364));
#609=CARTESIAN_POINT('',(21.6384682614761,1.47540983606557,-1.7642390224272));
#610=CARTESIAN_POINT('',(21.6378281998237,1.47540983606557,-1.76386300260643));
#611=CARTESIAN_POINT('',(21.6371920807751,1.47540983606557,-1.76348033458408));
#612=CARTESIAN_POINT('',(21.6365600784869,1.47540983606557,-1.76309084253439));
#613=CARTESIAN_POINT('',(21.6359324356572,1.47540983606557,-1.76269432357407));
#614=CARTESIAN_POINT('',(21.6353094119157,1.47540983606557,-1.76229059026961));
#615=CARTESIAN_POINT('',(21.6346912668927,1.47540983606557,-1.76187945518747));
#616=CARTESIAN_POINT('',(21.634078260218,1.47540983606557,-1.76146073089412));
#617=CARTESIAN_POINT('',(21.6334706515217,1.47540983606557,-1.76103422995604));
#618=CARTESIAN_POINT('',(21.6328687004337,1.47540983606557,-1.7605997649397));
#619=CARTESIAN_POINT('',(21.6322726665842,1.47540983606557,-1.76015714841158));
#620=CARTESIAN_POINT('',(21.6316828957849,1.47540983606557,-1.75970612869739));
#621=CARTESIAN_POINT('',(21.6310998363261,1.47540983606557,-1.75924645306884));
#622=CARTESIAN_POINT('',(21.6305239015553,1.47540983606557,-1.75877793251136));
#623=CARTESIAN_POINT('',(21.62995550482,1.47540983606557,-1.75830037801038));
#624=CARTESIAN_POINT('',(21.6293950594677,1.47540983606557,-1.75781360055133));
#625=CARTESIAN_POINT('',(21.6288429788458,1.47540983606557,-1.75731741111964));
#626=CARTESIAN_POINT('',(21.6282996763019,1.47540983606557,-1.75681162070074));
#627=CARTESIAN_POINT('',(21.6277655651835,1.47540983606557,-1.75629604028007));
#628=CARTESIAN_POINT('',(21.6272411377224,1.47540983606557,-1.75577043057179));
#629=CARTESIAN_POINT('',(21.6267270423933,1.47540983606557,-1.75523461977684));
#630=CARTESIAN_POINT('',(21.6264740716881,1.47540983606557,-1.75496286153922));
#631=CARTESIAN_POINT('',(21.6262239269075,1.47540983606557,-1.75468852011078));
#632=CARTESIAN_POINT('',(21.6259766890157,1.47540983606557,-1.75441158451845));
#633=CARTESIAN_POINT('',(21.6257324389765,1.47540983606557,-1.75413204378918));
#634=CARTESIAN_POINT('',(21.6254912577538,1.47540983606557,-1.75384988694993));
#635=CARTESIAN_POINT('',(21.6252532263115,1.47540983606557,-1.75356510302762));
#636=CARTESIAN_POINT('',(21.6250184256137,1.47540983606557,-1.75327768104921));
#637=CARTESIAN_POINT('',(21.6247869366241,1.47540983606557,-1.75298761004165));
#638=CARTESIAN_POINT('',(21.6245588403067,1.47540983606557,-1.75269487903189));
#639=CARTESIAN_POINT('',(21.6243342176255,1.47540983606557,-1.75239947704685));
#640=CARTESIAN_POINT('',(21.6241131495443,1.47540983606557,-1.75210139311351));
#641=CARTESIAN_POINT('',(21.6238957170272,1.47540983606557,-1.75180061625879));
#642=CARTESIAN_POINT('',(21.6236820086128,1.47540983606557,-1.75149712549485));
#643=CARTESIAN_POINT('',(21.6234721186621,1.47540983606557,-1.75119092808015));
#644=CARTESIAN_POINT('',(21.623266136872,1.47540983606557,-1.7508820554111));
#645=CARTESIAN_POINT('',(21.6230641529395,1.47540983606557,-1.75057053888413));
#646=CARTESIAN_POINT('',(21.6228662565616,1.47540983606557,-1.75025640989564));
#647=CARTESIAN_POINT('',(21.6226725374353,1.47540983606557,-1.74993969984205));
#648=CARTESIAN_POINT('',(21.6224830852576,1.47540983606557,-1.74962044011978));
#649=CARTESIAN_POINT('',(21.6222979897254,1.47540983606557,-1.74929866212524));
#650=CARTESIAN_POINT('',(21.6221173405358,1.47540983606557,-1.74897439725485));
#651=CARTESIAN_POINT('',(21.6219412273857,1.47540983606557,-1.74864767690501));
#652=CARTESIAN_POINT('',(21.6217697399721,1.47540983606557,-1.74831853247216));
#653=CARTESIAN_POINT('',(21.6216029679919,1.47540983606557,-1.74798699535269));
#654=CARTESIAN_POINT('',(21.6214410011423,1.47540983606557,-1.74765309694303));
#655=CARTESIAN_POINT('',(21.62128392912,1.47540983606557,-1.74731686863959));
#656=CARTESIAN_POINT('',(21.6211318416223,1.47540983606557,-1.74697834183879));
#657=CARTESIAN_POINT('',(21.6209848283459,1.47540983606557,-1.74663754793704));
#658=CARTESIAN_POINT('',(21.6208429505173,1.47540983606557,-1.74629453290221));
#659=CARTESIAN_POINT('',(21.6207062513302,1.47540983606557,-1.74594937906105));
#660=CARTESIAN_POINT('',(21.6205747934326,1.47540983606557,-1.74560217234832));
#661=CARTESIAN_POINT('',(21.6204486394727,1.47540983606557,-1.74525299869874));
#662=CARTESIAN_POINT('',(21.6203278520987,1.47540983606557,-1.74490194404707));
#663=CARTESIAN_POINT('',(21.6202124939586,1.47540983606557,-1.74454909432804));
#664=CARTESIAN_POINT('',(21.6201026277006,1.47540983606557,-1.7441945354764));
#665=CARTESIAN_POINT('',(21.6199983159727,1.47540983606557,-1.74383835342688));
#666=CARTESIAN_POINT('',(21.6198995890485,1.47540983606557,-1.74348076113246));
#667=CARTESIAN_POINT('',(21.619806451777,1.47540983606557,-1.74312186936539));
#668=CARTESIAN_POINT('',(21.6197189286694,1.47540983606557,-1.74276161078929));
#669=CARTESIAN_POINT('',(21.6196370442369,1.47540983606557,-1.74239991806781));
#670=CARTESIAN_POINT('',(21.6195608229909,1.47540983606557,-1.7420367238646));
#671=CARTESIAN_POINT('',(21.6194902894424,1.47540983606557,-1.74167196084329));
#672=CARTESIAN_POINT('',(21.6194254681029,1.47540983606557,-1.74130556166752));
#673=CARTESIAN_POINT('',(21.6193663834834,1.47540983606557,-1.74093745900094));
#674=EDGE_CURVE('Edge_7',#549,#551,#552,.T.);
#675=PLANE('Plane_CCOUBEKYJE, Strut2_Struct0_Skin, 0, 0',#679);
#676=CARTESIAN_POINT('',(22.3593498637243,1.47540983606557,-1.712661264636));
#677=DIRECTION('',(0.,1.,0.));
#678=DIRECTION('',(0.0789938889790227,0.,-0.99687510025277));
#679=AXIS2_PLACEMENT_3D('',#676,#677,#678);
#680=ORIENTED_EDGE('',*,*,#674,.T.);
#681=ORIENTED_EDGE('',*,*,#547,.T.);
#682=EDGE_LOOP('',(#680, #681));
#683=FACE_OUTER_BOUND('',#682,.T.);
#684=ADVANCED_FACE('',(#683),#675,.T.);
#685=PLANE('Plane_CCOUBEKYJE, Strut2_Struct0_Skin, 0, 1',#689);
#686=CARTESIAN_POINT('',(22.3530348882465,1.47540983606557,-1.63296849480531));
#687=DIRECTION('',(0.,1.,-0.));
#688=DIRECTION('',(-0.0789938889790668,0.,0.996875100252766));
#689=AXIS2_PLACEMENT_3D('',#686,#687,#688);
#690=ORIENTED_EDGE('',*,*,#547,.F.);
#691=ORIENTED_EDGE('',*,*,#524,.T.);
#692=EDGE_LOOP('',(#690, #691));
#693=FACE_OUTER_BOUND('',#692,.T.);
#694=ADVANCED_FACE('',(#693),#685,.T.);
#695=B_SPLINE_SURFACE_WITH_KNOTS('Surf_CCOUBEKYJE, Strut2_Struct0_Skin, 0, 2',1,3,((#696, #697, #698, #702, #703, #704, #708, #709, #710, #714, #715, #716, #720, #721, #722, #726, #727, #728, #732, #733, #734, #738, #739, #740, #744, #745, #746, #750, #751, #752, #756, #757, #758, #762, #763, #764, #768, #769, #770, #774, #775, #776, #780, #781, #782, #786, #787, #788, #792, #793, #794, #798, #799, #800, #804, #805, #806, #810, #811, #812, #816, #817, #818, #822, #823, #824, #828, #829, #830, #834, #835, #836, #840, #841, #842, #846, #847, #848, #852, #853, #854, #858, #859, #860, #864, #865, #866, #870, #871, #872, #876, #877, #878, #882, #883, #884, #888, #889, #890, #894, #895, #896, #900, #901, #902, #906, #907, #908, #912, #913, #914, #918, #919, #920, #924, #925, #926, #930, #931, #932, #936, #937, #938, #942, #943, #944, #948, #949, #950, #954, #955, #956, #960, #961, #962, #966, #967, #968, #972, #973, #974, #975),(#699, #700, #701, #705, #706, #707, #711, #712, #713, #717, #718, #719, #723, #724, #725, #729, #730, #731, #735, #736, #737, #741, #742, #743, #747, #748, #749, #753, #754, #755, #759, #760, #761, #765, #766, #767, #771, #772, #773, #777, #778, #779, #783, #784, #785, #789, #790, #791, #795, #796, #797, #801, #802, #803, #807, #808, #809, #813, #814, #815, #819, #820, #821, #825, #826, #827, #831, #832, #833, #837, #838, #839, #843, #844, #845, #849, #850, #851, #855, #856, #857, #861, #862, #863, #867, #868, #869, #873, #874, #875, #879, #880, #881, #885, #886, #887, #891, #892, #893, #897, #898, #899, #903, #904, #905, #909, #910, #911, #915, #916, #917, #921, #922, #923, #927, #928, #929, #933, #934, #935, #939, #940, #941, #945, #946, #947, #951, #952, #953, #957, #958, #959, #963, #964, #965, #969, #970, #971, #976, #977, #978, #979)),.UNSPECIFIED.,.F.,.F.,.F.,(2,2),(4,3,3,3,3,3,3,3,3,3,3,3,3,3,3,3,3,3,3,3,3,3,3,3,3,3,3,3,3,3,3,3,3,3,3,3,3,3,3,3,3,3,3,3,3,3,3,4),(0.,1.),(0.,1.,2.,3.,4.,5.,6.,7.,8.,9.,10.,11.,12.,13.,14.,15.,16.,17.,18.,19.,20.,21.,22.,23.,24.,25.,26.,27.,28.,29.,30.,31.,32.,33.,34.,35.,36.,37.,38.,39.,40.,41.,42.,43.,44.,45.,46.,47.),.PIECEWISE_BEZIER_KNOTS.);
#696=CARTESIAN_POINT('',(23.1173106856153,1.47540983606557,-1.66243352463652));
#697=CARTESIAN_POINT('',(23.0544567486596,1.47540983606557,-1.67032421886066));
#698=CARTESIAN_POINT('',(22.9915889557268,1.47540983606557,-1.67810421047941));
#699=CARTESIAN_POINT('',(22.6181386252028,11.6559379398611,1.91651714483889));
#700=CARTESIAN_POINT('',(22.5763132226696,11.6559379398611,1.91357918539474));
#701=CARTESIAN_POINT('',(22.5344908592469,11.6559379398611,1.91059770212194));
#702=CARTESIAN_POINT('',(22.9287152591814,1.47540983606557,-1.68583588293347));
#703=CARTESIAN_POINT('',(22.865841562636,1.47540983606557,-1.69356755538753));
#704=CARTESIAN_POINT('',(22.8029620010525,1.47540983606557,-1.70125162450266));
#705=CARTESIAN_POINT('',(22.4926737900345,11.6559379398611,1.90754341378645));
#706=CARTESIAN_POINT('',(22.4508567208221,11.6559379398611,1.90448912545096));
#707=CARTESIAN_POINT('',(22.4090450000134,11.6559379398611,1.90136174316536));
#708=CARTESIAN_POINT('',(22.7400737015806,1.47540983606557,-1.70886361744953));
#709=CARTESIAN_POINT('',(22.7086295518446,1.47540983606557,-1.71266961392296));
#710=CARTESIAN_POINT('',(22.677183046638,1.47540983606557,-1.71645621143535));
#711=CARTESIAN_POINT('',(22.3672381365753,11.6559379398611,1.89817079982462));
#712=CARTESIAN_POINT('',(22.3463347048563,11.6559379398611,1.89657532815425));
#713=CARTESIAN_POINT('',(22.3254325020755,11.6559379398611,1.89496385093343));
#714=CARTESIAN_POINT('',(22.6457325995305,1.47540983606557,-1.72020979969869));
#715=CARTESIAN_POINT('',(22.6142821524231,1.47540983606557,-1.72396338796204));
#716=CARTESIAN_POINT('',(22.582827894816,1.47540983606557,-1.72768516217317));
#717=CARTESIAN_POINT('',(22.3045309941235,11.6559379398611,1.89334337329597));
#718=CARTESIAN_POINT('',(22.2836294861716,11.6559379398611,1.89172289565852));
#719=CARTESIAN_POINT('',(22.2627286730485,11.6559379398611,1.89009341760443));
#720=CARTESIAN_POINT('',(22.5513675213533,1.47540983606557,-1.73135467950102));
#721=CARTESIAN_POINT('',(22.5199071478906,1.47540983606557,-1.73502419682886));
#722=CARTESIAN_POINT('',(22.4884407525458,1.47540983606557,-1.73864332532251));
#723=CARTESIAN_POINT('',(22.2418280206448,11.6559379398611,1.88846194426752));
#724=CARTESIAN_POINT('',(22.2209273682412,11.6559379398611,1.88683047093062));
#725=CARTESIAN_POINT('',(22.2000268793293,11.6559379398611,1.88519677129607));
#726=CARTESIAN_POINT('',(22.4569651270027,1.47540983606557,-1.74217963149366));
#727=CARTESIAN_POINT('',(22.4254895014597,1.47540983606557,-1.74571593766482));
#728=CARTESIAN_POINT('',(22.3940046457185,1.47540983606557,-1.74916942151348));
#729=CARTESIAN_POINT('',(22.1791254896669,11.6559379398611,1.88357476420919));
#730=CARTESIAN_POINT('',(22.1582241000044,11.6559379398611,1.88195275712231));
#731=CARTESIAN_POINT('',(22.1373218095914,11.6559379398611,1.88034244258309));
#732=CARTESIAN_POINT('',(22.3625073514631,1.47540983606557,-1.75250764955135));
#733=CARTESIAN_POINT('',(22.3467587043354,1.47540983606557,-1.75417676357029));
#734=CARTESIAN_POINT('',(22.3310067657829,1.47540983606557,-1.75581486586033));
#735=CARTESIAN_POINT('',(22.1164175541854,11.6559379398611,1.87875773943684));
#736=CARTESIAN_POINT('',(22.1059654264824,11.6559379398611,1.87796538786372));
#737=CARTESIAN_POINT('',(22.0955127410256,11.6559379398611,1.87718037942888));
#738=CARTESIAN_POINT('',(22.315251141083,1.47540983606557,-1.75741660277523));
#739=CARTESIAN_POINT('',(22.3073733287331,1.47540983606557,-1.75821747123268));
#740=CARTESIAN_POINT('',(22.2994945948463,1.47540983606557,-1.75900924834634));
#741=CARTESIAN_POINT('',(22.0850593452511,11.6559379398611,1.87640496453173));
#742=CARTESIAN_POINT('',(22.0798326473638,11.6559379398611,1.87601725708316));
#743=CARTESIAN_POINT('',(22.0746057718972,11.6559379398611,1.87563194801901));
#744=CARTESIAN_POINT('',(22.2916148900823,1.47540983606557,-1.75979126491044));
#745=CARTESIAN_POINT('',(22.2837351853184,1.47540983606557,-1.76057328147453));
#746=CARTESIAN_POINT('',(22.2758545096773,1.47540983606557,-1.76134553748906));
#747=CARTESIAN_POINT('',(22.0693786997806,11.6559379398611,1.8752493186392));
#748=CARTESIAN_POINT('',(22.0641516276641,11.6559379398611,1.87486668925939));
#749=CARTESIAN_POINT('',(22.0589243588976,11.6559379398611,1.87448673956393));
#750=CARTESIAN_POINT('',(22.2679728138187,1.47540983606557,-1.76210736374823));
#751=CARTESIAN_POINT('',(22.2600911179601,1.47540983606557,-1.76286919000741));
#752=CARTESIAN_POINT('',(22.2522084225576,1.47540983606557,-1.76362019334684));
#753=CARTESIAN_POINT('',(22.0536968744108,11.6559379398611,1.87410975085273));
#754=CARTESIAN_POINT('',(22.0484693899239,11.6559379398611,1.87373276214154));
#755=CARTESIAN_POINT('',(22.043241725705,11.6559379398611,1.87335830243036));
#756=CARTESIAN_POINT('',(22.2443243764065,1.47540983606557,-1.76435708955014));
#757=CARTESIAN_POINT('',(22.2364403302555,1.47540983606557,-1.76509398575345));
#758=CARTESIAN_POINT('',(22.2285550900368,1.47540983606557,-1.76581839789173));
#759=CARTESIAN_POINT('',(22.0380136949658,11.6559379398611,1.87298904610918));
#760=CARTESIAN_POINT('',(22.0327856642266,11.6559379398611,1.87261978978801));
#761=CARTESIAN_POINT('',(22.0275572466114,11.6559379398611,1.87225597714859));
#762=CARTESIAN_POINT('',(22.2206693736355,1.47540983606557,-1.76653741499606));
#763=CARTESIAN_POINT('',(22.2127836572341,1.47540983606557,-1.76725643210039));
#764=CARTESIAN_POINT('',(22.2048975281454,1.47540983606557,-1.76797085865006));
#765=CARTESIAN_POINT('',(22.0223288129297,11.6559379398611,1.8718923915891));
#766=CARTESIAN_POINT('',(22.0171003792479,11.6559379398611,1.87152880602961));
#767=CARTESIAN_POINT('',(22.0118720134275,11.6559379398611,1.87116427102404));
#768=CARTESIAN_POINT('',(22.1970108491807,1.47540983606557,-1.76867909486618));
#769=CARTESIAN_POINT('',(22.1891241702159,1.47540983606557,-1.7693873310823));
#770=CARTESIAN_POINT('',(22.1812369413752,1.47540983606557,-1.77008937696488));
#771=CARTESIAN_POINT('',(22.0066436811642,11.6559379398611,1.87079926415318));
#772=CARTESIAN_POINT('',(22.001415348901,11.6559379398611,1.87043425728232));
#773=CARTESIAN_POINT('',(21.9961870501949,11.6559379398611,1.87006877854618));
#774=CARTESIAN_POINT('',(22.1733490254698,1.47540983606557,-1.77078363273501));
#775=CARTESIAN_POINT('',(22.1654611095644,1.47540983606557,-1.77147788850514));
#776=CARTESIAN_POINT('',(22.1575727049895,1.47540983606557,-1.77216673094843));
#777=CARTESIAN_POINT('',(21.9909587507421,11.6559379398611,1.86970330552555));
#778=CARTESIAN_POINT('',(21.9857304512893,11.6559379398611,1.86933783250492));
#779=CARTESIAN_POINT('',(21.9805022293986,11.6559379398611,1.86897124967815));
#780=CARTESIAN_POINT('',(22.1496836097664,1.47540983606557,-1.77284754353369));
#781=CARTESIAN_POINT('',(22.1417945145433,1.47540983606557,-1.77352835611895));
#782=CARTESIAN_POINT('',(22.1339047286721,1.47540983606557,-1.77420113884618));
#783=CARTESIAN_POINT('',(21.9752740294239,11.6559379398611,1.86860435366393));
#784=CARTESIAN_POINT('',(21.9700458294492,11.6559379398611,1.8682374576497));
#785=CARTESIAN_POINT('',(21.9648176513904,11.6559379398611,1.86787024844802));
#786=CARTESIAN_POINT('',(22.1260140501742,1.47540983606557,-1.77486327518421));
#787=CARTESIAN_POINT('',(22.1181233716764,1.47540983606557,-1.77552541152224));
#788=CARTESIAN_POINT('',(22.1102320290675,1.47540983606557,-1.77618013264475));
#789=CARTESIAN_POINT('',(21.9595894396015,11.6559379398611,1.86750352267757));
#790=CARTESIAN_POINT('',(21.9543612278125,11.6559379398611,1.86713679690711));
#791=CARTESIAN_POINT('',(21.9491329822934,11.6559379398611,1.86677055456788));
#792=CARTESIAN_POINT('',(22.1023396970834,1.47540983606557,-1.77682238931173));
#793=CARTESIAN_POINT('',(22.0944473650993,1.47540983606557,-1.77746464597871));
#794=CARTESIAN_POINT('',(22.0865539647572,1.47540983606557,-1.77809322405932));
#795=CARTESIAN_POINT('',(21.943904647398,11.6559379398611,1.86640559227855));
#796=CARTESIAN_POINT('',(21.9386763125025,11.6559379398611,1.86604062998921));
#797=CARTESIAN_POINT('',(21.9334478882307,11.6559379398611,1.86567694774978));
#798=CARTESIAN_POINT('',(22.0786596837074,1.47540983606557,-1.77871129540518));
#799=CARTESIAN_POINT('',(22.0628711216076,1.47540983606557,-1.7799474380969));
#800=CARTESIAN_POINT('',(22.0470783283977,1.47540983606557,-1.78112903947025));
#801=CARTESIAN_POINT('',(21.9282193189364,11.6559379398611,1.86531534217893));
#802=CARTESIAN_POINT('',(21.9177621803478,11.6559379398611,1.86459213103723));
#803=CARTESIAN_POINT('',(21.9073045476731,11.6559379398611,1.86387567947787));
#804=CARTESIAN_POINT('',(22.0312807256472,1.47540983606557,-1.7822437086187));
#805=CARTESIAN_POINT('',(22.023381924272,1.47540983606557,-1.78280104319293));
#806=CARTESIAN_POINT('',(22.0154817912272,1.47540983606557,-1.78333814083539));
#807=CARTESIAN_POINT('',(21.8968459034784,11.6559379398611,1.86317451810337));
#808=CARTESIAN_POINT('',(21.891616581381,11.6559379398611,1.86282393741611));
#809=CARTESIAN_POINT('',(21.8863870064036,11.6559379398611,1.86247717927507));
#810=CARTESIAN_POINT('',(22.0075804331545,1.47540983606557,-1.78385830867125));
#811=CARTESIAN_POINT('',(21.9996790750819,1.47540983606557,-1.78437847650711));
#812=CARTESIAN_POINT('',(21.991776420455,1.47540983606557,-1.78487849683189));
#813=CARTESIAN_POINT('',(21.881157113867,11.6559379398611,1.86213531000556));
#814=CARTESIAN_POINT('',(21.8759272213303,11.6559379398611,1.86179344073605));
#815=CARTESIAN_POINT('',(21.8706970112344,11.6559379398611,1.86145646033806));
#816=CARTESIAN_POINT('',(21.9838723338687,1.47540983606557,-1.78535425381319));
#817=CARTESIAN_POINT('',(21.9680641606962,1.47540983606557,-1.78630576777578));
#818=CARTESIAN_POINT('',(21.9522502816769,1.47540983606557,-1.78717058670223));
#819=CARTESIAN_POINT('',(21.8654664189,11.6559379398611,1.86112543513691));
#820=CARTESIAN_POINT('',(21.8550052342311,11.6559379398611,1.86046338473462));
#821=CARTESIAN_POINT('',(21.8445425080335,11.6559379398611,1.85982560915038));
#822=CARTESIAN_POINT('',(21.9364309367166,1.47540983606557,-1.78791533579521));
#823=CARTESIAN_POINT('',(21.9285212642364,1.47540983606557,-1.7882877103417));
#824=CARTESIAN_POINT('',(21.920610225271,1.47540983606557,-1.78863006742982));
#825=CARTESIAN_POINT('',(21.8340777912437,11.6559379398611,1.85922149190012));
#826=CARTESIAN_POINT('',(21.8288454328488,11.6559379398611,1.85891943327499));
#827=CARTESIAN_POINT('',(21.8236125487326,11.6559379398611,1.85862682730254));
#828=CARTESIAN_POINT('',(21.9126978498086,1.47540983606557,-1.78893823520991));
#829=CARTESIAN_POINT('',(21.9047854743463,1.47540983606557,-1.78924640299));
#830=CARTESIAN_POINT('',(21.8968717623869,1.47540983606557,-1.78952038146205));
#831=CARTESIAN_POINT('',(21.8183790800137,11.6559379398611,1.8583447944781));
#832=CARTESIAN_POINT('',(21.8131456112948,11.6559379398611,1.85806276165367));
#833=CARTESIAN_POINT('',(21.807911608668,11.6559379398611,1.85779004635242));
#834=CARTESIAN_POINT('',(21.8889567439187,1.47540983606557,-1.7897559987764));
#835=CARTESIAN_POINT('',(21.8731267069825,1.47540983606557,-1.79022723340511));
#836=CARTESIAN_POINT('',(21.857292076359,1.47540983606557,-1.79053621103569));
#837=CARTESIAN_POINT('',(21.8026769122592,11.6559379398611,1.857532200284));
#838=CARTESIAN_POINT('',(21.7922075194416,11.6559379398611,1.85701650814715));
#839=CARTESIAN_POINT('',(21.7817356278875,11.6559379398611,1.85654630356776));
#840=CARTESIAN_POINT('',(21.8414552740045,1.47540983606557,-1.79063802408925));
#841=CARTESIAN_POINT('',(21.8335368728273,1.47540983606557,-1.79068893061604));
#842=CARTESIAN_POINT('',(21.8256183642676,1.47540983606557,-1.79068309392924));
#843=CARTESIAN_POINT('',(21.771260850463,11.6559379398611,1.85615536508834));
#844=CARTESIAN_POINT('',(21.7660234617507,11.6559379398611,1.85595989584863));
#845=CARTESIAN_POINT('',(21.7607853503013,11.6559379398611,1.8557821310399));
#846=CARTESIAN_POINT('',(21.8177000555683,1.47540983606557,-1.79061666907238));
#847=CARTESIAN_POINT('',(21.8137409012187,1.47540983606557,-1.79058345664395));
#848=CARTESIAN_POINT('',(21.8097820714049,1.47540983606557,-1.79053254112144));
#849=CARTESIAN_POINT('',(21.7555465730346,11.6559379398611,1.85562714472297));
#850=CARTESIAN_POINT('',(21.7529271844012,11.6559379398611,1.85554965156451));
#851=CARTESIAN_POINT('',(21.7503076293134,11.6559379398611,1.855477853029));
#852=CARTESIAN_POINT('',(21.8058234323599,1.47540983606557,-1.7904648310991));
#853=CARTESIAN_POINT('',(21.8018647933148,1.47540983606557,-1.79039712107675));
#854=CARTESIAN_POINT('',(21.7979062293975,1.47540983606557,-1.79031379562371));
#855=CARTESIAN_POINT('',(21.7476879148863,11.6559379398611,1.85541238337405));
#856=CARTESIAN_POINT('',(21.7450682004592,11.6559379398611,1.85534691371909));
#857=CARTESIAN_POINT('',(21.7424483266927,11.6559379398611,1.8552877729447));
#858=CARTESIAN_POINT('',(21.7939483813931,1.47540983606557,-1.79020945860494));
#859=CARTESIAN_POINT('',(21.7860326853843,1.47540983606557,-1.7900007845674));
#860=CARTESIAN_POINT('',(21.7781190567111,1.47540983606557,-1.78971412193453));
#861=CARTESIAN_POINT('',(21.7398283007017,11.6559379398611,1.85523559530847));
#862=CARTESIAN_POINT('',(21.7345882487199,11.6559379398611,1.855131240036));
#863=CARTESIAN_POINT('',(21.7293475437081,11.6559379398611,1.8550542312535));
#864=CARTESIAN_POINT('',(21.7702096424308,1.47540983606557,-1.78933391239499));
#865=CARTESIAN_POINT('',(21.7623002281504,1.47540983606557,-1.78895370285545));
#866=CARTESIAN_POINT('',(21.7543948927844,1.47540983606557,-1.78848037878626));
#867=CARTESIAN_POINT('',(21.7241066231959,11.6559379398611,1.85501344566303));
#868=CARTESIAN_POINT('',(21.7188657026838,11.6559379398611,1.85497266007255));
#869=CARTESIAN_POINT('',(21.7136245666713,11.6559379398611,1.8549680976741));
#870=CARTESIAN_POINT('',(21.7464991104734,1.47540983606557,-1.78788297706183));
#871=CARTESIAN_POINT('',(21.7386033281624,1.47540983606557,-1.78728557533741));
#872=CARTESIAN_POINT('',(21.7307155637002,1.47540983606557,-1.78657071148259));
#873=CARTESIAN_POINT('',(21.7083836526882,11.6559379398611,1.85500863516971));
#874=CARTESIAN_POINT('',(21.7031427387051,11.6559379398611,1.85504917266532));
#875=CARTESIAN_POINT('',(21.6979018985897,11.6559379398611,1.8551329275799));
#876=CARTESIAN_POINT('',(21.7228459306158,1.47540983606557,-1.78569301240974));
#877=CARTESIAN_POINT('',(21.7149762975314,1.47540983606557,-1.78481531333688));
#878=CARTESIAN_POINT('',(21.7071236439283,1.47540983606557,-1.783778196024));
#879=CARTESIAN_POINT('',(21.6926630191694,11.6559379398611,1.85528156696773));
#880=CARTESIAN_POINT('',(21.6874241397491,11.6559379398611,1.85543020635556));
#881=CARTESIAN_POINT('',(21.6821865281636,11.6559379398611,1.85563729718829));
#882=CARTESIAN_POINT('',(21.699306220642,1.47540983606557,-1.7825159155242));
#883=CARTESIAN_POINT('',(21.6953975089988,1.47540983606557,-1.7818847752743));
#884=CARTESIAN_POINT('',(21.6914974798134,1.47540983606557,-1.78119724710925));
#885=CARTESIAN_POINT('',(21.6769538242804,11.6559379398611,1.85593379128525));
#886=CARTESIAN_POINT('',(21.6743374723388,11.6559379398611,1.85608203833374));
#887=CARTESIAN_POINT('',(21.6717223871047,11.6559379398611,1.85625258869711));
#888=CARTESIAN_POINT('',(21.6876116560002,1.47540983606557,-1.78043828222017));
#889=CARTESIAN_POINT('',(21.6837258321871,1.47540983606557,-1.77967931733108));
#890=CARTESIAN_POINT('',(21.6798542137463,1.47540983606557,-1.77884891571795));
#891=CARTESIAN_POINT('',(21.6691092301295,11.6559379398611,1.85644998412218));
#892=CARTESIAN_POINT('',(21.6664960731544,11.6559379398611,1.85664737954725));
#893=CARTESIAN_POINT('',(21.6638849716752,11.6559379398611,1.8568725032796));
#894=CARTESIAN_POINT('',(21.6760023235924,1.47540983606557,-1.7779320285719));
#895=CARTESIAN_POINT('',(21.6721504334386,1.47540983606557,-1.77701514142585));
#896=CARTESIAN_POINT('',(21.6683206865674,1.47540983606557,-1.7760065649608));
#897=CARTESIAN_POINT('',(21.6612775881146,11.6559379398611,1.8571340587587));
#898=CARTESIAN_POINT('',(21.658670204554,11.6559379398611,1.8573956142378));
#899=CARTESIAN_POINT('',(21.6560657001492,11.6559379398611,1.85768980185085));
#900=CARTESIAN_POINT('',(21.6645235205863,1.47540983606557,-1.77488417854126));
#901=CARTESIAN_POINT('',(21.6626249375957,1.47540983606557,-1.77432298533149));
#902=CARTESIAN_POINT('',(21.6607348270119,1.47540983606557,-1.7737324540781));
#903=CARTESIAN_POINT('',(21.6534677783457,11.6559379398611,1.8580330955179));
#904=CARTESIAN_POINT('',(21.6521688174439,11.6559379398611,1.85820474235143));
#905=CARTESIAN_POINT('',(21.6508712792766,11.6559379398611,1.85838784201193));
#906=CARTESIAN_POINT('',(21.6588565546326,1.47540983606557,-1.77310696360026));
#907=CARTESIAN_POINT('',(21.6569782822534,1.47540983606557,-1.77248147312243));
#908=CARTESIAN_POINT('',(21.6551118480788,1.47540983606557,-1.77182102342016));
#909=CARTESIAN_POINT('',(21.6495759301188,11.6559379398611,1.85858513949909));
#910=CARTESIAN_POINT('',(21.648280580961,11.6559379398611,1.85878243698625));
#911=CARTESIAN_POINT('',(21.6469874208126,11.6559379398611,1.85899393230008));
#912=CARTESIAN_POINT('',(21.6532606179066,1.47540983606557,-1.77111999331263));
#913=CARTESIAN_POINT('',(21.6495581575623,1.47540983606557,-1.76971793309759));
#914=CARTESIAN_POINT('',(21.6459126317492,1.47540983606557,-1.76815777813058));
#915=CARTESIAN_POINT('',(21.6456972159486,11.6559379398611,1.85922237044026));
#916=CARTESIAN_POINT('',(21.6431168062206,11.6559379398611,1.85967924672061));
#917=CARTESIAN_POINT('',(21.6405470427568,11.6559379398611,1.86020091531783));
#918=CARTESIAN_POINT('',(21.6423826442319,1.47540983606557,-1.76636375256469));
#919=CARTESIAN_POINT('',(21.6406176504732,1.47540983606557,-1.76546673978174));
#920=CARTESIAN_POINT('',(21.638883002039,1.47540983606557,-1.76450977744334));
#921=CARTESIAN_POINT('',(21.6380027181087,11.6559379398611,1.86082831856739));
#922=CARTESIAN_POINT('',(21.6367305557847,11.6559379398611,1.86114202019218));
#923=CARTESIAN_POINT('',(21.6354644060699,11.6559379398611,1.86148127325139));
#924=CARTESIAN_POINT('',(21.6371920807751,1.47540983606557,-1.76348033458408));
#925=CARTESIAN_POINT('',(21.6355011595112,1.47540983606557,-1.76245089172482));
#926=CARTESIAN_POINT('',(21.6338539697496,1.47540983606557,-1.7613484944432));
#927=CARTESIAN_POINT('',(21.6342091596826,11.6559379398611,1.8618568205085));
#928=CARTESIAN_POINT('',(21.6329539132952,11.6559379398611,1.86223236776562));
#929=CARTESIAN_POINT('',(21.6317085904259,11.6559379398611,1.86264224692542));
#930=CARTESIAN_POINT('',(21.6322726665842,1.47540983606557,-1.76015714841158));
#931=CARTESIAN_POINT('',(21.6306913634188,1.47540983606557,-1.75896580237995));
#932=CARTESIAN_POINT('',(21.6291772388454,1.47540983606557,-1.75768414275052));
#933=CARTESIAN_POINT('',(21.6304809765197,11.6559379398611,1.86310064162217));
#934=CARTESIAN_POINT('',(21.6292533626136,11.6559379398611,1.86355903631892));
#935=CARTESIAN_POINT('',(21.6280436693922,11.6559379398611,1.8640667150807));
#936=CARTESIAN_POINT('',(21.6277655651835,1.47540983606557,-1.75629604028007));
#937=CARTESIAN_POINT('',(21.6270597283525,1.47540983606557,-1.75560198904484));
#938=CARTESIAN_POINT('',(21.626379716643,1.47540983606557,-1.75488096900364));
#939=CARTESIAN_POINT('',(21.6268681783375,11.6559379398611,1.86464575758587));
#940=CARTESIAN_POINT('',(21.6262804328102,11.6559379398611,1.86493527883845));
#941=CARTESIAN_POINT('',(21.6257009765366,11.6559379398611,1.8652428149889));
#942=CARTESIAN_POINT('',(21.6257324389765,1.47540983606557,-1.75413204378918));
#943=CARTESIAN_POINT('',(21.62508516131,1.47540983606557,-1.75338311857473));
#944=CARTESIAN_POINT('',(21.6244706176864,1.47540983606557,-1.75260628818702));
#945=CARTESIAN_POINT('',(21.6251353521521,11.6559379398611,1.86557344090028));
#946=CARTESIAN_POINT('',(21.6245697277676,11.6559379398611,1.86590406681167));
#947=CARTESIAN_POINT('',(21.6240179352722,11.6559379398611,1.86625778248398));
#948=CARTESIAN_POINT('',(21.6238957170272,1.47540983606557,-1.75180061625879));
#949=CARTESIAN_POINT('',(21.6233208163679,1.47540983606557,-1.75099494433055));
#950=CARTESIAN_POINT('',(21.6227856892198,1.47540983606557,-1.75016006656578));
#951=CARTESIAN_POINT('',(21.6234855173013,11.6559379398611,1.86663966278028));
#952=CARTESIAN_POINT('',(21.6229530993305,11.6559379398611,1.86702154307658));
#953=CARTESIAN_POINT('',(21.622441088885,11.6559379398611,1.86743224890903));
#954=CARTESIAN_POINT('',(21.6222979897254,1.47540983606557,-1.74929866212524));
#955=CARTESIAN_POINT('',(21.621810290231,1.47540983606557,-1.7484372576847));
#956=CARTESIAN_POINT('',(21.6213700183903,1.47540983606557,-1.74754932656838));
#957=CARTESIAN_POINT('',(21.6219610277893,11.6559379398611,1.86787825580881));
#958=CARTESIAN_POINT('',(21.6214809666936,11.6559379398611,1.86832426270859));
#959=CARTESIAN_POINT('',(21.6210337009573,11.6559379398611,1.86880622472598));
#960=CARTESIAN_POINT('',(21.6209848283459,1.47540983606557,-1.74663754793704));
#961=CARTESIAN_POINT('',(21.6205996383015,1.47540983606557,-1.74572576930569));
#962=CARTESIAN_POINT('',(21.6202690188529,1.47540983606557,-1.74479026010299));
#963=CARTESIAN_POINT('',(21.620638142647,11.6559379398611,1.8693286447285));
#964=CARTESIAN_POINT('',(21.6202425843367,11.6559379398611,1.86985106473101));
#965=CARTESIAN_POINT('',(21.6199001663307,11.6559379398611,1.87041462545507));
#966=CARTESIAN_POINT('',(21.6199983159727,1.47540983606557,-1.74383835342688));
#967=CARTESIAN_POINT('',(21.6198629645326,1.47540983606557,-1.74336240008883));
#968=CARTESIAN_POINT('',(21.6197424534696,1.47540983606557,-1.74288316105397));
#969=CARTESIAN_POINT('',(21.6196350103993,11.6559379398611,1.87101397245618));
#970=CARTESIAN_POINT('',(21.6195024324337,11.6559379398611,1.87131364595673));
#971=CARTESIAN_POINT('',(21.619389555336,11.6559379398611,1.87162229323542));
#972=CARTESIAN_POINT('',(21.6196370442369,1.47540983606557,-1.74239991806781));
#973=CARTESIAN_POINT('',(21.6195316350043,1.47540983606557,-1.74191667508165));
#974=CARTESIAN_POINT('',(21.619441327602,1.47540983606557,-1.7414294281442));
#975=CARTESIAN_POINT('',(21.6193663834834,1.47540983606557,-1.74093745900094));
#976=CARTESIAN_POINT('',(21.6192981854313,11.6559379398611,1.8719371716268));
#977=CARTESIAN_POINT('',(21.6192068155266,11.6559379398611,1.87225205001818));
#978=CARTESIAN_POINT('',(21.6191369528148,11.6559379398611,1.87257315952225));
#979=CARTESIAN_POINT('',(21.6190904036209,11.6559379398611,1.87289775747356));
#980=ORIENTED_EDGE('',*,*,#674,.F.);
#981=ORIENTED_EDGE('',*,*,#383,.T.);
#982=ORIENTED_EDGE('',*,*,#360,.T.);
#983=ORIENTED_EDGE('',*,*,#235,.T.);
#984=EDGE_LOOP('',(#980, #981, #982, #983));
#985=FACE_OUTER_BOUND('',#984,.T.);
#986=ADVANCED_FACE('',(#985),#695,.T.);
#987=B_SPLINE_SURFACE_WITH_KNOTS('Surf_CCOUBEKYJE, Strut2_Struct0_Skin, 0, 3',1,3,((#988, #989, #990, #994, #995, #996, #1000, #1001, #1002, #1006, #1007, #1008, #1012, #1013, #1014, #1018, #1019, #1020, #1024, #1025, #1026, #1030, #1031, #1032, #1036, #1037, #1038, #1042, #1043, #1044, #1048, #1049, #1050, #1054, #1055, #1056, #1060, #1061, #1062, #1066, #1067, #1068, #1072, #1073, #1074, #1078, #1079, #1080, #1084, #1085, #1086, #1090, #1091, #1092, #1096, #1097, #1098, #1102, #1103, #1104, #1108, #1109, #1110, #1114, #1115, #1116, #1120, #1121, #1122, #1126, #1127, #1128, #1132, #1133, #1134, #1138, #1139, #1140, #1144, #1145, #1146, #1150, #1151, #1152, #1156, #1157, #1158, #1162, #1163, #1164, #1168, #1169, #1170, #1174, #1175, #1176, #1180, #1181, #1182, #1186, #1187, #1188, #1192, #1193, #1194, #1198, #1199, #1200, #1204, #1205, #1206, #1210, #1211, #1212, #1216, #1217, #1218, #1222, #1223, #1224, #1228, #1229, #1230, #1234, #1235, #1236, #1240, #1241, #1242, #1246, #1247, #1248, #1252, #1253, #1254, #1258, #1259, #1260, #1264, #1265, #1266, #1267),(#991, #992, #993, #997, #998, #999, #1003, #1004, #1005, #1009, #1010, #1011, #1015, #1016, #1017, #1021, #1022, #1023, #1027, #1028, #1029, #1033, #1034, #1035, #1039, #1040, #1041, #1045, #1046, #1047, #1051, #1052, #1053, #1057, #1058, #1059, #1063, #1064, #1065, #1069, #1070, #1071, #1075, #1076, #1077, #1081, #1082, #1083, #1087, #1088, #1089, #1093, #1094, #1095, #1099, #1100, #1101, #1105, #1106, #1107, #1111, #1112, #1113, #1117, #1118, #1119, #1123, #1124, #1125, #1129, #1130, #1131, #1135, #1136, #1137, #1141, #1142, #1143, #1147, #1148, #1149, #1153, #1154, #1155, #1159, #1160, #1161, #1165, #1166, #1167, #1171, #1172, #1173, #1177, #1178, #1179, #1183, #1184, #1185, #1189, #1190, #1191, #1195, #1196, #1197, #1201, #1202, #1203, #1207, #1208, #1209, #1213, #1214, #1215, #1219, #1220, #1221, #1225, #1226, #1227, #1231, #1232, #1233, #1237, #1238, #1239, #1243, #1244, #1245, #1249, #1250, #1251, #1255, #1256, #1257, #1261, #1262, #1263, #1268, #1269, #1270, #1271)),.UNSPECIFIED.,.F.,.F.,.F.,(2,2),(4,3,3,3,3,3,3,3,3,3,3,3,3,3,3,3,3,3,3,3,3,3,3,3,3,3,3,3,3,3,3,3,3,3,3,3,3,3,3,3,3,3,3,3,3,3,3,4),(0.,1.),(0.,1.,2.,3.,4.,5.,6.,7.,8.,9.,10.,11.,12.,13.,14.,15.,16.,17.,18.,19.,20.,21.,22.,23.,24.,25.,26.,27.,28.,29.,30.,31.,32.,33.,34.,35.,36.,37.,38.,39.,40.,41.,42.,43.,44.,45.,46.,47.),.PIECEWISE_BEZIER_KNOTS.);
#988=CARTESIAN_POINT('',(21.6193663834834,1.47540983606557,-1.74093745900094));
#989=CARTESIAN_POINT('',(21.6192914393648,1.47540983606557,-1.74044548985768));
#990=CARTESIAN_POINT('',(21.6192310906941,1.47540983606557,-1.73994647702571));
#991=CARTESIAN_POINT('',(21.6190904036209,11.6559379398611,1.87289775747356));
#992=CARTESIAN_POINT('',(21.619043854427,11.6559379398611,1.87322235542487));
#993=CARTESIAN_POINT('',(21.6190195133558,11.6559379398611,1.87355617978526));
#994=CARTESIAN_POINT('',(21.6191863415483,1.47540983606557,-1.73944499824761));
#995=CARTESIAN_POINT('',(21.6191415924026,1.47540983606557,-1.7389435194695));
#996=CARTESIAN_POINT('',(21.6191124427819,1.47540983606557,-1.73843957474528));
#997=CARTESIAN_POINT('',(21.6190182262896,11.6559379398611,1.87388787349951));
#998=CARTESIAN_POINT('',(21.6190169392233,11.6559379398611,1.87421956721376));
#999=CARTESIAN_POINT('',(21.6190391888089,11.6559379398611,1.87454957818106));
#1000=CARTESIAN_POINT('',(21.6190998967634,1.47540983606557,-1.73793774181753));
#1001=CARTESIAN_POINT('',(21.6190748047263,1.47540983606557,-1.73693407596202));
#1002=CARTESIAN_POINT('',(21.6191137932556,1.47540983606557,-1.7359282774824));
#1003=CARTESIAN_POINT('',(21.6190830127338,11.6559379398611,1.87487754997626));
#1004=CARTESIAN_POINT('',(21.6191706605837,11.6559379398611,1.87553349356667));
#1005=CARTESIAN_POINT('',(21.6193442848957,11.6559379398611,1.87617637804392));
#1006=CARTESIAN_POINT('',(21.6192137831249,1.47540983606557,-1.73492934805625));
#1007=CARTESIAN_POINT('',(21.6193137729942,1.47540983606557,-1.7339304186301));
#1008=CARTESIAN_POINT('',(21.6194754838102,1.47540983606557,-1.73293810835732));
#1009=CARTESIAN_POINT('',(21.6195813724272,11.6559379398611,1.87679401812218));
#1010=CARTESIAN_POINT('',(21.6198184599586,11.6559379398611,1.87741165820045));
#1011=CARTESIAN_POINT('',(21.6201178471086,11.6559379398611,1.87800435778376));
#1012=CARTESIAN_POINT('',(21.6196920438356,1.47540983606557,-1.73195758488272));
#1013=CARTESIAN_POINT('',(21.6199086038609,1.47540983606557,-1.73097706140813));
#1014=CARTESIAN_POINT('',(21.6201800130957,1.47540983606557,-1.73000832473172));
#1015=CARTESIAN_POINT('',(21.6204591002698,11.6559379398611,1.87857115328936));
#1016=CARTESIAN_POINT('',(21.620800353431,11.6559379398611,1.87913794879496));
#1017=CARTESIAN_POINT('',(21.6211830457656,11.6559379398611,1.87967915529251));
#1018=CARTESIAN_POINT('',(21.6204993998025,1.47540983606557,-1.72905654249833));
#1019=CARTESIAN_POINT('',(21.6208187865092,1.47540983606557,-1.72810476026493));
#1020=CARTESIAN_POINT('',(21.6211861727136,1.47540983606557,-1.7271694832224));
#1021=CARTESIAN_POINT('',(21.6215933409629,11.6559379398611,1.88019804743056));
#1022=CARTESIAN_POINT('',(21.6220036361602,11.6559379398611,1.8807169395686));
#1023=CARTESIAN_POINT('',(21.6224416556907,11.6559379398611,1.88121360647765));
#1024=CARTESIAN_POINT('',(21.621594121713,1.47540983606557,-1.7262519204866));
#1025=CARTESIAN_POINT('',(21.6220020707124,1.47540983606557,-1.7253343577508));
#1026=CARTESIAN_POINT('',(21.6224505825067,1.47540983606557,-1.72443450932174));
#1027=CARTESIAN_POINT('',(21.6228991053529,11.6559379398611,1.88169152525131));
#1028=CARTESIAN_POINT('',(21.623356555015,11.6559379398611,1.88216944402498));
#1029=CARTESIAN_POINT('',(21.6238327732464,11.6559379398611,1.88262909308935));
#1030=CARTESIAN_POINT('',(21.6229322203932,1.47540983606557,-1.72355358431528));
#1031=CARTESIAN_POINT('',(21.6238954961663,1.47540983606557,-1.72179173430235));
#1032=CARTESIAN_POINT('',(21.6249925870804,1.47540983606557,-1.72010433294074));
#1033=CARTESIAN_POINT('',(21.6243232582538,11.6559379398611,1.88307304460152));
#1034=CARTESIAN_POINT('',(21.6253042282686,11.6559379398611,1.88396094762584));
#1035=CARTESIAN_POINT('',(21.6263384220833,11.6559379398611,1.88478860754722));
#1036=CARTESIAN_POINT('',(21.6261821126691,1.47540983606557,-1.71848609578418));
#1037=CARTESIAN_POINT('',(21.6273716382577,1.47540983606557,-1.71686785862762));
#1038=CARTESIAN_POINT('',(21.6286515393747,1.47540983606557,-1.71531757822121));
#1039=CARTESIAN_POINT('',(21.6274042419938,11.6559379398611,1.8855726158682));
#1040=CARTESIAN_POINT('',(21.6284700619043,11.6559379398611,1.88635662418918));
#1041=CARTESIAN_POINT('',(21.6295657578373,11.6559379398611,1.88709861210216));
#1042=CARTESIAN_POINT('',(21.6299973574755,1.47540983606557,-1.71382693605534));
#1043=CARTESIAN_POINT('',(21.6313431755763,1.47540983606557,-1.71233629388947));
#1044=CARTESIAN_POINT('',(21.6327525990193,1.47540983606557,-1.71090401364242));
#1045=CARTESIAN_POINT('',(21.6306826750507,11.6559379398611,1.88780777012363));
#1046=CARTESIAN_POINT('',(21.631799592264,11.6559379398611,1.88851692814509));
#1047=CARTESIAN_POINT('',(21.6329377307577,11.6559379398611,1.88919325627504));
#1048=CARTESIAN_POINT('',(21.6342101496576,1.47540983606557,-1.70952235169503));
#1049=CARTESIAN_POINT('',(21.6371252509343,1.47540983606557,-1.70675902780025));
#1050=CARTESIAN_POINT('',(21.6402238731232,1.47540983606557,-1.70419378169539));
#1051=CARTESIAN_POINT('',(21.6340884357896,11.6559379398611,1.88984594502995));
#1052=CARTESIAN_POINT('',(21.6363898458534,11.6559379398611,1.89115132253978));
#1053=CARTESIAN_POINT('',(21.6387478632633,11.6559379398611,1.89235607696115));
#1054=CARTESIAN_POINT('',(21.6434260347357,1.47540983606557,-1.70177036022359));
#1055=CARTESIAN_POINT('',(21.645027115542,1.47540983606557,-1.70055864948769));
#1056=CARTESIAN_POINT('',(21.646656551301,1.47540983606557,-1.69938397703139));
#1057=CARTESIAN_POINT('',(21.6411347343736,11.6559379398611,1.89349782701409));
#1058=CARTESIAN_POINT('',(21.6423281699287,11.6559379398611,1.89406870204056));
#1059=CARTESIAN_POINT('',(21.643529616851,11.6559379398611,1.89462278297099));
#1060=CARTESIAN_POINT('',(21.648307748373,1.47540983606557,-1.69824087609336));
#1061=CARTESIAN_POINT('',(21.649958945445,1.47540983606557,-1.69709777515532));
#1062=CARTESIAN_POINT('',(21.6516307923347,1.47540983606557,-1.69598509003434));
#1063=CARTESIAN_POINT('',(21.6447375086331,11.6559379398611,1.89516254239159));
#1064=CARTESIAN_POINT('',(21.6459454004152,11.6559379398611,1.89570230181219));
#1065=CARTESIAN_POINT('',(21.647159737057,11.6559379398611,1.89622773972295));
#1066=CARTESIAN_POINT('',(21.6533211660368,1.47540983606557,-1.69490077234673));
#1067=CARTESIAN_POINT('',(21.656701913441,1.47540983606557,-1.69273213697152));
#1068=CARTESIAN_POINT('',(21.6601501819076,1.47540983606557,-1.69067071499469));
#1069=CARTESIAN_POINT('',(21.6483789520511,11.6559379398611,1.89674132871005));
#1070=CARTESIAN_POINT('',(21.6508173820395,11.6559379398611,1.89776850668426));
#1071=CARTESIAN_POINT('',(21.6532769626135,11.6559379398611,1.89874571798278));
#1072=CARTESIAN_POINT('',(21.6636483391695,1.47540983606557,-1.68869722835165));
#1073=CARTESIAN_POINT('',(21.6671464964315,1.47540983606557,-1.68672374170862));
#1074=CARTESIAN_POINT('',(21.6706914615444,1.47540983606557,-1.68483496057314));
#1075=CARTESIAN_POINT('',(21.6557494767555,11.6559379398611,1.89968757890198));
#1076=CARTESIAN_POINT('',(21.6582219908975,11.6559379398611,1.90062943982119));
#1077=CARTESIAN_POINT('',(21.6607096729729,11.6559379398611,1.90153193318654));
#1078=CARTESIAN_POINT('',(21.674272995683,1.47540983606557,-1.68301765256907));
#1079=CARTESIAN_POINT('',(21.6778545298215,1.47540983606557,-1.681200344565));
#1080=CARTESIAN_POINT('',(21.6814726329857,1.47540983606557,-1.67945450969233));
#1081=CARTESIAN_POINT('',(21.6632079892145,11.6559379398611,1.90240369411784));
#1082=CARTESIAN_POINT('',(21.6657063054561,11.6559379398611,1.90327545504915));
#1083=CARTESIAN_POINT('',(21.6682150464076,11.6559379398611,1.90411696312422));
#1084=CARTESIAN_POINT('',(21.6851170663503,1.47540983606557,-1.67776691557492));
#1085=CARTESIAN_POINT('',(21.6924059330794,1.47540983606557,-1.67439172734009));
#1086=CARTESIAN_POINT('',(21.6998028198432,1.47540983606557,-1.67125221026275));
#1087=CARTESIAN_POINT('',(21.6707321519256,11.6559379398611,1.90493258877009));
#1088=CARTESIAN_POINT('',(21.6757663629616,11.6559379398611,1.90656384006184));
#1089=CARTESIAN_POINT('',(21.6808343810065,11.6559379398611,1.9080904363553));
#1090=CARTESIAN_POINT('',(21.7072691267875,1.47540983606557,-1.66829013621473));
#1091=CARTESIAN_POINT('',(21.7147354337318,1.47540983606557,-1.66532806216671));
#1092=CARTESIAN_POINT('',(21.7222723965669,1.47540983606557,-1.66254472349665));
#1093=CARTESIAN_POINT('',(21.6859234109168,11.6559379398611,1.90954119216464));
#1094=CARTESIAN_POINT('',(21.6910124408271,11.6559379398611,1.91099194797397));
#1095=CARTESIAN_POINT('',(21.6961249950489,11.6559379398611,1.91236110177937));
#1096=CARTESIAN_POINT('',(21.7298576506405,1.47540983606557,-1.65990255580691));
#1097=CARTESIAN_POINT('',(21.737442904714,1.47540983606557,-1.65726038811717));
#1098=CARTESIAN_POINT('',(21.7450790145371,1.47540983606557,-1.65476353190651));
#1099=CARTESIAN_POINT('',(21.7012528016447,11.6559379398611,1.9136686712655));
#1100=CARTESIAN_POINT('',(21.7063806082405,11.6559379398611,1.91497624075162));
#1101=CARTESIAN_POINT('',(21.711524394203,11.6559379398611,1.91622044726201));
#1102=CARTESIAN_POINT('',(21.7527511267894,1.47540983606557,-1.65238467076184));
#1103=CARTESIAN_POINT('',(21.7604232390417,1.47540983606557,-1.65000580961717));
#1104=CARTESIAN_POINT('',(21.7681317199559,1.47540983606557,-1.64774553644096));
#1105=CARTESIAN_POINT('',(21.7166809863436,11.6559379398611,1.91740963028672));
#1106=CARTESIAN_POINT('',(21.7218375784842,11.6559379398611,1.91859881331143));
#1107=CARTESIAN_POINT('',(21.7270069768027,11.6559379398611,1.91973297285045));
#1108=CARTESIAN_POINT('',(21.7758692856588,1.47540983606557,-1.6455894245555));
#1109=CARTESIAN_POINT('',(21.7797380685103,1.47540983606557,-1.64451136861277));
#1110=CARTESIAN_POINT('',(21.7836148249253,1.47540983606557,-1.64346076093517));
#1111=CARTESIAN_POINT('',(21.7321860081106,11.6559379398611,1.92082044839386));
#1112=CARTESIAN_POINT('',(21.7347755237645,11.6559379398611,1.92136418616556));
#1113=CARTESIAN_POINT('',(21.737367499455,11.6559379398611,1.92189612786362));
#1114=CARTESIAN_POINT('',(21.7874971617413,1.47540983606557,-1.64243268448254));
#1115=CARTESIAN_POINT('',(21.7913794985574,1.47540983606557,-1.64140460802991));
#1116=CARTESIAN_POINT('',(21.7952678620164,1.47540983606557,-1.64040001933191));
#1117=CARTESIAN_POINT('',(21.7399617192407,11.6559379398611,1.92241688481246));
#1118=CARTESIAN_POINT('',(21.7425559390263,11.6559379398611,1.9229376417613));
#1119=CARTESIAN_POINT('',(21.7451524029072,11.6559379398611,1.92344721396093));
#1120=CARTESIAN_POINT('',(21.7991627696249,1.47540983606557,-1.63941994316407));
#1121=CARTESIAN_POINT('',(21.8069525848418,1.47540983606557,-1.6374597908284));
#1122=CARTESIAN_POINT('',(21.8147639090909,1.47540983606557,-1.63558787336565));
#1123=CARTESIAN_POINT('',(21.7477508949419,11.6559379398611,1.92394621273576));
#1124=CARTESIAN_POINT('',(21.7529478790113,11.6559379398611,1.92494421028544));
#1125=CARTESIAN_POINT('',(21.7581529756961,11.6559379398611,1.92589991413596));
#1126=CARTESIAN_POINT('',(21.8225952618486,1.47540983606557,-1.63380093640205));
#1127=CARTESIAN_POINT('',(21.838257967364,1.47540983606557,-1.63022706247485));
#1128=CARTESIAN_POINT('',(21.8539918804093,1.47540983606557,-1.62697361800932));
#1129=CARTESIAN_POINT('',(21.7633644574654,11.6559379398611,1.92681821488277));
#1130=CARTESIAN_POINT('',(21.7737874210039,11.6559379398611,1.92865481637638));
#1131=CARTESIAN_POINT('',(21.7842389672018,11.6559379398611,1.93033306006399));
#1132=CARTESIAN_POINT('',(21.8697795798011,1.47540983606557,-1.62400032647916));
#1133=CARTESIAN_POINT('',(21.8776734294969,1.47540983606557,-1.62251368071408));
#1134=CARTESIAN_POINT('',(21.8855796773764,1.47540983606557,-1.62109468005894));
#1135=CARTESIAN_POINT('',(21.7947082258656,11.6559379398611,1.93188477570423));
#1136=CARTESIAN_POINT('',(21.7999428551976,11.6559379398611,1.93266063352435));
#1137=CARTESIAN_POINT('',(21.8051828017393,11.6559379398611,1.93340222815723));
#1138=CARTESIAN_POINT('',(21.8934968262936,1.47540983606557,-1.61973956150712));
#1139=CARTESIAN_POINT('',(21.9014139752107,1.47540983606557,-1.61838444295531));
#1140=CARTESIAN_POINT('',(21.9093420251655,1.47540983606557,-1.61709320650681));
#1141=CARTESIAN_POINT('',(21.8104266801424,11.6559379398611,1.93411372098667));
#1142=CARTESIAN_POINT('',(21.8156705585454,11.6559379398611,1.93482521381611));
#1143=CARTESIAN_POINT('',(21.8209184425513,11.6559379398611,1.93550636704004));
#1144=CARTESIAN_POINT('',(21.9172794790121,1.47540983606557,-1.61586208915503));
#1145=CARTESIAN_POINT('',(21.9331543867052,1.47540983606557,-1.61339985445146));
#1146=CARTESIAN_POINT('',(21.9490669099654,1.47540983606557,-1.61117809613473));
#1147=CARTESIAN_POINT('',(21.8261702369316,11.6559379398611,1.93615748868216));
#1148=CARTESIAN_POINT('',(21.836673825692,11.6559379398611,1.9374597319664));
#1149=CARTESIAN_POINT('',(21.8471913563725,11.6559379398611,1.938646944679));
#1150=CARTESIAN_POINT('',(21.9650050716252,1.47540983606557,-1.60916671015192));
#1151=CARTESIAN_POINT('',(21.9729741524552,1.47540983606557,-1.60816101716052));
#1152=CARTESIAN_POINT('',(21.9809498896259,1.47540983606557,-1.60720846593691));
#1153=CARTESIAN_POINT('',(21.8577196097633,11.6559379398611,1.93972898675429));
#1154=CARTESIAN_POINT('',(21.8629837364587,11.6559379398611,1.94027000779193));
#1155=CARTESIAN_POINT('',(21.868250972983,11.6559379398611,1.94078341597673));
#1156=CARTESIAN_POINT('',(21.9889314155798,1.47540983606557,-1.60630672746536));
#1157=CARTESIAN_POINT('',(21.9969129415337,1.47540983606557,-1.60540498899382));
#1158=CARTESIAN_POINT('',(22.0049002562707,1.47540983606557,-1.60455406327435));
#1159=CARTESIAN_POINT('',(21.8735202292292,11.6559379398611,1.94127257501887));
#1160=CARTESIAN_POINT('',(21.8787894854754,11.6559379398611,1.94176173406102));
#1161=CARTESIAN_POINT('',(21.8840608924494,11.6559379398611,1.94222623494753));
#1162=CARTESIAN_POINT('',(22.0128924922332,1.47540983606557,-1.60375162129121));
#1163=CARTESIAN_POINT('',(22.0288769641581,1.47540983606557,-1.60214673732495));
#1164=CARTESIAN_POINT('',(22.0448802215515,1.47540983606557,-1.60073316587389));
#1165=CARTESIAN_POINT('',(21.8893346399726,11.6559379398611,1.94266549727256));
#1166=CARTESIAN_POINT('',(21.8998821350189,11.6559379398611,1.94354402192264));
#1167=CARTESIAN_POINT('',(21.9104372902085,11.6559379398611,1.94432685847969));
#1168=CARTESIAN_POINT('',(22.0608978600374,1.47540983606557,-1.59949866871746));
#1169=CARTESIAN_POINT('',(22.0689066792804,1.47540983606557,-1.59888142013924));
#1170=CARTESIAN_POINT('',(22.0769181671474,1.47540983606557,-1.59830623361351));
#1171=CARTESIAN_POINT('',(21.9209985085089,11.6559379398611,1.94501901013555));
#1172=CARTESIAN_POINT('',(21.9262791176591,11.6559379398611,1.94536508596348));
#1173=CARTESIAN_POINT('',(21.9315611708906,11.6559379398611,1.94568883314541));
#1174=CARTESIAN_POINT('',(22.0849328796345,1.47540983606557,-1.59777477012519));
#1175=CARTESIAN_POINT('',(22.0929475921215,1.47540983606557,-1.59724330663687));
#1176=CARTESIAN_POINT('',(22.1009656844064,1.47540983606557,-1.59675599296951));
#1177=CARTESIAN_POINT('',(21.9368444663549,11.6559379398611,1.94599079412274));
#1178=CARTESIAN_POINT('',(21.9421277618191,11.6559379398611,1.94629275510006));
#1179=CARTESIAN_POINT('',(21.947412299516,11.6559379398611,1.94657292987277));
#1180=CARTESIAN_POINT('',(22.1089855654279,1.47540983606557,-1.59630813003862));
#1181=CARTESIAN_POINT('',(22.1170054464494,1.47540983606557,-1.59586026710773));
#1182=CARTESIAN_POINT('',(22.1250270414471,1.47540983606557,-1.59545165107803));
#1183=CARTESIAN_POINT('',(21.9526978775968,11.6559379398611,1.94683186088226));
#1184=CARTESIAN_POINT('',(21.9579834556776,11.6559379398611,1.94709079189174));
#1185=CARTESIAN_POINT('',(21.9632700741424,11.6559379398611,1.947328479138));
#1186=CARTESIAN_POINT('',(22.1330511660811,1.47540983606557,-1.59508469715861));
#1187=CARTESIAN_POINT('',(22.1410752907151,1.47540983606557,-1.5947177432392));
#1188=CARTESIAN_POINT('',(22.1491014202966,1.47540983606557,-1.59439086817494));
#1189=CARTESIAN_POINT('',(21.9685575311423,11.6559379398611,1.94754546506242));
#1190=CARTESIAN_POINT('',(21.9738449881423,11.6559379398611,1.94776245098683));
#1191=CARTESIAN_POINT('',(21.9791332836774,11.6559379398611,1.9479587355894));
#1192=CARTESIAN_POINT('',(22.1571282240214,1.47540983606557,-1.59410001620435));
#1193=CARTESIAN_POINT('',(22.1651550277461,1.47540983606557,-1.59380916423376));
#1194=CARTESIAN_POINT('',(22.1731836060001,1.47540983606557,-1.59355929690423));
#1195=CARTESIAN_POINT('',(21.984422215899,11.6559379398611,1.94813486131151));
#1196=CARTESIAN_POINT('',(21.9897111481206,11.6559379398611,1.94831098703363));
#1197=CARTESIAN_POINT('',(21.9950009700951,11.6559379398611,1.94846561638528));
#1198=CARTESIAN_POINT('',(22.1812132951188,1.47540983606557,-1.593345898484));
#1199=CARTESIAN_POINT('',(22.1892429842375,1.47540983606557,-1.59313250006376));
#1200=CARTESIAN_POINT('',(22.1972733199805,1.47540983606557,-1.59295202841045));
#1201=CARTESIAN_POINT('',(22.0002911609048,11.6559379398611,1.94860270668455));
#1202=CARTESIAN_POINT('',(22.0055813517144,11.6559379398611,1.94873979698382));
#1203=CARTESIAN_POINT('',(22.0108717416093,11.6559379398611,1.94886090535473));
#1204=CARTESIAN_POINT('',(22.2053041612359,1.47540983606557,-1.59280726952514));
#1205=CARTESIAN_POINT('',(22.2133350024914,1.47540983606557,-1.59266251063984));
#1206=CARTESIAN_POINT('',(22.2213668852983,1.47540983606557,-1.59255772077545));
#1207=CARTESIAN_POINT('',(22.0161626914484,11.6559379398611,1.94896106310628));
#1208=CARTESIAN_POINT('',(22.0214536412875,11.6559379398611,1.94906122085783));
#1209=CARTESIAN_POINT('',(22.0267450491295,11.6559379398611,1.94914246949326));
#1210=CARTESIAN_POINT('',(22.2293989614232,1.47540983606557,-1.59247956520586));
#1211=CARTESIAN_POINT('',(22.2374310375482,1.47540983606557,-1.59240140963628));
#1212=CARTESIAN_POINT('',(22.2454630108165,1.47540983606557,-1.59234570603572));
#1213=CARTESIAN_POINT('',(22.032036511395,11.6559379398611,1.94921271513931));
#1214=CARTESIAN_POINT('',(22.0373279736605,11.6559379398611,1.94928296078535));
#1215=CARTESIAN_POINT('',(22.0426194401827,11.6559379398611,1.94934343306601));
#1216=CARTESIAN_POINT('',(22.25349524361,1.47540983606557,-1.59231599577259));
#1217=CARTESIAN_POINT('',(22.2615274764036,1.47540983606557,-1.59228628550947));
#1218=CARTESIAN_POINT('',(22.2695599888911,1.47540983606557,-1.59228356696771));
#1219=CARTESIAN_POINT('',(22.047911159624,11.6559379398611,1.94938958276928));
#1220=CARTESIAN_POINT('',(22.0532028790654,11.6559379398611,1.94943573247254));
#1221=CARTESIAN_POINT('',(22.0584946847449,11.6559379398611,1.94946954220007));
#1222=CARTESIAN_POINT('',(22.2775923124711,1.47540983606557,-1.59230436293809));
#1223=CARTESIAN_POINT('',(22.285624636051,1.47540983606557,-1.59232515890847));
#1224=CARTESIAN_POINT('',(22.2936566367339,1.47540983606557,-1.59236848157722));
#1225=CARTESIAN_POINT('',(22.0637865328275,11.6559379398611,1.94949131442433));
#1226=CARTESIAN_POINT('',(22.0690783809102,11.6559379398611,1.9495130866486));
#1227=CARTESIAN_POINT('',(22.0743702713959,11.6559379398611,1.94952282136958));
#1228=CARTESIAN_POINT('',(22.3016886756601,1.47540983606557,-1.59243685472311));
#1229=CARTESIAN_POINT('',(22.3177527535126,1.47540983606557,-1.59257360101489));
#1230=CARTESIAN_POINT('',(22.333815870154,1.47540983606557,-1.59280330320448));
#1231=CARTESIAN_POINT('',(22.0796621604497,11.6559379398611,1.94952082105975));
#1232=CARTESIAN_POINT('',(22.0902459385571,11.6559379398611,1.94951682044009));
#1233=CARTESIAN_POINT('',(22.1008297109366,11.6559379398611,1.94946587969715));
#1234=CARTESIAN_POINT('',(22.3498774005077,1.47540983606557,-1.59312210988996));
#1235=CARTESIAN_POINT('',(22.3820004612151,1.47540983606557,-1.59375972326092));
#1236=CARTESIAN_POINT('',(22.4141159184048,1.47540983606557,-1.59474483430567));
#1237=CARTESIAN_POINT('',(22.111413126907,11.6559379398611,1.94937041861056));
#1238=CARTESIAN_POINT('',(22.1325799588479,11.6559379398611,1.94917949643738));
#1239=CARTESIAN_POINT('',(22.1537448859486,11.6559379398611,1.94881377228865));
#1240=CARTESIAN_POINT('',(22.4462190315019,1.47540983606557,-1.59604407879452));
#1241=CARTESIAN_POINT('',(22.478322144599,1.47540983606557,-1.59734332328336));
#1242=CARTESIAN_POINT('',(22.5104121494686,1.47540983606557,-1.59895081356029));
#1243=CARTESIAN_POINT('',(22.1749058895828,11.6559379398611,1.94828726494008));
#1244=CARTESIAN_POINT('',(22.1960668932171,11.6559379398611,1.94776075759152));
#1245=CARTESIAN_POINT('',(22.2172239733848,11.6559379398611,1.94707346704313));
#1246=CARTESIAN_POINT('',(22.5424856949164,1.47540983606557,-1.6008422399816));
#1247=CARTESIAN_POINT('',(22.5745592403641,1.47540983606557,-1.6027336664029));
#1248=CARTESIAN_POINT('',(22.606616052954,1.47540983606557,-1.60490654020241));
#1249=CARTESIAN_POINT('',(22.2383751114597,11.6559379398611,1.94623941207063));
#1250=CARTESIAN_POINT('',(22.2595262495346,11.6559379398611,1.94540535709814));
#1251=CARTESIAN_POINT('',(22.2806714850184,11.6559379398611,1.94442475270746));
#1252=CARTESIAN_POINT('',(22.6386526984628,1.47540983606557,-1.60733946217999));
#1253=CARTESIAN_POINT('',(22.6706893439716,1.47540983606557,-1.60977238415756));
#1254=CARTESIAN_POINT('',(22.7027063599101,1.47540983606557,-1.61246817301918));
#1255=CARTESIAN_POINT('',(22.3018093728586,11.6559379398611,1.94330463234246));
#1256=CARTESIAN_POINT('',(22.3229472606989,11.6559379398611,1.94218451197747));
#1257=CARTESIAN_POINT('',(22.3440778008956,11.6559379398611,1.94092487563816));
#1258=CARTESIAN_POINT('',(22.7347004497226,1.47540983606557,-1.61541148074857));
#1259=CARTESIAN_POINT('',(22.7986886293476,1.47540983606557,-1.62129809620733));
#1260=CARTESIAN_POINT('',(22.8625855922532,1.47540983606557,-1.6281699660515));
#1261=CARTESIAN_POINT('',(22.3651995483964,11.6559379398611,1.93953275676842));
#1262=CARTESIAN_POINT('',(22.407443043398,11.6559379398611,1.93674851902894));
#1263=CARTESIAN_POINT('',(22.4496514237746,11.6559379398611,1.93343461893177));
#1264=CARTESIAN_POINT('',(22.926364907025,1.47540983606557,-1.63600056946615));
#1265=CARTESIAN_POINT('',(22.9901442217968,1.47540983606557,-1.6438311728808));
#1266=CARTESIAN_POINT('',(23.0538061657571,1.47540983606557,-1.6526210750707));
#1267=CARTESIAN_POINT('',(23.1173106856153,1.47540983606557,-1.66243352463652));
#1268=CARTESIAN_POINT('',(22.4918126586789,11.6559379398611,1.92960177550613));
#1269=CARTESIAN_POINT('',(22.5339738935832,11.6559379398611,1.92576893208049));
#1270=CARTESIAN_POINT('',(22.5760880677473,11.6559379398611,1.92141692570145));
#1271=CARTESIAN_POINT('',(22.6181386252028,11.6559379398611,1.91651714483889));
#1272=ORIENTED_EDGE('',*,*,#383,.F.);
#1273=ORIENTED_EDGE('',*,*,#524,.F.);
#1274=ORIENTED_EDGE('',*,*,#235,.F.);
#1275=ORIENTED_EDGE('',*,*,#212,.T.);
#1276=EDGE_LOOP('',(#1272, #1273, #1274, #1275));
#1277=FACE_OUTER_BOUND('',#1276,.T.);
#1278=ADVANCED_FACE('',(#1277),#987,.T.);
#1279=PLANE('Plane_CCOUBEKYJE, Strut2_Struct0_Skin, 0, 4',#1283);
#1280=CARTESIAN_POINT('',(22.1151664473658,11.6559379398611,1.89641090923027));
#1281=DIRECTION('',(-0.,-1.,0.));
#1282=DIRECTION('',(-0.0706941931391199,0.,0.997498035615313));
#1283=AXIS2_PLACEMENT_3D('',#1280,#1281,#1282);
#1284=ORIENTED_EDGE('',*,*,#360,.F.);
#1285=ORIENTED_EDGE('',*,*,#77,.T.);
#1286=EDGE_LOOP('',(#1284, #1285));
#1287=FACE_OUTER_BOUND('',#1286,.T.);
#1288=ADVANCED_FACE('',(#1287),#1279,.T.);
#1289=PLANE('Plane_CCOUBEKYJE, Strut2_Struct0_Skin, 0, 5',#1293);
#1290=CARTESIAN_POINT('',(22.1126642337266,11.6559379398611,1.93171724881713));
#1291=DIRECTION('',(0.,-1.,0.));
#1292=DIRECTION('',(0.0706941931390209,0.,-0.99749803561532));
#1293=AXIS2_PLACEMENT_3D('',#1290,#1291,#1292);
#1294=ORIENTED_EDGE('',*,*,#212,.T.);
#1295=ORIENTED_EDGE('',*,*,#77,.T.);
#1296=EDGE_LOOP('',(#1294, #1295));
#1297=FACE_OUTER_BOUND('',#1296,.T.);
#1298=ADVANCED_FACE('',(#1297),#1289,.T.);
#1299=GEOMETRIC_SET('CCOUBEKYJE, Strut2_Struct0_Skin, 0, 4',(#1279));
#1300=GEOMETRIC_SET('CCOUBEKYJE, Strut2_Struct0_Skin, 0, 2',(#695));
#1301=GEOMETRIC_SET('CCOUBEKYJE, Strut2_Struct0_Skin, 0, 5',(#1289));
#1302=GEOMETRIC_SET('CCOUBEKYJE, Strut2_Struct0_Skin, 0, 1',(#685));
#1303=GEOMETRIC_SET('CCOUBEKYJE, Strut2_Struct0_Skin, 0, 3',(#987));
#1304=GEOMETRIC_SET('CCOUBEKYJE, Strut2_Struct0_Skin, 0, 0',(#675));
#1305=OPEN_SHELL('',(#684, #694, #986, #1278, #1288, #1298));
#1306=SHELL_BASED_SURFACE_MODEL('',(#1305));
#1307=MANIFOLD_SURFACE_SHAPE_REPRESENTATION('',(#1306,#1311),#15);
#1308=CARTESIAN_POINT('',(0.,0.,0.));
#1309=DIRECTION('',(0.,0.,1.));
#1310=DIRECTION('',(1.,0.,0.));
#1311=AXIS2_PLACEMENT_3D('',#1308,#1309,#1310);
#1312=SHAPE_DEFINITION_REPRESENTATION(#28,#1307);
ENDSEC;
END-ISO-10303-21;
